!SESSION 2024-09-10 16:05:55.327 -----------------------------------------------
eclipse.buildId=unknown
java.version=17.0.6
java.vendor=Eclipse Adoptium
BootLoader constants: OS=win32, ARCH=x86_64, WS=win32, NL=ko
Framework arguments:  -eclipse.keyring C:\Users\soldesk\AppData\Roaming\DBeaverData\secure\secure_storage
Command-line arguments:  -os win32 -ws win32 -arch x86_64

This is a continuation of log file C:\source\oraclesource\.metadata\.bak_0.log
Created Time: 2024-09-10 17:14:58.018

!ENTRY org.jkiss.dbeaver.model 4 0 2024-09-10 17:14:58.018
!MESSAGE SQL Error [1031] [42000]: ORA-01031: 권한이 불충분합니다


Error position: line: 1249 pos: 86
!SUBENTRY 1 org.jkiss.dbeaver.model 4 0 2024-09-10 17:14:58.018
!MESSAGE SQL Error [1031] [42000]: ORA-01031: 권한이 불충분합니다

!SUBENTRY 2 org.jkiss.dbeaver.model 4 0 2024-09-10 17:14:58.018
!MESSAGE Error : 1031, Position : 86, Sql = -- EMP 테이블의 20번 부서에 해당하는 사원들의 뷰 생성
CREATE VIEW VIEW_EMP_20 AS (SELECT * FROM EMP WHERE EMPNO = 20), OriginalSql = -- EMP 테이블의 20번 부서에 해당하는 사원들의 뷰 생성
CREATE VIEW VIEW_EMP_20 AS (SELECT * FROM EMP WHERE EMPNO = 20), Error Msg = ORA-01031: 권한이 불충분합니다

!STACK 0
Error : 1031, Position : 86, Sql = -- EMP 테이블의 20번 부서에 해당하는 사원들의 뷰 생성
CREATE VIEW VIEW_EMP_20 AS (SELECT * FROM EMP WHERE EMPNO = 20), OriginalSql = -- EMP 테이블의 20번 부서에 해당하는 사원들의 뷰 생성
CREATE VIEW VIEW_EMP_20 AS (SELECT * FROM EMP WHERE EMPNO = 20), Error Msg = ORA-01031: 권한이 불충분합니다

	at oracle.jdbc.driver.T4CTTIoer11.processError(T4CTTIoer11.java:637)
	at oracle.jdbc.driver.T4CTTIoer11.processError(T4CTTIoer11.java:564)
	at oracle.jdbc.driver.T4C8Oall.processError(T4C8Oall.java:1231)
	at oracle.jdbc.driver.T4CTTIfun.receive(T4CTTIfun.java:772)
	at oracle.jdbc.driver.T4CTTIfun.doRPC(T4CTTIfun.java:299)
	at oracle.jdbc.driver.T4C8Oall.doOALL(T4C8Oall.java:512)
	at oracle.jdbc.driver.T4CStatement.doOall8(T4CStatement.java:123)
	at oracle.jdbc.driver.T4CStatement.executeForRows(T4CStatement.java:1200)
	at oracle.jdbc.driver.OracleStatement.executeSQLStatement(OracleStatement.java:1820)
	at oracle.jdbc.driver.OracleStatement.doExecuteWithTimeout(OracleStatement.java:1472)
	at oracle.jdbc.driver.OracleStatement.executeInternal(OracleStatement.java:2505)
	at oracle.jdbc.driver.OracleStatement.execute(OracleStatement.java:2460)
	at oracle.jdbc.driver.OracleStatementWrapper.execute(OracleStatementWrapper.java:328)
	at org.jkiss.dbeaver.model.impl.jdbc.exec.JDBCStatementImpl.execute(JDBCStatementImpl.java:332)
	at org.jkiss.dbeaver.model.impl.jdbc.exec.JDBCStatementImpl.executeStatement(JDBCStatementImpl.java:131)
	at org.jkiss.dbeaver.ui.editors.sql.execute.SQLQueryJob.executeStatement(SQLQueryJob.java:631)
	at org.jkiss.dbeaver.ui.editors.sql.execute.SQLQueryJob.lambda$2(SQLQueryJob.java:522)
	at org.jkiss.dbeaver.model.exec.DBExecUtils.tryExecuteRecover(DBExecUtils.java:192)
	at org.jkiss.dbeaver.ui.editors.sql.execute.SQLQueryJob.executeSingleQuery(SQLQueryJob.java:541)
	at org.jkiss.dbeaver.ui.editors.sql.execute.SQLQueryJob.extractData(SQLQueryJob.java:1001)
	at org.jkiss.dbeaver.ui.editors.sql.SQLEditor$QueryResultsContainer.readData(SQLEditor.java:4231)
	at org.jkiss.dbeaver.ui.controls.resultset.ResultSetJobDataRead.lambda$0(ResultSetJobDataRead.java:128)
	at org.jkiss.dbeaver.model.exec.DBExecUtils.tryExecuteRecover(DBExecUtils.java:192)
	at org.jkiss.dbeaver.ui.controls.resultset.ResultSetJobDataRead.run(ResultSetJobDataRead.java:126)
	at org.jkiss.dbeaver.ui.controls.resultset.ResultSetViewer$ResultSetDataPumpJob.run(ResultSetViewer.java:5160)
	at org.jkiss.dbeaver.model.runtime.AbstractJob.run(AbstractJob.java:117)
	at org.eclipse.core.internal.jobs.Worker.run(Worker.java:63)

!ENTRY org.jkiss.dbeaver.model 4 0 2024-09-10 17:15:35.040
!MESSAGE SQL Error [1031] [42000]: ORA-01031: 권한이 불충분합니다


Error position: line: 1249 pos: 86
!SUBENTRY 1 org.jkiss.dbeaver.model 4 0 2024-09-10 17:15:35.040
!MESSAGE SQL Error [1031] [42000]: ORA-01031: 권한이 불충분합니다

!SUBENTRY 2 org.jkiss.dbeaver.model 4 0 2024-09-10 17:15:35.040
!MESSAGE Error : 1031, Position : 86, Sql = -- EMP 테이블의 20번 부서에 해당하는 사원들의 뷰 생성
CREATE VIEW VIEW_EMP_20 AS (SELECT EMPNO, ENAME, JOB, DEPTNO FROM EMP WHERE EMPNO = 20), OriginalSql = -- EMP 테이블의 20번 부서에 해당하는 사원들의 뷰 생성
CREATE VIEW VIEW_EMP_20 AS (SELECT EMPNO, ENAME, JOB, DEPTNO FROM EMP WHERE EMPNO = 20), Error Msg = ORA-01031: 권한이 불충분합니다

!STACK 0
Error : 1031, Position : 86, Sql = -- EMP 테이블의 20번 부서에 해당하는 사원들의 뷰 생성
CREATE VIEW VIEW_EMP_20 AS (SELECT EMPNO, ENAME, JOB, DEPTNO FROM EMP WHERE EMPNO = 20), OriginalSql = -- EMP 테이블의 20번 부서에 해당하는 사원들의 뷰 생성
CREATE VIEW VIEW_EMP_20 AS (SELECT EMPNO, ENAME, JOB, DEPTNO FROM EMP WHERE EMPNO = 20), Error Msg = ORA-01031: 권한이 불충분합니다

	at oracle.jdbc.driver.T4CTTIoer11.processError(T4CTTIoer11.java:637)
	at oracle.jdbc.driver.T4CTTIoer11.processError(T4CTTIoer11.java:564)
	at oracle.jdbc.driver.T4C8Oall.processError(T4C8Oall.java:1231)
	at oracle.jdbc.driver.T4CTTIfun.receive(T4CTTIfun.java:772)
	at oracle.jdbc.driver.T4CTTIfun.doRPC(T4CTTIfun.java:299)
	at oracle.jdbc.driver.T4C8Oall.doOALL(T4C8Oall.java:512)
	at oracle.jdbc.driver.T4CStatement.doOall8(T4CStatement.java:123)
	at oracle.jdbc.driver.T4CStatement.executeForRows(T4CStatement.java:1200)
	at oracle.jdbc.driver.OracleStatement.executeSQLStatement(OracleStatement.java:1820)
	at oracle.jdbc.driver.OracleStatement.doExecuteWithTimeout(OracleStatement.java:1472)
	at oracle.jdbc.driver.OracleStatement.executeInternal(OracleStatement.java:2505)
	at oracle.jdbc.driver.OracleStatement.execute(OracleStatement.java:2460)
	at oracle.jdbc.driver.OracleStatementWrapper.execute(OracleStatementWrapper.java:328)
	at org.jkiss.dbeaver.model.impl.jdbc.exec.JDBCStatementImpl.execute(JDBCStatementImpl.java:332)
	at org.jkiss.dbeaver.model.impl.jdbc.exec.JDBCStatementImpl.executeStatement(JDBCStatementImpl.java:131)
	at org.jkiss.dbeaver.ui.editors.sql.execute.SQLQueryJob.executeStatement(SQLQueryJob.java:631)
	at org.jkiss.dbeaver.ui.editors.sql.execute.SQLQueryJob.lambda$2(SQLQueryJob.java:522)
	at org.jkiss.dbeaver.model.exec.DBExecUtils.tryExecuteRecover(DBExecUtils.java:192)
	at org.jkiss.dbeaver.ui.editors.sql.execute.SQLQueryJob.executeSingleQuery(SQLQueryJob.java:541)
	at org.jkiss.dbeaver.ui.editors.sql.execute.SQLQueryJob.extractData(SQLQueryJob.java:1001)
	at org.jkiss.dbeaver.ui.editors.sql.SQLEditor$QueryResultsContainer.readData(SQLEditor.java:4231)
	at org.jkiss.dbeaver.ui.controls.resultset.ResultSetJobDataRead.lambda$0(ResultSetJobDataRead.java:128)
	at org.jkiss.dbeaver.model.exec.DBExecUtils.tryExecuteRecover(DBExecUtils.java:192)
	at org.jkiss.dbeaver.ui.controls.resultset.ResultSetJobDataRead.run(ResultSetJobDataRead.java:126)
	at org.jkiss.dbeaver.ui.controls.resultset.ResultSetViewer$ResultSetDataPumpJob.run(ResultSetViewer.java:5160)
	at org.jkiss.dbeaver.model.runtime.AbstractJob.run(AbstractJob.java:117)
	at org.eclipse.core.internal.jobs.Worker.run(Worker.java:63)

!ENTRY org.jkiss.dbeaver.model 4 0 2024-09-10 17:18:01.571
!MESSAGE SQL Error [1031] [42000]: ORA-01031: 권한이 불충분합니다

!SUBENTRY 1 org.jkiss.dbeaver.model 4 0 2024-09-10 17:18:01.571
!MESSAGE Error : 1031, Position : 0, Sql = -- 권한이 불충분 합니다. // 뷰는 아무나 만들 수 없음
-- 뷰 생정전에는 생성 권한을 부여 받아야함
GRANT CREATE VIEW TO SCOTT, OriginalSql = -- 권한이 불충분 합니다. // 뷰는 아무나 만들 수 없음
-- 뷰 생정전에는 생성 권한을 부여 받아야함
GRANT CREATE VIEW TO SCOTT, Error Msg = ORA-01031: 권한이 불충분합니다

!STACK 0
Error : 1031, Position : 0, Sql = -- 권한이 불충분 합니다. // 뷰는 아무나 만들 수 없음
-- 뷰 생정전에는 생성 권한을 부여 받아야함
GRANT CREATE VIEW TO SCOTT, OriginalSql = -- 권한이 불충분 합니다. // 뷰는 아무나 만들 수 없음
-- 뷰 생정전에는 생성 권한을 부여 받아야함
GRANT CREATE VIEW TO SCOTT, Error Msg = ORA-01031: 권한이 불충분합니다

	at oracle.jdbc.driver.T4CTTIoer11.processError(T4CTTIoer11.java:637)
	at oracle.jdbc.driver.T4CTTIoer11.processError(T4CTTIoer11.java:564)
	at oracle.jdbc.driver.T4C8Oall.processError(T4C8Oall.java:1231)
	at oracle.jdbc.driver.T4CTTIfun.receive(T4CTTIfun.java:772)
	at oracle.jdbc.driver.T4CTTIfun.doRPC(T4CTTIfun.java:299)
	at oracle.jdbc.driver.T4C8Oall.doOALL(T4C8Oall.java:512)
	at oracle.jdbc.driver.T4CStatement.doOall8(T4CStatement.java:123)
	at oracle.jdbc.driver.T4CStatement.executeForRows(T4CStatement.java:1200)
	at oracle.jdbc.driver.OracleStatement.executeSQLStatement(OracleStatement.java:1820)
	at oracle.jdbc.driver.OracleStatement.doExecuteWithTimeout(OracleStatement.java:1472)
	at oracle.jdbc.driver.OracleStatement.executeInternal(OracleStatement.java:2505)
	at oracle.jdbc.driver.OracleStatement.execute(OracleStatement.java:2460)
	at oracle.jdbc.driver.OracleStatementWrapper.execute(OracleStatementWrapper.java:328)
	at org.jkiss.dbeaver.model.impl.jdbc.exec.JDBCStatementImpl.execute(JDBCStatementImpl.java:332)
	at org.jkiss.dbeaver.model.impl.jdbc.exec.JDBCStatementImpl.executeStatement(JDBCStatementImpl.java:131)
	at org.jkiss.dbeaver.ui.editors.sql.execute.SQLQueryJob.executeStatement(SQLQueryJob.java:631)
	at org.jkiss.dbeaver.ui.editors.sql.execute.SQLQueryJob.lambda$2(SQLQueryJob.java:522)
	at org.jkiss.dbeaver.model.exec.DBExecUtils.tryExecuteRecover(DBExecUtils.java:192)
	at org.jkiss.dbeaver.ui.editors.sql.execute.SQLQueryJob.executeSingleQuery(SQLQueryJob.java:541)
	at org.jkiss.dbeaver.ui.editors.sql.execute.SQLQueryJob.extractData(SQLQueryJob.java:1001)
	at org.jkiss.dbeaver.ui.editors.sql.SQLEditor$QueryResultsContainer.readData(SQLEditor.java:4231)
	at org.jkiss.dbeaver.ui.controls.resultset.ResultSetJobDataRead.lambda$0(ResultSetJobDataRead.java:128)
	at org.jkiss.dbeaver.model.exec.DBExecUtils.tryExecuteRecover(DBExecUtils.java:192)
	at org.jkiss.dbeaver.ui.controls.resultset.ResultSetJobDataRead.run(ResultSetJobDataRead.java:126)
	at org.jkiss.dbeaver.ui.controls.resultset.ResultSetViewer$ResultSetDataPumpJob.run(ResultSetViewer.java:5160)
	at org.jkiss.dbeaver.model.runtime.AbstractJob.run(AbstractJob.java:117)
	at org.eclipse.core.internal.jobs.Worker.run(Worker.java:63)

!ENTRY org.jkiss.dbeaver.model 4 0 2024-09-10 17:18:08.938
!MESSAGE SQL Error [1031] [42000]: ORA-01031: 권한이 불충분합니다

!SUBENTRY 1 org.jkiss.dbeaver.model 4 0 2024-09-10 17:18:08.938
!MESSAGE Error : 1031, Position : 0, Sql = GRANT CREATE VIEW TO SCOTT, OriginalSql = GRANT CREATE VIEW TO SCOTT, Error Msg = ORA-01031: 권한이 불충분합니다

!STACK 0
Error : 1031, Position : 0, Sql = GRANT CREATE VIEW TO SCOTT, OriginalSql = GRANT CREATE VIEW TO SCOTT, Error Msg = ORA-01031: 권한이 불충분합니다

	at oracle.jdbc.driver.T4CTTIoer11.processError(T4CTTIoer11.java:637)
	at oracle.jdbc.driver.T4CTTIoer11.processError(T4CTTIoer11.java:564)
	at oracle.jdbc.driver.T4C8Oall.processError(T4C8Oall.java:1231)
	at oracle.jdbc.driver.T4CTTIfun.receive(T4CTTIfun.java:772)
	at oracle.jdbc.driver.T4CTTIfun.doRPC(T4CTTIfun.java:299)
	at oracle.jdbc.driver.T4C8Oall.doOALL(T4C8Oall.java:512)
	at oracle.jdbc.driver.T4CStatement.doOall8(T4CStatement.java:123)
	at oracle.jdbc.driver.T4CStatement.executeForRows(T4CStatement.java:1200)
	at oracle.jdbc.driver.OracleStatement.executeSQLStatement(OracleStatement.java:1820)
	at oracle.jdbc.driver.OracleStatement.doExecuteWithTimeout(OracleStatement.java:1472)
	at oracle.jdbc.driver.OracleStatement.executeInternal(OracleStatement.java:2505)
	at oracle.jdbc.driver.OracleStatement.execute(OracleStatement.java:2460)
	at oracle.jdbc.driver.OracleStatementWrapper.execute(OracleStatementWrapper.java:328)
	at org.jkiss.dbeaver.model.impl.jdbc.exec.JDBCStatementImpl.execute(JDBCStatementImpl.java:332)
	at org.jkiss.dbeaver.model.impl.jdbc.exec.JDBCStatementImpl.executeStatement(JDBCStatementImpl.java:131)
	at org.jkiss.dbeaver.ui.editors.sql.execute.SQLQueryJob.executeStatement(SQLQueryJob.java:631)
	at org.jkiss.dbeaver.ui.editors.sql.execute.SQLQueryJob.lambda$2(SQLQueryJob.java:522)
	at org.jkiss.dbeaver.model.exec.DBExecUtils.tryExecuteRecover(DBExecUtils.java:192)
	at org.jkiss.dbeaver.ui.editors.sql.execute.SQLQueryJob.executeSingleQuery(SQLQueryJob.java:541)
	at org.jkiss.dbeaver.ui.editors.sql.execute.SQLQueryJob.extractData(SQLQueryJob.java:1001)
	at org.jkiss.dbeaver.ui.editors.sql.SQLEditor$QueryResultsContainer.readData(SQLEditor.java:4231)
	at org.jkiss.dbeaver.ui.controls.resultset.ResultSetJobDataRead.lambda$0(ResultSetJobDataRead.java:128)
	at org.jkiss.dbeaver.model.exec.DBExecUtils.tryExecuteRecover(DBExecUtils.java:192)
	at org.jkiss.dbeaver.ui.controls.resultset.ResultSetJobDataRead.run(ResultSetJobDataRead.java:126)
	at org.jkiss.dbeaver.ui.controls.resultset.ResultSetViewer$ResultSetDataPumpJob.run(ResultSetViewer.java:5160)
	at org.jkiss.dbeaver.model.runtime.AbstractJob.run(AbstractJob.java:117)
	at org.eclipse.core.internal.jobs.Worker.run(Worker.java:63)

!ENTRY org.jkiss.dbeaver.model 4 0 2024-09-10 17:18:13.843
!MESSAGE SQL Error [1031] [42000]: ORA-01031: 권한이 불충분합니다


Error position: line: 1253
!SUBENTRY 1 org.jkiss.dbeaver.model 4 0 2024-09-10 17:18:13.844
!MESSAGE SQL Error [1031] [42000]: ORA-01031: 권한이 불충분합니다

!SUBENTRY 2 org.jkiss.dbeaver.model 4 0 2024-09-10 17:18:13.844
!MESSAGE Error : 1031, Position : 0, Sql = GRANT CREATE VIEW TO SCOTT, OriginalSql = GRANT CREATE VIEW TO SCOTT, Error Msg = ORA-01031: 권한이 불충분합니다

!STACK 0
Error : 1031, Position : 0, Sql = GRANT CREATE VIEW TO SCOTT, OriginalSql = GRANT CREATE VIEW TO SCOTT, Error Msg = ORA-01031: 권한이 불충분합니다

	at oracle.jdbc.driver.T4CTTIoer11.processError(T4CTTIoer11.java:637)
	at oracle.jdbc.driver.T4CTTIoer11.processError(T4CTTIoer11.java:564)
	at oracle.jdbc.driver.T4C8Oall.processError(T4C8Oall.java:1231)
	at oracle.jdbc.driver.T4CTTIfun.receive(T4CTTIfun.java:772)
	at oracle.jdbc.driver.T4CTTIfun.doRPC(T4CTTIfun.java:299)
	at oracle.jdbc.driver.T4C8Oall.doOALL(T4C8Oall.java:512)
	at oracle.jdbc.driver.T4CStatement.doOall8(T4CStatement.java:123)
	at oracle.jdbc.driver.T4CStatement.executeForRows(T4CStatement.java:1200)
	at oracle.jdbc.driver.OracleStatement.executeSQLStatement(OracleStatement.java:1820)
	at oracle.jdbc.driver.OracleStatement.doExecuteWithTimeout(OracleStatement.java:1472)
	at oracle.jdbc.driver.OracleStatement.executeInternal(OracleStatement.java:2505)
	at oracle.jdbc.driver.OracleStatement.execute(OracleStatement.java:2460)
	at oracle.jdbc.driver.OracleStatementWrapper.execute(OracleStatementWrapper.java:328)
	at org.jkiss.dbeaver.model.impl.jdbc.exec.JDBCStatementImpl.execute(JDBCStatementImpl.java:332)
	at org.jkiss.dbeaver.model.impl.jdbc.exec.JDBCStatementImpl.executeStatement(JDBCStatementImpl.java:131)
	at org.jkiss.dbeaver.ui.editors.sql.execute.SQLQueryJob.executeStatement(SQLQueryJob.java:631)
	at org.jkiss.dbeaver.ui.editors.sql.execute.SQLQueryJob.lambda$2(SQLQueryJob.java:522)
	at org.jkiss.dbeaver.model.exec.DBExecUtils.tryExecuteRecover(DBExecUtils.java:192)
	at org.jkiss.dbeaver.ui.editors.sql.execute.SQLQueryJob.executeSingleQuery(SQLQueryJob.java:541)
	at org.jkiss.dbeaver.ui.editors.sql.execute.SQLQueryJob.extractData(SQLQueryJob.java:1001)
	at org.jkiss.dbeaver.ui.editors.sql.SQLEditor$QueryResultsContainer.readData(SQLEditor.java:4231)
	at org.jkiss.dbeaver.ui.controls.resultset.ResultSetJobDataRead.lambda$0(ResultSetJobDataRead.java:128)
	at org.jkiss.dbeaver.model.exec.DBExecUtils.tryExecuteRecover(DBExecUtils.java:192)
	at org.jkiss.dbeaver.ui.controls.resultset.ResultSetJobDataRead.run(ResultSetJobDataRead.java:126)
	at org.jkiss.dbeaver.ui.controls.resultset.ResultSetViewer$ResultSetDataPumpJob.run(ResultSetViewer.java:5160)
	at org.jkiss.dbeaver.model.runtime.AbstractJob.run(AbstractJob.java:117)
	at org.eclipse.core.internal.jobs.Worker.run(Worker.java:63)

!ENTRY org.jkiss.dbeaver.model 4 0 2024-09-10 17:18:24.157
!MESSAGE SQL Error [1031] [42000]: ORA-01031: 권한이 불충분합니다

!SUBENTRY 1 org.jkiss.dbeaver.model 4 0 2024-09-10 17:18:24.157
!MESSAGE Error : 1031, Position : 0, Sql = -- EMP 테이블의 20번 부서에 해당하는 사원들의 뷰 생성
-- CREATE VIEW VIEW_EMP_20 AS (SELECT EMPNO, ENAME, JOB, DEPTNO FROM EMP WHERE EMPNO = 20);
-- 권한이 불충분 합니다. // 뷰는 아무나 만들 수 없음
-- 뷰 생정전에는 생성 권한을 부여 받아야함
GRANT CREATE VIEW TO SCOTT, OriginalSql = -- EMP 테이블의 20번 부서에 해당하는 사원들의 뷰 생성
-- CREATE VIEW VIEW_EMP_20 AS (SELECT EMPNO, ENAME, JOB, DEPTNO FROM EMP WHERE EMPNO = 20);
-- 권한이 불충분 합니다. // 뷰는 아무나 만들 수 없음
-- 뷰 생정전에는 생성 권한을 부여 받아야함
GRANT CREATE VIEW TO SCOTT, Error Msg = ORA-01031: 권한이 불충분합니다

!STACK 0
Error : 1031, Position : 0, Sql = -- EMP 테이블의 20번 부서에 해당하는 사원들의 뷰 생성
-- CREATE VIEW VIEW_EMP_20 AS (SELECT EMPNO, ENAME, JOB, DEPTNO FROM EMP WHERE EMPNO = 20);
-- 권한이 불충분 합니다. // 뷰는 아무나 만들 수 없음
-- 뷰 생정전에는 생성 권한을 부여 받아야함
GRANT CREATE VIEW TO SCOTT, OriginalSql = -- EMP 테이블의 20번 부서에 해당하는 사원들의 뷰 생성
-- CREATE VIEW VIEW_EMP_20 AS (SELECT EMPNO, ENAME, JOB, DEPTNO FROM EMP WHERE EMPNO = 20);
-- 권한이 불충분 합니다. // 뷰는 아무나 만들 수 없음
-- 뷰 생정전에는 생성 권한을 부여 받아야함
GRANT CREATE VIEW TO SCOTT, Error Msg = ORA-01031: 권한이 불충분합니다

	at oracle.jdbc.driver.T4CTTIoer11.processError(T4CTTIoer11.java:637)
	at oracle.jdbc.driver.T4CTTIoer11.processError(T4CTTIoer11.java:564)
	at oracle.jdbc.driver.T4C8Oall.processError(T4C8Oall.java:1231)
	at oracle.jdbc.driver.T4CTTIfun.receive(T4CTTIfun.java:772)
	at oracle.jdbc.driver.T4CTTIfun.doRPC(T4CTTIfun.java:299)
	at oracle.jdbc.driver.T4C8Oall.doOALL(T4C8Oall.java:512)
	at oracle.jdbc.driver.T4CStatement.doOall8(T4CStatement.java:123)
	at oracle.jdbc.driver.T4CStatement.executeForRows(T4CStatement.java:1200)
	at oracle.jdbc.driver.OracleStatement.executeSQLStatement(OracleStatement.java:1820)
	at oracle.jdbc.driver.OracleStatement.doExecuteWithTimeout(OracleStatement.java:1472)
	at oracle.jdbc.driver.OracleStatement.executeInternal(OracleStatement.java:2505)
	at oracle.jdbc.driver.OracleStatement.execute(OracleStatement.java:2460)
	at oracle.jdbc.driver.OracleStatementWrapper.execute(OracleStatementWrapper.java:328)
	at org.jkiss.dbeaver.model.impl.jdbc.exec.JDBCStatementImpl.execute(JDBCStatementImpl.java:332)
	at org.jkiss.dbeaver.model.impl.jdbc.exec.JDBCStatementImpl.executeStatement(JDBCStatementImpl.java:131)
	at org.jkiss.dbeaver.ui.editors.sql.execute.SQLQueryJob.executeStatement(SQLQueryJob.java:631)
	at org.jkiss.dbeaver.ui.editors.sql.execute.SQLQueryJob.lambda$2(SQLQueryJob.java:522)
	at org.jkiss.dbeaver.model.exec.DBExecUtils.tryExecuteRecover(DBExecUtils.java:192)
	at org.jkiss.dbeaver.ui.editors.sql.execute.SQLQueryJob.executeSingleQuery(SQLQueryJob.java:541)
	at org.jkiss.dbeaver.ui.editors.sql.execute.SQLQueryJob.extractData(SQLQueryJob.java:1001)
	at org.jkiss.dbeaver.ui.editors.sql.SQLEditor$QueryResultsContainer.readData(SQLEditor.java:4231)
	at org.jkiss.dbeaver.ui.controls.resultset.ResultSetJobDataRead.lambda$0(ResultSetJobDataRead.java:128)
	at org.jkiss.dbeaver.model.exec.DBExecUtils.tryExecuteRecover(DBExecUtils.java:192)
	at org.jkiss.dbeaver.ui.controls.resultset.ResultSetJobDataRead.run(ResultSetJobDataRead.java:126)
	at org.jkiss.dbeaver.ui.controls.resultset.ResultSetViewer$ResultSetDataPumpJob.run(ResultSetViewer.java:5160)
	at org.jkiss.dbeaver.model.runtime.AbstractJob.run(AbstractJob.java:117)
	at org.eclipse.core.internal.jobs.Worker.run(Worker.java:63)

!ENTRY org.jkiss.dbeaver.model 4 0 2024-09-10 17:53:13.462
!MESSAGE SQL Error [904] [42000]: ORA-00904: "E": 부적합한 식별자

!SUBENTRY 1 org.jkiss.dbeaver.model 4 0 2024-09-10 17:53:13.462
!MESSAGE Error : 904, Position : 17, Sql = SELECT ROWNUM, E.*
FROM (SELECT * FROM EMP ORDER BY SAL DESC), OriginalSql = SELECT ROWNUM, E.*
FROM (SELECT * FROM EMP ORDER BY SAL DESC), Error Msg = ORA-00904: "E": 부적합한 식별자

!STACK 0
Error : 904, Position : 17, Sql = SELECT ROWNUM, E.*
FROM (SELECT * FROM EMP ORDER BY SAL DESC), OriginalSql = SELECT ROWNUM, E.*
FROM (SELECT * FROM EMP ORDER BY SAL DESC), Error Msg = ORA-00904: "E": 부적합한 식별자

	at oracle.jdbc.driver.T4CTTIoer11.processError(T4CTTIoer11.java:637)
	at oracle.jdbc.driver.T4CTTIoer11.processError(T4CTTIoer11.java:564)
	at oracle.jdbc.driver.T4C8Oall.processError(T4C8Oall.java:1231)
	at oracle.jdbc.driver.T4CTTIfun.receive(T4CTTIfun.java:772)
	at oracle.jdbc.driver.T4CTTIfun.doRPC(T4CTTIfun.java:299)
	at oracle.jdbc.driver.T4C8Oall.doOALL(T4C8Oall.java:512)
	at oracle.jdbc.driver.T4CStatement.doOall8(T4CStatement.java:123)
	at oracle.jdbc.driver.T4CStatement.executeForDescribe(T4CStatement.java:969)
	at oracle.jdbc.driver.OracleStatement.prepareDefineBufferAndExecute(OracleStatement.java:1271)
	at oracle.jdbc.driver.OracleStatement.executeMaybeDescribe(OracleStatement.java:1149)
	at oracle.jdbc.driver.OracleStatement.executeSQLSelect(OracleStatement.java:1661)
	at oracle.jdbc.driver.OracleStatement.doExecuteWithTimeout(OracleStatement.java:1470)
	at oracle.jdbc.driver.OracleStatement.executeInternal(OracleStatement.java:2505)
	at oracle.jdbc.driver.OracleStatement.execute(OracleStatement.java:2460)
	at oracle.jdbc.driver.OracleStatementWrapper.execute(OracleStatementWrapper.java:328)
	at org.jkiss.dbeaver.model.impl.jdbc.exec.JDBCStatementImpl.execute(JDBCStatementImpl.java:332)
	at org.jkiss.dbeaver.model.impl.jdbc.exec.JDBCStatementImpl.executeStatement(JDBCStatementImpl.java:131)
	at org.jkiss.dbeaver.ui.editors.sql.execute.SQLQueryJob.executeStatement(SQLQueryJob.java:631)
	at org.jkiss.dbeaver.ui.editors.sql.execute.SQLQueryJob.lambda$2(SQLQueryJob.java:522)
	at org.jkiss.dbeaver.model.exec.DBExecUtils.tryExecuteRecover(DBExecUtils.java:192)
	at org.jkiss.dbeaver.ui.editors.sql.execute.SQLQueryJob.executeSingleQuery(SQLQueryJob.java:541)
	at org.jkiss.dbeaver.ui.editors.sql.execute.SQLQueryJob.extractData(SQLQueryJob.java:1001)
	at org.jkiss.dbeaver.ui.editors.sql.SQLEditor$QueryResultsContainer.readData(SQLEditor.java:4231)
	at org.jkiss.dbeaver.ui.controls.resultset.ResultSetJobDataRead.lambda$0(ResultSetJobDataRead.java:128)
	at org.jkiss.dbeaver.model.exec.DBExecUtils.tryExecuteRecover(DBExecUtils.java:192)
	at org.jkiss.dbeaver.ui.controls.resultset.ResultSetJobDataRead.run(ResultSetJobDataRead.java:126)
	at org.jkiss.dbeaver.ui.controls.resultset.ResultSetViewer$ResultSetDataPumpJob.run(ResultSetViewer.java:5160)
	at org.jkiss.dbeaver.model.runtime.AbstractJob.run(AbstractJob.java:117)
	at org.eclipse.core.internal.jobs.Worker.run(Worker.java:63)

!ENTRY org.jkiss.dbeaver.model 4 0 2024-09-10 17:53:18.906
!MESSAGE SQL Error [904] [42000]: ORA-00904: "E": 부적합한 식별자

!SUBENTRY 1 org.jkiss.dbeaver.model 4 0 2024-09-10 17:53:18.906
!MESSAGE Error : 904, Position : 17, Sql = SELECT ROWNUM, E.*
FROM (SELECT * FROM EMP E ORDER BY SAL DESC), OriginalSql = SELECT ROWNUM, E.*
FROM (SELECT * FROM EMP E ORDER BY SAL DESC), Error Msg = ORA-00904: "E": 부적합한 식별자

!STACK 0
Error : 904, Position : 17, Sql = SELECT ROWNUM, E.*
FROM (SELECT * FROM EMP E ORDER BY SAL DESC), OriginalSql = SELECT ROWNUM, E.*
FROM (SELECT * FROM EMP E ORDER BY SAL DESC), Error Msg = ORA-00904: "E": 부적합한 식별자

	at oracle.jdbc.driver.T4CTTIoer11.processError(T4CTTIoer11.java:637)
	at oracle.jdbc.driver.T4CTTIoer11.processError(T4CTTIoer11.java:564)
	at oracle.jdbc.driver.T4C8Oall.processError(T4C8Oall.java:1231)
	at oracle.jdbc.driver.T4CTTIfun.receive(T4CTTIfun.java:772)
	at oracle.jdbc.driver.T4CTTIfun.doRPC(T4CTTIfun.java:299)
	at oracle.jdbc.driver.T4C8Oall.doOALL(T4C8Oall.java:512)
	at oracle.jdbc.driver.T4CStatement.doOall8(T4CStatement.java:123)
	at oracle.jdbc.driver.T4CStatement.executeForDescribe(T4CStatement.java:969)
	at oracle.jdbc.driver.OracleStatement.prepareDefineBufferAndExecute(OracleStatement.java:1271)
	at oracle.jdbc.driver.OracleStatement.executeMaybeDescribe(OracleStatement.java:1149)
	at oracle.jdbc.driver.OracleStatement.executeSQLSelect(OracleStatement.java:1661)
	at oracle.jdbc.driver.OracleStatement.doExecuteWithTimeout(OracleStatement.java:1470)
	at oracle.jdbc.driver.OracleStatement.executeInternal(OracleStatement.java:2505)
	at oracle.jdbc.driver.OracleStatement.execute(OracleStatement.java:2460)
	at oracle.jdbc.driver.OracleStatementWrapper.execute(OracleStatementWrapper.java:328)
	at org.jkiss.dbeaver.model.impl.jdbc.exec.JDBCStatementImpl.execute(JDBCStatementImpl.java:332)
	at org.jkiss.dbeaver.model.impl.jdbc.exec.JDBCStatementImpl.executeStatement(JDBCStatementImpl.java:131)
	at org.jkiss.dbeaver.ui.editors.sql.execute.SQLQueryJob.executeStatement(SQLQueryJob.java:631)
	at org.jkiss.dbeaver.ui.editors.sql.execute.SQLQueryJob.lambda$2(SQLQueryJob.java:522)
	at org.jkiss.dbeaver.model.exec.DBExecUtils.tryExecuteRecover(DBExecUtils.java:192)
	at org.jkiss.dbeaver.ui.editors.sql.execute.SQLQueryJob.executeSingleQuery(SQLQueryJob.java:541)
	at org.jkiss.dbeaver.ui.editors.sql.execute.SQLQueryJob.extractData(SQLQueryJob.java:1001)
	at org.jkiss.dbeaver.ui.editors.sql.SQLEditor$QueryResultsContainer.readData(SQLEditor.java:4231)
	at org.jkiss.dbeaver.ui.controls.resultset.ResultSetJobDataRead.lambda$0(ResultSetJobDataRead.java:128)
	at org.jkiss.dbeaver.model.exec.DBExecUtils.tryExecuteRecover(DBExecUtils.java:192)
	at org.jkiss.dbeaver.ui.controls.resultset.ResultSetJobDataRead.run(ResultSetJobDataRead.java:126)
	at org.jkiss.dbeaver.ui.controls.resultset.ResultSetViewer$ResultSetDataPumpJob.run(ResultSetViewer.java:5160)
	at org.jkiss.dbeaver.model.runtime.AbstractJob.run(AbstractJob.java:117)
	at org.eclipse.core.internal.jobs.Worker.run(Worker.java:63)

!ENTRY org.jkiss.dbeaver.model 4 0 2024-09-10 17:53:29.074
!MESSAGE SQL Error [904] [42000]: ORA-00904: "E": 부적합한 식별자

!SUBENTRY 1 org.jkiss.dbeaver.model 4 0 2024-09-10 17:53:29.074
!MESSAGE Error : 904, Position : 17, Sql = SELECT ROWNUM, E.*
FROM (SELECT * FROM EMP e ORDER BY SAL DESC), OriginalSql = SELECT ROWNUM, E.*
FROM (SELECT * FROM EMP e ORDER BY SAL DESC), Error Msg = ORA-00904: "E": 부적합한 식별자

!STACK 0
Error : 904, Position : 17, Sql = SELECT ROWNUM, E.*
FROM (SELECT * FROM EMP e ORDER BY SAL DESC), OriginalSql = SELECT ROWNUM, E.*
FROM (SELECT * FROM EMP e ORDER BY SAL DESC), Error Msg = ORA-00904: "E": 부적합한 식별자

	at oracle.jdbc.driver.T4CTTIoer11.processError(T4CTTIoer11.java:637)
	at oracle.jdbc.driver.T4CTTIoer11.processError(T4CTTIoer11.java:564)
	at oracle.jdbc.driver.T4C8Oall.processError(T4C8Oall.java:1231)
	at oracle.jdbc.driver.T4CTTIfun.receive(T4CTTIfun.java:772)
	at oracle.jdbc.driver.T4CTTIfun.doRPC(T4CTTIfun.java:299)
	at oracle.jdbc.driver.T4C8Oall.doOALL(T4C8Oall.java:512)
	at oracle.jdbc.driver.T4CStatement.doOall8(T4CStatement.java:123)
	at oracle.jdbc.driver.T4CStatement.executeForDescribe(T4CStatement.java:969)
	at oracle.jdbc.driver.OracleStatement.prepareDefineBufferAndExecute(OracleStatement.java:1271)
	at oracle.jdbc.driver.OracleStatement.executeMaybeDescribe(OracleStatement.java:1149)
	at oracle.jdbc.driver.OracleStatement.executeSQLSelect(OracleStatement.java:1661)
	at oracle.jdbc.driver.OracleStatement.doExecuteWithTimeout(OracleStatement.java:1470)
	at oracle.jdbc.driver.OracleStatement.executeInternal(OracleStatement.java:2505)
	at oracle.jdbc.driver.OracleStatement.execute(OracleStatement.java:2460)
	at oracle.jdbc.driver.OracleStatementWrapper.execute(OracleStatementWrapper.java:328)
	at org.jkiss.dbeaver.model.impl.jdbc.exec.JDBCStatementImpl.execute(JDBCStatementImpl.java:332)
	at org.jkiss.dbeaver.model.impl.jdbc.exec.JDBCStatementImpl.executeStatement(JDBCStatementImpl.java:131)
	at org.jkiss.dbeaver.ui.editors.sql.execute.SQLQueryJob.executeStatement(SQLQueryJob.java:631)
	at org.jkiss.dbeaver.ui.editors.sql.execute.SQLQueryJob.lambda$2(SQLQueryJob.java:522)
	at org.jkiss.dbeaver.model.exec.DBExecUtils.tryExecuteRecover(DBExecUtils.java:192)
	at org.jkiss.dbeaver.ui.editors.sql.execute.SQLQueryJob.executeSingleQuery(SQLQueryJob.java:541)
	at org.jkiss.dbeaver.ui.editors.sql.execute.SQLQueryJob.extractData(SQLQueryJob.java:1001)
	at org.jkiss.dbeaver.ui.editors.sql.SQLEditor$QueryResultsContainer.readData(SQLEditor.java:4231)
	at org.jkiss.dbeaver.ui.controls.resultset.ResultSetJobDataRead.lambda$0(ResultSetJobDataRead.java:128)
	at org.jkiss.dbeaver.model.exec.DBExecUtils.tryExecuteRecover(DBExecUtils.java:192)
	at org.jkiss.dbeaver.ui.controls.resultset.ResultSetJobDataRead.run(ResultSetJobDataRead.java:126)
	at org.jkiss.dbeaver.ui.controls.resultset.ResultSetViewer$ResultSetDataPumpJob.run(ResultSetViewer.java:5160)
	at org.jkiss.dbeaver.model.runtime.AbstractJob.run(AbstractJob.java:117)
	at org.eclipse.core.internal.jobs.Worker.run(Worker.java:63)

!ENTRY org.jkiss.dbeaver.model 4 0 2024-09-10 17:53:38.484
!MESSAGE SQL Error [904] [42000]: ORA-00904: "E": 부적합한 식별자

!SUBENTRY 1 org.jkiss.dbeaver.model 4 0 2024-09-10 17:53:38.484
!MESSAGE Error : 904, Position : 17, Sql = SELECT ROWNUM, e.*
FROM (SELECT * FROM EMP e ORDER BY SAL DESC), OriginalSql = SELECT ROWNUM, e.*
FROM (SELECT * FROM EMP e ORDER BY SAL DESC), Error Msg = ORA-00904: "E": 부적합한 식별자

!STACK 0
Error : 904, Position : 17, Sql = SELECT ROWNUM, e.*
FROM (SELECT * FROM EMP e ORDER BY SAL DESC), OriginalSql = SELECT ROWNUM, e.*
FROM (SELECT * FROM EMP e ORDER BY SAL DESC), Error Msg = ORA-00904: "E": 부적합한 식별자

	at oracle.jdbc.driver.T4CTTIoer11.processError(T4CTTIoer11.java:637)
	at oracle.jdbc.driver.T4CTTIoer11.processError(T4CTTIoer11.java:564)
	at oracle.jdbc.driver.T4C8Oall.processError(T4C8Oall.java:1231)
	at oracle.jdbc.driver.T4CTTIfun.receive(T4CTTIfun.java:772)
	at oracle.jdbc.driver.T4CTTIfun.doRPC(T4CTTIfun.java:299)
	at oracle.jdbc.driver.T4C8Oall.doOALL(T4C8Oall.java:512)
	at oracle.jdbc.driver.T4CStatement.doOall8(T4CStatement.java:123)
	at oracle.jdbc.driver.T4CStatement.executeForDescribe(T4CStatement.java:969)
	at oracle.jdbc.driver.OracleStatement.prepareDefineBufferAndExecute(OracleStatement.java:1271)
	at oracle.jdbc.driver.OracleStatement.executeMaybeDescribe(OracleStatement.java:1149)
	at oracle.jdbc.driver.OracleStatement.executeSQLSelect(OracleStatement.java:1661)
	at oracle.jdbc.driver.OracleStatement.doExecuteWithTimeout(OracleStatement.java:1470)
	at oracle.jdbc.driver.OracleStatement.executeInternal(OracleStatement.java:2505)
	at oracle.jdbc.driver.OracleStatement.execute(OracleStatement.java:2460)
	at oracle.jdbc.driver.OracleStatementWrapper.execute(OracleStatementWrapper.java:328)
	at org.jkiss.dbeaver.model.impl.jdbc.exec.JDBCStatementImpl.execute(JDBCStatementImpl.java:332)
	at org.jkiss.dbeaver.model.impl.jdbc.exec.JDBCStatementImpl.executeStatement(JDBCStatementImpl.java:131)
	at org.jkiss.dbeaver.ui.editors.sql.execute.SQLQueryJob.executeStatement(SQLQueryJob.java:631)
	at org.jkiss.dbeaver.ui.editors.sql.execute.SQLQueryJob.lambda$2(SQLQueryJob.java:522)
	at org.jkiss.dbeaver.model.exec.DBExecUtils.tryExecuteRecover(DBExecUtils.java:192)
	at org.jkiss.dbeaver.ui.editors.sql.execute.SQLQueryJob.executeSingleQuery(SQLQueryJob.java:541)
	at org.jkiss.dbeaver.ui.editors.sql.execute.SQLQueryJob.extractData(SQLQueryJob.java:1001)
	at org.jkiss.dbeaver.ui.editors.sql.SQLEditor$QueryResultsContainer.readData(SQLEditor.java:4231)
	at org.jkiss.dbeaver.ui.controls.resultset.ResultSetJobDataRead.lambda$0(ResultSetJobDataRead.java:128)
	at org.jkiss.dbeaver.model.exec.DBExecUtils.tryExecuteRecover(DBExecUtils.java:192)
	at org.jkiss.dbeaver.ui.controls.resultset.ResultSetJobDataRead.run(ResultSetJobDataRead.java:126)
	at org.jkiss.dbeaver.ui.controls.resultset.ResultSetViewer$ResultSetDataPumpJob.run(ResultSetViewer.java:5160)
	at org.jkiss.dbeaver.model.runtime.AbstractJob.run(AbstractJob.java:117)
	at org.eclipse.core.internal.jobs.Worker.run(Worker.java:63)
!SESSION 2024-09-11 09:42:30.803 -----------------------------------------------
eclipse.buildId=unknown
java.version=17.0.6
java.vendor=Eclipse Adoptium
BootLoader constants: OS=win32, ARCH=x86_64, WS=win32, NL=ko
Framework arguments:  -eclipse.keyring C:\Users\soldesk\AppData\Roaming\DBeaverData\secure\secure_storage
Command-line arguments:  -os win32 -ws win32 -arch x86_64

!ENTRY org.eclipse.ui 2 2 2024-09-11 09:42:51.931
!MESSAGE Invalid preference category path: org.eclipse.debug.ui.ConsolePreferencePage (bundle: org.eclipse.ui.console, page: org.eclipse.ui.internal.console.ansi.preferences.AnsiConsolePreferencePage)

!ENTRY org.jkiss.dbeaver.model 2 0 2024-09-11 09:59:19.814
!MESSAGE Error parsing query
!SUBENTRY 1 org.jkiss.dbeaver.model 2 0 2024-09-11 09:59:19.814
!MESSAGE BadLocationException
!STACK 0
org.eclipse.jface.text.BadLocationException
	at org.eclipse.jface.text.AbstractDocument.get(AbstractDocument.java:958)
	at org.eclipse.core.internal.filebuffers.SynchronizableDocument.get(SynchronizableDocument.java:130)
	at org.jkiss.dbeaver.model.sql.parser.SQLScriptParser.parseQueryImpl(SQLScriptParser.java:135)
	at org.jkiss.dbeaver.model.sql.parser.SQLScriptParser.extractScriptQueries(SQLScriptParser.java:943)
	at org.jkiss.dbeaver.ui.editors.sql.SQLEditorBase.extractScriptQueries(SQLEditorBase.java:952)
	at org.jkiss.dbeaver.ui.editors.sql.syntax.SQLReconcilingStrategy.extractQueries(SQLReconcilingStrategy.java:284)
	at org.jkiss.dbeaver.ui.editors.sql.syntax.SQLReconcilingStrategy.reconcile(SQLReconcilingStrategy.java:218)
	at org.jkiss.dbeaver.ui.editors.sql.syntax.SQLReconcilingStrategy.reconcile(SQLReconcilingStrategy.java:100)
	at org.eclipse.jface.text.reconciler.MonoReconciler.process(MonoReconciler.java:74)
	at org.eclipse.jface.text.reconciler.AbstractReconciler$BackgroundThread.run(AbstractReconciler.java:207)

!ENTRY org.jkiss.dbeaver.model 4 0 2024-09-11 10:07:32.385
!MESSAGE SQL Error [950] [42000]: ORA-00950: DROP 옵션이 부적합합니다

!SUBENTRY 1 org.jkiss.dbeaver.model 4 0 2024-09-11 10:07:32.385
!MESSAGE Error : 950, Position : 5, Sql = DROP FROM DEPT_SEQUENCE, OriginalSql = DROP FROM DEPT_SEQUENCE, Error Msg = ORA-00950: DROP 옵션이 부적합합니다

!STACK 0
Error : 950, Position : 5, Sql = DROP FROM DEPT_SEQUENCE, OriginalSql = DROP FROM DEPT_SEQUENCE, Error Msg = ORA-00950: DROP 옵션이 부적합합니다

	at oracle.jdbc.driver.T4CTTIoer11.processError(T4CTTIoer11.java:637)
	at oracle.jdbc.driver.T4CTTIoer11.processError(T4CTTIoer11.java:564)
	at oracle.jdbc.driver.T4C8Oall.processError(T4C8Oall.java:1231)
	at oracle.jdbc.driver.T4CTTIfun.receive(T4CTTIfun.java:772)
	at oracle.jdbc.driver.T4CTTIfun.doRPC(T4CTTIfun.java:299)
	at oracle.jdbc.driver.T4C8Oall.doOALL(T4C8Oall.java:512)
	at oracle.jdbc.driver.T4CStatement.doOall8(T4CStatement.java:123)
	at oracle.jdbc.driver.T4CStatement.executeForRows(T4CStatement.java:1200)
	at oracle.jdbc.driver.OracleStatement.executeSQLStatement(OracleStatement.java:1820)
	at oracle.jdbc.driver.OracleStatement.doExecuteWithTimeout(OracleStatement.java:1472)
	at oracle.jdbc.driver.OracleStatement.executeInternal(OracleStatement.java:2505)
	at oracle.jdbc.driver.OracleStatement.execute(OracleStatement.java:2460)
	at oracle.jdbc.driver.OracleStatementWrapper.execute(OracleStatementWrapper.java:328)
	at org.jkiss.dbeaver.model.impl.jdbc.exec.JDBCStatementImpl.execute(JDBCStatementImpl.java:332)
	at org.jkiss.dbeaver.model.impl.jdbc.exec.JDBCStatementImpl.executeStatement(JDBCStatementImpl.java:131)
	at org.jkiss.dbeaver.ui.editors.sql.execute.SQLQueryJob.executeStatement(SQLQueryJob.java:631)
	at org.jkiss.dbeaver.ui.editors.sql.execute.SQLQueryJob.lambda$2(SQLQueryJob.java:522)
	at org.jkiss.dbeaver.model.exec.DBExecUtils.tryExecuteRecover(DBExecUtils.java:192)
	at org.jkiss.dbeaver.ui.editors.sql.execute.SQLQueryJob.executeSingleQuery(SQLQueryJob.java:541)
	at org.jkiss.dbeaver.ui.editors.sql.execute.SQLQueryJob.extractData(SQLQueryJob.java:1001)
	at org.jkiss.dbeaver.ui.editors.sql.SQLEditor$QueryResultsContainer.readData(SQLEditor.java:4231)
	at org.jkiss.dbeaver.ui.controls.resultset.ResultSetJobDataRead.lambda$0(ResultSetJobDataRead.java:128)
	at org.jkiss.dbeaver.model.exec.DBExecUtils.tryExecuteRecover(DBExecUtils.java:192)
	at org.jkiss.dbeaver.ui.controls.resultset.ResultSetJobDataRead.run(ResultSetJobDataRead.java:126)
	at org.jkiss.dbeaver.ui.controls.resultset.ResultSetViewer$ResultSetDataPumpJob.run(ResultSetViewer.java:5160)
	at org.jkiss.dbeaver.model.runtime.AbstractJob.run(AbstractJob.java:117)
	at org.eclipse.core.internal.jobs.Worker.run(Worker.java:63)

!ENTRY org.jkiss.dbeaver.model 4 0 2024-09-11 10:19:55.533
!MESSAGE SQL Error [1031] [42000]: ORA-01031: 권한이 불충분합니다


Error position: line: 1342
!SUBENTRY 1 org.jkiss.dbeaver.model 4 0 2024-09-11 10:19:55.533
!MESSAGE SQL Error [1031] [42000]: ORA-01031: 권한이 불충분합니다

!SUBENTRY 2 org.jkiss.dbeaver.model 4 0 2024-09-11 10:19:55.533
!MESSAGE Error : 1031, Position : 0, Sql = CREATE SYNONYM E FOR EMP, OriginalSql = CREATE SYNONYM E FOR EMP, Error Msg = ORA-01031: 권한이 불충분합니다

!STACK 0
Error : 1031, Position : 0, Sql = CREATE SYNONYM E FOR EMP, OriginalSql = CREATE SYNONYM E FOR EMP, Error Msg = ORA-01031: 권한이 불충분합니다

	at oracle.jdbc.driver.T4CTTIoer11.processError(T4CTTIoer11.java:637)
	at oracle.jdbc.driver.T4CTTIoer11.processError(T4CTTIoer11.java:564)
	at oracle.jdbc.driver.T4C8Oall.processError(T4C8Oall.java:1231)
	at oracle.jdbc.driver.T4CTTIfun.receive(T4CTTIfun.java:772)
	at oracle.jdbc.driver.T4CTTIfun.doRPC(T4CTTIfun.java:299)
	at oracle.jdbc.driver.T4C8Oall.doOALL(T4C8Oall.java:512)
	at oracle.jdbc.driver.T4CStatement.doOall8(T4CStatement.java:123)
	at oracle.jdbc.driver.T4CStatement.executeForRows(T4CStatement.java:1200)
	at oracle.jdbc.driver.OracleStatement.executeSQLStatement(OracleStatement.java:1820)
	at oracle.jdbc.driver.OracleStatement.doExecuteWithTimeout(OracleStatement.java:1472)
	at oracle.jdbc.driver.OracleStatement.executeInternal(OracleStatement.java:2505)
	at oracle.jdbc.driver.OracleStatement.execute(OracleStatement.java:2460)
	at oracle.jdbc.driver.OracleStatementWrapper.execute(OracleStatementWrapper.java:328)
	at org.jkiss.dbeaver.model.impl.jdbc.exec.JDBCStatementImpl.execute(JDBCStatementImpl.java:332)
	at org.jkiss.dbeaver.model.impl.jdbc.exec.JDBCStatementImpl.executeStatement(JDBCStatementImpl.java:131)
	at org.jkiss.dbeaver.ui.editors.sql.execute.SQLQueryJob.executeStatement(SQLQueryJob.java:631)
	at org.jkiss.dbeaver.ui.editors.sql.execute.SQLQueryJob.lambda$2(SQLQueryJob.java:522)
	at org.jkiss.dbeaver.model.exec.DBExecUtils.tryExecuteRecover(DBExecUtils.java:192)
	at org.jkiss.dbeaver.ui.editors.sql.execute.SQLQueryJob.executeSingleQuery(SQLQueryJob.java:541)
	at org.jkiss.dbeaver.ui.editors.sql.execute.SQLQueryJob.extractData(SQLQueryJob.java:1001)
	at org.jkiss.dbeaver.ui.editors.sql.SQLEditor$QueryResultsContainer.readData(SQLEditor.java:4231)
	at org.jkiss.dbeaver.ui.controls.resultset.ResultSetJobDataRead.lambda$0(ResultSetJobDataRead.java:128)
	at org.jkiss.dbeaver.model.exec.DBExecUtils.tryExecuteRecover(DBExecUtils.java:192)
	at org.jkiss.dbeaver.ui.controls.resultset.ResultSetJobDataRead.run(ResultSetJobDataRead.java:126)
	at org.jkiss.dbeaver.ui.controls.resultset.ResultSetViewer$ResultSetDataPumpJob.run(ResultSetViewer.java:5160)
	at org.jkiss.dbeaver.model.runtime.AbstractJob.run(AbstractJob.java:117)
	at org.eclipse.core.internal.jobs.Worker.run(Worker.java:63)

!ENTRY org.jkiss.dbeaver.model 4 0 2024-09-11 10:34:32.953
!MESSAGE SQL Error [1031] [42000]: ORA-01031: 권한이 불충분합니다

!SUBENTRY 1 org.jkiss.dbeaver.model 4 0 2024-09-11 10:34:32.953
!MESSAGE Error : 1031, Position : 0, Sql = CREATE SYNONYM E FOR EMP, OriginalSql = CREATE SYNONYM E FOR EMP, Error Msg = ORA-01031: 권한이 불충분합니다

!STACK 0
Error : 1031, Position : 0, Sql = CREATE SYNONYM E FOR EMP, OriginalSql = CREATE SYNONYM E FOR EMP, Error Msg = ORA-01031: 권한이 불충분합니다

	at oracle.jdbc.driver.T4CTTIoer11.processError(T4CTTIoer11.java:637)
	at oracle.jdbc.driver.T4CTTIoer11.processError(T4CTTIoer11.java:564)
	at oracle.jdbc.driver.T4C8Oall.processError(T4C8Oall.java:1231)
	at oracle.jdbc.driver.T4CTTIfun.receive(T4CTTIfun.java:772)
	at oracle.jdbc.driver.T4CTTIfun.doRPC(T4CTTIfun.java:299)
	at oracle.jdbc.driver.T4C8Oall.doOALL(T4C8Oall.java:512)
	at oracle.jdbc.driver.T4CStatement.doOall8(T4CStatement.java:123)
	at oracle.jdbc.driver.T4CStatement.executeForRows(T4CStatement.java:1200)
	at oracle.jdbc.driver.OracleStatement.executeSQLStatement(OracleStatement.java:1820)
	at oracle.jdbc.driver.OracleStatement.doExecuteWithTimeout(OracleStatement.java:1472)
	at oracle.jdbc.driver.OracleStatement.executeInternal(OracleStatement.java:2505)
	at oracle.jdbc.driver.OracleStatement.execute(OracleStatement.java:2460)
	at oracle.jdbc.driver.OracleStatementWrapper.execute(OracleStatementWrapper.java:328)
	at org.jkiss.dbeaver.model.impl.jdbc.exec.JDBCStatementImpl.execute(JDBCStatementImpl.java:332)
	at org.jkiss.dbeaver.model.impl.jdbc.exec.JDBCStatementImpl.executeStatement(JDBCStatementImpl.java:131)
	at org.jkiss.dbeaver.ui.editors.sql.execute.SQLQueryJob.executeStatement(SQLQueryJob.java:631)
	at org.jkiss.dbeaver.ui.editors.sql.execute.SQLQueryJob.lambda$2(SQLQueryJob.java:522)
	at org.jkiss.dbeaver.model.exec.DBExecUtils.tryExecuteRecover(DBExecUtils.java:192)
	at org.jkiss.dbeaver.ui.editors.sql.execute.SQLQueryJob.executeSingleQuery(SQLQueryJob.java:541)
	at org.jkiss.dbeaver.ui.editors.sql.execute.SQLQueryJob.extractData(SQLQueryJob.java:1001)
	at org.jkiss.dbeaver.ui.editors.sql.SQLEditor$QueryResultsContainer.readData(SQLEditor.java:4231)
	at org.jkiss.dbeaver.ui.controls.resultset.ResultSetJobDataRead.lambda$0(ResultSetJobDataRead.java:128)
	at org.jkiss.dbeaver.model.exec.DBExecUtils.tryExecuteRecover(DBExecUtils.java:192)
	at org.jkiss.dbeaver.ui.controls.resultset.ResultSetJobDataRead.run(ResultSetJobDataRead.java:126)
	at org.jkiss.dbeaver.ui.controls.resultset.ResultSetViewer$ResultSetDataPumpJob.run(ResultSetViewer.java:5160)
	at org.jkiss.dbeaver.model.runtime.AbstractJob.run(AbstractJob.java:117)
	at org.eclipse.core.internal.jobs.Worker.run(Worker.java:63)

!ENTRY org.jkiss.dbeaver.model 4 0 2024-09-11 10:34:49.163
!MESSAGE SQL Error [1031] [42000]: ORA-01031: 권한이 불충분합니다

!SUBENTRY 1 org.jkiss.dbeaver.model 4 0 2024-09-11 10:34:49.163
!MESSAGE Error : 1031, Position : 0, Sql = CREATE SYNONYM E FOR EMP, OriginalSql = CREATE SYNONYM E FOR EMP, Error Msg = ORA-01031: 권한이 불충분합니다

!STACK 0
Error : 1031, Position : 0, Sql = CREATE SYNONYM E FOR EMP, OriginalSql = CREATE SYNONYM E FOR EMP, Error Msg = ORA-01031: 권한이 불충분합니다

	at oracle.jdbc.driver.T4CTTIoer11.processError(T4CTTIoer11.java:637)
	at oracle.jdbc.driver.T4CTTIoer11.processError(T4CTTIoer11.java:564)
	at oracle.jdbc.driver.T4C8Oall.processError(T4C8Oall.java:1231)
	at oracle.jdbc.driver.T4CTTIfun.receive(T4CTTIfun.java:772)
	at oracle.jdbc.driver.T4CTTIfun.doRPC(T4CTTIfun.java:299)
	at oracle.jdbc.driver.T4C8Oall.doOALL(T4C8Oall.java:512)
	at oracle.jdbc.driver.T4CStatement.doOall8(T4CStatement.java:123)
	at oracle.jdbc.driver.T4CStatement.executeForRows(T4CStatement.java:1200)
	at oracle.jdbc.driver.OracleStatement.executeSQLStatement(OracleStatement.java:1820)
	at oracle.jdbc.driver.OracleStatement.doExecuteWithTimeout(OracleStatement.java:1472)
	at oracle.jdbc.driver.OracleStatement.executeInternal(OracleStatement.java:2505)
	at oracle.jdbc.driver.OracleStatement.execute(OracleStatement.java:2460)
	at oracle.jdbc.driver.OracleStatementWrapper.execute(OracleStatementWrapper.java:328)
	at org.jkiss.dbeaver.model.impl.jdbc.exec.JDBCStatementImpl.execute(JDBCStatementImpl.java:332)
	at org.jkiss.dbeaver.model.impl.jdbc.exec.JDBCStatementImpl.executeStatement(JDBCStatementImpl.java:131)
	at org.jkiss.dbeaver.ui.editors.sql.execute.SQLQueryJob.executeStatement(SQLQueryJob.java:631)
	at org.jkiss.dbeaver.ui.editors.sql.execute.SQLQueryJob.lambda$2(SQLQueryJob.java:522)
	at org.jkiss.dbeaver.model.exec.DBExecUtils.tryExecuteRecover(DBExecUtils.java:192)
	at org.jkiss.dbeaver.ui.editors.sql.execute.SQLQueryJob.executeSingleQuery(SQLQueryJob.java:541)
	at org.jkiss.dbeaver.ui.editors.sql.execute.SQLQueryJob.extractData(SQLQueryJob.java:1001)
	at org.jkiss.dbeaver.ui.editors.sql.SQLEditor$QueryResultsContainer.readData(SQLEditor.java:4231)
	at org.jkiss.dbeaver.ui.controls.resultset.ResultSetJobDataRead.lambda$0(ResultSetJobDataRead.java:128)
	at org.jkiss.dbeaver.model.exec.DBExecUtils.tryExecuteRecover(DBExecUtils.java:192)
	at org.jkiss.dbeaver.ui.controls.resultset.ResultSetJobDataRead.run(ResultSetJobDataRead.java:126)
	at org.jkiss.dbeaver.ui.controls.resultset.ResultSetViewer$ResultSetDataPumpJob.run(ResultSetViewer.java:5160)
	at org.jkiss.dbeaver.model.runtime.AbstractJob.run(AbstractJob.java:117)
	at org.eclipse.core.internal.jobs.Worker.run(Worker.java:63)

!ENTRY org.jkiss.dbeaver.model 4 0 2024-09-11 10:35:18.010
!MESSAGE SQL Error [990] [42000]: ORA-00990: 권한이 부적합합니다

!SUBENTRY 1 org.jkiss.dbeaver.model 4 0 2024-09-11 10:35:18.010
!MESSAGE Error : 990, Position : 6, Sql = GRANT CREATE SYNONOYM TO SCOTT, OriginalSql = GRANT CREATE SYNONOYM TO SCOTT, Error Msg = ORA-00990: 권한이 부적합합니다

!STACK 0
Error : 990, Position : 6, Sql = GRANT CREATE SYNONOYM TO SCOTT, OriginalSql = GRANT CREATE SYNONOYM TO SCOTT, Error Msg = ORA-00990: 권한이 부적합합니다

	at oracle.jdbc.driver.T4CTTIoer11.processError(T4CTTIoer11.java:637)
	at oracle.jdbc.driver.T4CTTIoer11.processError(T4CTTIoer11.java:564)
	at oracle.jdbc.driver.T4C8Oall.processError(T4C8Oall.java:1231)
	at oracle.jdbc.driver.T4CTTIfun.receive(T4CTTIfun.java:772)
	at oracle.jdbc.driver.T4CTTIfun.doRPC(T4CTTIfun.java:299)
	at oracle.jdbc.driver.T4C8Oall.doOALL(T4C8Oall.java:512)
	at oracle.jdbc.driver.T4CStatement.doOall8(T4CStatement.java:123)
	at oracle.jdbc.driver.T4CStatement.executeForRows(T4CStatement.java:1200)
	at oracle.jdbc.driver.OracleStatement.executeSQLStatement(OracleStatement.java:1820)
	at oracle.jdbc.driver.OracleStatement.doExecuteWithTimeout(OracleStatement.java:1472)
	at oracle.jdbc.driver.OracleStatement.executeInternal(OracleStatement.java:2505)
	at oracle.jdbc.driver.OracleStatement.execute(OracleStatement.java:2460)
	at oracle.jdbc.driver.OracleStatementWrapper.execute(OracleStatementWrapper.java:328)
	at org.jkiss.dbeaver.model.impl.jdbc.exec.JDBCStatementImpl.execute(JDBCStatementImpl.java:332)
	at org.jkiss.dbeaver.model.impl.jdbc.exec.JDBCStatementImpl.executeStatement(JDBCStatementImpl.java:131)
	at org.jkiss.dbeaver.ui.editors.sql.execute.SQLQueryJob.executeStatement(SQLQueryJob.java:631)
	at org.jkiss.dbeaver.ui.editors.sql.execute.SQLQueryJob.lambda$2(SQLQueryJob.java:522)
	at org.jkiss.dbeaver.model.exec.DBExecUtils.tryExecuteRecover(DBExecUtils.java:192)
	at org.jkiss.dbeaver.ui.editors.sql.execute.SQLQueryJob.executeSingleQuery(SQLQueryJob.java:541)
	at org.jkiss.dbeaver.ui.editors.sql.execute.SQLQueryJob.extractData(SQLQueryJob.java:1001)
	at org.jkiss.dbeaver.ui.editors.sql.SQLEditor$QueryResultsContainer.readData(SQLEditor.java:4231)
	at org.jkiss.dbeaver.ui.controls.resultset.ResultSetJobDataRead.lambda$0(ResultSetJobDataRead.java:128)
	at org.jkiss.dbeaver.model.exec.DBExecUtils.tryExecuteRecover(DBExecUtils.java:192)
	at org.jkiss.dbeaver.ui.controls.resultset.ResultSetJobDataRead.run(ResultSetJobDataRead.java:126)
	at org.jkiss.dbeaver.ui.controls.resultset.ResultSetViewer$ResultSetDataPumpJob.run(ResultSetViewer.java:5160)
	at org.jkiss.dbeaver.model.runtime.AbstractJob.run(AbstractJob.java:117)
	at org.eclipse.core.internal.jobs.Worker.run(Worker.java:63)

!ENTRY org.jkiss.dbeaver.model 4 0 2024-09-11 10:44:22.422
!MESSAGE SQL Error [1400] [23000]: ORA-01400: NULL을 ("SCOTT"."TABLE_NN"."LOGIN_PWD") 안에 삽입할 수 없습니다

!SUBENTRY 1 org.jkiss.dbeaver.model 4 0 2024-09-11 10:44:22.422
!MESSAGE Error : 1400, Position : 45, Sql = INSERT INTO TABLE_NN VALUES(
	'TESE_ID_01', NULL, '010-1234-5678'
), OriginalSql = INSERT INTO TABLE_NN VALUES(
	'TESE_ID_01', NULL, '010-1234-5678'
), Error Msg = ORA-01400: NULL을 ("SCOTT"."TABLE_NN"."LOGIN_PWD") 안에 삽입할 수 없습니다

!STACK 0
Error : 1400, Position : 45, Sql = INSERT INTO TABLE_NN VALUES(
	'TESE_ID_01', NULL, '010-1234-5678'
), OriginalSql = INSERT INTO TABLE_NN VALUES(
	'TESE_ID_01', NULL, '010-1234-5678'
), Error Msg = ORA-01400: NULL을 ("SCOTT"."TABLE_NN"."LOGIN_PWD") 안에 삽입할 수 없습니다

	at oracle.jdbc.driver.T4CTTIoer11.processError(T4CTTIoer11.java:637)
	at oracle.jdbc.driver.T4CTTIoer11.processError(T4CTTIoer11.java:564)
	at oracle.jdbc.driver.T4C8Oall.processError(T4C8Oall.java:1231)
	at oracle.jdbc.driver.T4CTTIfun.receive(T4CTTIfun.java:772)
	at oracle.jdbc.driver.T4CTTIfun.doRPC(T4CTTIfun.java:299)
	at oracle.jdbc.driver.T4C8Oall.doOALL(T4C8Oall.java:512)
	at oracle.jdbc.driver.T4CStatement.doOall8(T4CStatement.java:123)
	at oracle.jdbc.driver.T4CStatement.executeForRows(T4CStatement.java:1200)
	at oracle.jdbc.driver.OracleStatement.executeSQLStatement(OracleStatement.java:1820)
	at oracle.jdbc.driver.OracleStatement.doExecuteWithTimeout(OracleStatement.java:1472)
	at oracle.jdbc.driver.OracleStatement.executeInternal(OracleStatement.java:2505)
	at oracle.jdbc.driver.OracleStatement.execute(OracleStatement.java:2460)
	at oracle.jdbc.driver.OracleStatementWrapper.execute(OracleStatementWrapper.java:328)
	at org.jkiss.dbeaver.model.impl.jdbc.exec.JDBCStatementImpl.execute(JDBCStatementImpl.java:332)
	at org.jkiss.dbeaver.model.impl.jdbc.exec.JDBCStatementImpl.executeStatement(JDBCStatementImpl.java:131)
	at org.jkiss.dbeaver.ui.editors.sql.execute.SQLQueryJob.executeStatement(SQLQueryJob.java:631)
	at org.jkiss.dbeaver.ui.editors.sql.execute.SQLQueryJob.lambda$2(SQLQueryJob.java:522)
	at org.jkiss.dbeaver.ui.editors.sql.execute.SQLQueryJob.executeSingleQuery(SQLQueryJob.java:544)
	at org.jkiss.dbeaver.ui.editors.sql.execute.SQLQueryJob.extractData(SQLQueryJob.java:1001)
	at org.jkiss.dbeaver.ui.editors.sql.SQLEditor$QueryResultsContainer.readData(SQLEditor.java:4231)
	at org.jkiss.dbeaver.ui.controls.resultset.ResultSetJobDataRead.lambda$0(ResultSetJobDataRead.java:128)
	at org.jkiss.dbeaver.model.exec.DBExecUtils.tryExecuteRecover(DBExecUtils.java:192)
	at org.jkiss.dbeaver.ui.controls.resultset.ResultSetJobDataRead.run(ResultSetJobDataRead.java:126)
	at org.jkiss.dbeaver.ui.controls.resultset.ResultSetViewer$ResultSetDataPumpJob.run(ResultSetViewer.java:5160)
	at org.jkiss.dbeaver.model.runtime.AbstractJob.run(AbstractJob.java:117)
	at org.eclipse.core.internal.jobs.Worker.run(Worker.java:63)

!ENTRY org.jkiss.dbeaver.model 4 0 2024-09-11 10:57:37.040
!MESSAGE SQL Error [2296] [23000]: ORA-02296: (SCOTT.) 사용으로 설정 불가 - 널 값이 발견되었습니다.


Error position: line: 1380
!SUBENTRY 1 org.jkiss.dbeaver.model 4 0 2024-09-11 10:57:37.040
!MESSAGE SQL Error [2296] [23000]: ORA-02296: (SCOTT.) 사용으로 설정 불가 - 널 값이 발견되었습니다.

!SUBENTRY 2 org.jkiss.dbeaver.model 4 0 2024-09-11 10:57:37.040
!MESSAGE Error : 2296, Position : 0, Sql = -- 기존 테이블에 제약 조건 추가(TEL에 제약조건 추가)
ALTER TABLE TABLE_NN MODIFY (TEL NOT NULL), OriginalSql = -- 기존 테이블에 제약 조건 추가(TEL에 제약조건 추가)
ALTER TABLE TABLE_NN MODIFY (TEL NOT NULL), Error Msg = ORA-02296: (SCOTT.) 사용으로 설정 불가 - 널 값이 발견되었습니다.

!STACK 0
Error : 2296, Position : 0, Sql = -- 기존 테이블에 제약 조건 추가(TEL에 제약조건 추가)
ALTER TABLE TABLE_NN MODIFY (TEL NOT NULL), OriginalSql = -- 기존 테이블에 제약 조건 추가(TEL에 제약조건 추가)
ALTER TABLE TABLE_NN MODIFY (TEL NOT NULL), Error Msg = ORA-02296: (SCOTT.) 사용으로 설정 불가 - 널 값이 발견되었습니다.

	at oracle.jdbc.driver.T4CTTIoer11.processError(T4CTTIoer11.java:637)
	at oracle.jdbc.driver.T4CTTIoer11.processError(T4CTTIoer11.java:564)
	at oracle.jdbc.driver.T4C8Oall.processError(T4C8Oall.java:1231)
	at oracle.jdbc.driver.T4CTTIfun.receive(T4CTTIfun.java:772)
	at oracle.jdbc.driver.T4CTTIfun.doRPC(T4CTTIfun.java:299)
	at oracle.jdbc.driver.T4C8Oall.doOALL(T4C8Oall.java:512)
	at oracle.jdbc.driver.T4CStatement.doOall8(T4CStatement.java:123)
	at oracle.jdbc.driver.T4CStatement.executeForRows(T4CStatement.java:1200)
	at oracle.jdbc.driver.OracleStatement.executeSQLStatement(OracleStatement.java:1820)
	at oracle.jdbc.driver.OracleStatement.doExecuteWithTimeout(OracleStatement.java:1472)
	at oracle.jdbc.driver.OracleStatement.executeInternal(OracleStatement.java:2505)
	at oracle.jdbc.driver.OracleStatement.execute(OracleStatement.java:2460)
	at oracle.jdbc.driver.OracleStatementWrapper.execute(OracleStatementWrapper.java:328)
	at org.jkiss.dbeaver.model.impl.jdbc.exec.JDBCStatementImpl.execute(JDBCStatementImpl.java:332)
	at org.jkiss.dbeaver.model.impl.jdbc.exec.JDBCStatementImpl.executeStatement(JDBCStatementImpl.java:131)
	at org.jkiss.dbeaver.ui.editors.sql.execute.SQLQueryJob.executeStatement(SQLQueryJob.java:631)
	at org.jkiss.dbeaver.ui.editors.sql.execute.SQLQueryJob.lambda$2(SQLQueryJob.java:522)
	at org.jkiss.dbeaver.model.exec.DBExecUtils.tryExecuteRecover(DBExecUtils.java:192)
	at org.jkiss.dbeaver.ui.editors.sql.execute.SQLQueryJob.executeSingleQuery(SQLQueryJob.java:541)
	at org.jkiss.dbeaver.ui.editors.sql.execute.SQLQueryJob.extractData(SQLQueryJob.java:1001)
	at org.jkiss.dbeaver.ui.editors.sql.SQLEditor$QueryResultsContainer.readData(SQLEditor.java:4231)
	at org.jkiss.dbeaver.ui.controls.resultset.ResultSetJobDataRead.lambda$0(ResultSetJobDataRead.java:128)
	at org.jkiss.dbeaver.model.exec.DBExecUtils.tryExecuteRecover(DBExecUtils.java:192)
	at org.jkiss.dbeaver.ui.controls.resultset.ResultSetJobDataRead.run(ResultSetJobDataRead.java:126)
	at org.jkiss.dbeaver.ui.controls.resultset.ResultSetViewer$ResultSetDataPumpJob.run(ResultSetViewer.java:5160)
	at org.jkiss.dbeaver.model.runtime.AbstractJob.run(AbstractJob.java:117)
	at org.eclipse.core.internal.jobs.Worker.run(Worker.java:63)

!ENTRY org.jkiss.dbeaver.model 2 0 2024-09-11 10:59:19.447
!MESSAGE Error parsing query
!SUBENTRY 1 org.jkiss.dbeaver.model 2 0 2024-09-11 10:59:19.447
!MESSAGE BadLocationException
!STACK 0
org.eclipse.jface.text.BadLocationException
	at org.eclipse.jface.text.AbstractDocument.get(AbstractDocument.java:958)
	at org.eclipse.core.internal.filebuffers.SynchronizableDocument.get(SynchronizableDocument.java:130)
	at org.jkiss.dbeaver.model.sql.parser.SQLScriptParser.parseQueryImpl(SQLScriptParser.java:135)
	at org.jkiss.dbeaver.model.sql.parser.SQLScriptParser.extractScriptQueries(SQLScriptParser.java:943)
	at org.jkiss.dbeaver.ui.editors.sql.SQLEditorBase.extractScriptQueries(SQLEditorBase.java:952)
	at org.jkiss.dbeaver.ui.editors.sql.syntax.SQLReconcilingStrategy.extractQueries(SQLReconcilingStrategy.java:284)
	at org.jkiss.dbeaver.ui.editors.sql.syntax.SQLReconcilingStrategy.reconcile(SQLReconcilingStrategy.java:218)
	at org.jkiss.dbeaver.ui.editors.sql.syntax.SQLReconcilingStrategy.reconcile(SQLReconcilingStrategy.java:102)
	at org.eclipse.jface.text.reconciler.MonoReconciler.process(MonoReconciler.java:74)
	at org.eclipse.jface.text.reconciler.AbstractReconciler$BackgroundThread.run(AbstractReconciler.java:207)

!ENTRY org.jkiss.dbeaver.model 4 0 2024-09-11 10:59:58.291
!MESSAGE SQL Error [920] [42000]: ORA-00920: 관계 연산자가 부적합합니다


Error position: line: 1384 pos: 60
!SUBENTRY 1 org.jkiss.dbeaver.model 4 0 2024-09-11 10:59:58.291
!MESSAGE SQL Error [920] [42000]: ORA-00920: 관계 연산자가 부적합합니다

!SUBENTRY 2 org.jkiss.dbeaver.model 4 0 2024-09-11 10:59:58.291
!MESSAGE Error : 920, Position : 60, Sql = UPDATE TABLE_NN SET TEL = '010-1234-5678' WHERE 'TESE_ID_10', OriginalSql = UPDATE TABLE_NN SET TEL = '010-1234-5678' WHERE 'TESE_ID_10', Error Msg = ORA-00920: 관계 연산자가 부적합합니다

!STACK 0
Error : 920, Position : 60, Sql = UPDATE TABLE_NN SET TEL = '010-1234-5678' WHERE 'TESE_ID_10', OriginalSql = UPDATE TABLE_NN SET TEL = '010-1234-5678' WHERE 'TESE_ID_10', Error Msg = ORA-00920: 관계 연산자가 부적합합니다

	at oracle.jdbc.driver.T4CTTIoer11.processError(T4CTTIoer11.java:637)
	at oracle.jdbc.driver.T4CTTIoer11.processError(T4CTTIoer11.java:564)
	at oracle.jdbc.driver.T4C8Oall.processError(T4C8Oall.java:1231)
	at oracle.jdbc.driver.T4CTTIfun.receive(T4CTTIfun.java:772)
	at oracle.jdbc.driver.T4CTTIfun.doRPC(T4CTTIfun.java:299)
	at oracle.jdbc.driver.T4C8Oall.doOALL(T4C8Oall.java:512)
	at oracle.jdbc.driver.T4CStatement.doOall8(T4CStatement.java:123)
	at oracle.jdbc.driver.T4CStatement.executeForRows(T4CStatement.java:1200)
	at oracle.jdbc.driver.OracleStatement.executeSQLStatement(OracleStatement.java:1820)
	at oracle.jdbc.driver.OracleStatement.doExecuteWithTimeout(OracleStatement.java:1472)
	at oracle.jdbc.driver.OracleStatement.executeInternal(OracleStatement.java:2505)
	at oracle.jdbc.driver.OracleStatement.execute(OracleStatement.java:2460)
	at oracle.jdbc.driver.OracleStatementWrapper.execute(OracleStatementWrapper.java:328)
	at org.jkiss.dbeaver.model.impl.jdbc.exec.JDBCStatementImpl.execute(JDBCStatementImpl.java:332)
	at org.jkiss.dbeaver.model.impl.jdbc.exec.JDBCStatementImpl.executeStatement(JDBCStatementImpl.java:131)
	at org.jkiss.dbeaver.ui.editors.sql.execute.SQLQueryJob.executeStatement(SQLQueryJob.java:631)
	at org.jkiss.dbeaver.ui.editors.sql.execute.SQLQueryJob.lambda$2(SQLQueryJob.java:522)
	at org.jkiss.dbeaver.ui.editors.sql.execute.SQLQueryJob.executeSingleQuery(SQLQueryJob.java:544)
	at org.jkiss.dbeaver.ui.editors.sql.execute.SQLQueryJob.extractData(SQLQueryJob.java:1001)
	at org.jkiss.dbeaver.ui.editors.sql.SQLEditor$QueryResultsContainer.readData(SQLEditor.java:4231)
	at org.jkiss.dbeaver.ui.controls.resultset.ResultSetJobDataRead.lambda$0(ResultSetJobDataRead.java:128)
	at org.jkiss.dbeaver.model.exec.DBExecUtils.tryExecuteRecover(DBExecUtils.java:192)
	at org.jkiss.dbeaver.ui.controls.resultset.ResultSetJobDataRead.run(ResultSetJobDataRead.java:126)
	at org.jkiss.dbeaver.ui.controls.resultset.ResultSetViewer$ResultSetDataPumpJob.run(ResultSetViewer.java:5160)
	at org.jkiss.dbeaver.model.runtime.AbstractJob.run(AbstractJob.java:117)
	at org.eclipse.core.internal.jobs.Worker.run(Worker.java:63)

!ENTRY org.jkiss.dbeaver.model 4 0 2024-09-11 11:00:19.989
!MESSAGE SQL Error [2296] [23000]: ORA-02296: (SCOTT.) 사용으로 설정 불가 - 널 값이 발견되었습니다.

!SUBENTRY 1 org.jkiss.dbeaver.model 4 0 2024-09-11 11:00:19.989
!MESSAGE Error : 2296, Position : 0, Sql = ALTER TABLE TABLE_NN MODIFY (TEL NOT NULL), OriginalSql = ALTER TABLE TABLE_NN MODIFY (TEL NOT NULL), Error Msg = ORA-02296: (SCOTT.) 사용으로 설정 불가 - 널 값이 발견되었습니다.

!STACK 0
Error : 2296, Position : 0, Sql = ALTER TABLE TABLE_NN MODIFY (TEL NOT NULL), OriginalSql = ALTER TABLE TABLE_NN MODIFY (TEL NOT NULL), Error Msg = ORA-02296: (SCOTT.) 사용으로 설정 불가 - 널 값이 발견되었습니다.

	at oracle.jdbc.driver.T4CTTIoer11.processError(T4CTTIoer11.java:637)
	at oracle.jdbc.driver.T4CTTIoer11.processError(T4CTTIoer11.java:564)
	at oracle.jdbc.driver.T4C8Oall.processError(T4C8Oall.java:1231)
	at oracle.jdbc.driver.T4CTTIfun.receive(T4CTTIfun.java:772)
	at oracle.jdbc.driver.T4CTTIfun.doRPC(T4CTTIfun.java:299)
	at oracle.jdbc.driver.T4C8Oall.doOALL(T4C8Oall.java:512)
	at oracle.jdbc.driver.T4CStatement.doOall8(T4CStatement.java:123)
	at oracle.jdbc.driver.T4CStatement.executeForRows(T4CStatement.java:1200)
	at oracle.jdbc.driver.OracleStatement.executeSQLStatement(OracleStatement.java:1820)
	at oracle.jdbc.driver.OracleStatement.doExecuteWithTimeout(OracleStatement.java:1472)
	at oracle.jdbc.driver.OracleStatement.executeInternal(OracleStatement.java:2505)
	at oracle.jdbc.driver.OracleStatement.execute(OracleStatement.java:2460)
	at oracle.jdbc.driver.OracleStatementWrapper.execute(OracleStatementWrapper.java:328)
	at org.jkiss.dbeaver.model.impl.jdbc.exec.JDBCStatementImpl.execute(JDBCStatementImpl.java:332)
	at org.jkiss.dbeaver.model.impl.jdbc.exec.JDBCStatementImpl.executeStatement(JDBCStatementImpl.java:131)
	at org.jkiss.dbeaver.ui.editors.sql.execute.SQLQueryJob.executeStatement(SQLQueryJob.java:631)
	at org.jkiss.dbeaver.ui.editors.sql.execute.SQLQueryJob.lambda$2(SQLQueryJob.java:522)
	at org.jkiss.dbeaver.model.exec.DBExecUtils.tryExecuteRecover(DBExecUtils.java:192)
	at org.jkiss.dbeaver.ui.editors.sql.execute.SQLQueryJob.executeSingleQuery(SQLQueryJob.java:541)
	at org.jkiss.dbeaver.ui.editors.sql.execute.SQLQueryJob.extractData(SQLQueryJob.java:1001)
	at org.jkiss.dbeaver.ui.editors.sql.SQLEditor$QueryResultsContainer.readData(SQLEditor.java:4231)
	at org.jkiss.dbeaver.ui.controls.resultset.ResultSetJobDataRead.lambda$0(ResultSetJobDataRead.java:128)
	at org.jkiss.dbeaver.model.exec.DBExecUtils.tryExecuteRecover(DBExecUtils.java:192)
	at org.jkiss.dbeaver.ui.controls.resultset.ResultSetJobDataRead.run(ResultSetJobDataRead.java:126)
	at org.jkiss.dbeaver.ui.controls.resultset.ResultSetViewer$ResultSetDataPumpJob.run(ResultSetViewer.java:5160)
	at org.jkiss.dbeaver.model.runtime.AbstractJob.run(AbstractJob.java:117)
	at org.eclipse.core.internal.jobs.Worker.run(Worker.java:63)

!ENTRY org.jkiss.dbeaver.model 4 0 2024-09-11 11:02:29.323
!MESSAGE SQL Error [2296] [23000]: ORA-02296: (SCOTT.) 사용으로 설정 불가 - 널 값이 발견되었습니다.

!SUBENTRY 1 org.jkiss.dbeaver.model 4 0 2024-09-11 11:02:29.323
!MESSAGE Error : 2296, Position : 0, Sql = ALTER TABLE TABLE_NN MODIFY (TEL NOT NULL), OriginalSql = ALTER TABLE TABLE_NN MODIFY (TEL NOT NULL), Error Msg = ORA-02296: (SCOTT.) 사용으로 설정 불가 - 널 값이 발견되었습니다.

!STACK 0
Error : 2296, Position : 0, Sql = ALTER TABLE TABLE_NN MODIFY (TEL NOT NULL), OriginalSql = ALTER TABLE TABLE_NN MODIFY (TEL NOT NULL), Error Msg = ORA-02296: (SCOTT.) 사용으로 설정 불가 - 널 값이 발견되었습니다.

	at oracle.jdbc.driver.T4CTTIoer11.processError(T4CTTIoer11.java:637)
	at oracle.jdbc.driver.T4CTTIoer11.processError(T4CTTIoer11.java:564)
	at oracle.jdbc.driver.T4C8Oall.processError(T4C8Oall.java:1231)
	at oracle.jdbc.driver.T4CTTIfun.receive(T4CTTIfun.java:772)
	at oracle.jdbc.driver.T4CTTIfun.doRPC(T4CTTIfun.java:299)
	at oracle.jdbc.driver.T4C8Oall.doOALL(T4C8Oall.java:512)
	at oracle.jdbc.driver.T4CStatement.doOall8(T4CStatement.java:123)
	at oracle.jdbc.driver.T4CStatement.executeForRows(T4CStatement.java:1200)
	at oracle.jdbc.driver.OracleStatement.executeSQLStatement(OracleStatement.java:1820)
	at oracle.jdbc.driver.OracleStatement.doExecuteWithTimeout(OracleStatement.java:1472)
	at oracle.jdbc.driver.OracleStatement.executeInternal(OracleStatement.java:2505)
	at oracle.jdbc.driver.OracleStatement.execute(OracleStatement.java:2460)
	at oracle.jdbc.driver.OracleStatementWrapper.execute(OracleStatementWrapper.java:328)
	at org.jkiss.dbeaver.model.impl.jdbc.exec.JDBCStatementImpl.execute(JDBCStatementImpl.java:332)
	at org.jkiss.dbeaver.model.impl.jdbc.exec.JDBCStatementImpl.executeStatement(JDBCStatementImpl.java:131)
	at org.jkiss.dbeaver.ui.editors.sql.execute.SQLQueryJob.executeStatement(SQLQueryJob.java:631)
	at org.jkiss.dbeaver.ui.editors.sql.execute.SQLQueryJob.lambda$2(SQLQueryJob.java:522)
	at org.jkiss.dbeaver.model.exec.DBExecUtils.tryExecuteRecover(DBExecUtils.java:192)
	at org.jkiss.dbeaver.ui.editors.sql.execute.SQLQueryJob.executeSingleQuery(SQLQueryJob.java:541)
	at org.jkiss.dbeaver.ui.editors.sql.execute.SQLQueryJob.extractData(SQLQueryJob.java:1001)
	at org.jkiss.dbeaver.ui.editors.sql.SQLEditor$QueryResultsContainer.readData(SQLEditor.java:4231)
	at org.jkiss.dbeaver.ui.controls.resultset.ResultSetJobDataRead.lambda$0(ResultSetJobDataRead.java:128)
	at org.jkiss.dbeaver.model.exec.DBExecUtils.tryExecuteRecover(DBExecUtils.java:192)
	at org.jkiss.dbeaver.ui.controls.resultset.ResultSetJobDataRead.run(ResultSetJobDataRead.java:126)
	at org.jkiss.dbeaver.ui.controls.resultset.ResultSetViewer$ResultSetDataPumpJob.run(ResultSetViewer.java:5160)
	at org.jkiss.dbeaver.model.runtime.AbstractJob.run(AbstractJob.java:117)
	at org.eclipse.core.internal.jobs.Worker.run(Worker.java:63)

!ENTRY org.jkiss.dbeaver.model 4 0 2024-09-11 11:05:22.086
!MESSAGE SQL Error [2296] [23000]: ORA-02296: (SCOTT.TBLNM_TEL) 사용으로 설정 불가 - 널 값이 발견되었습니다.

!SUBENTRY 1 org.jkiss.dbeaver.model 4 0 2024-09-11 11:05:22.086
!MESSAGE Error : 2296, Position : 226, Sql = -- 기존 테이블에 제약 조건 추가(TEL에 제약조건 추가)
-- 사용으로 설정 불가 - 널 값이 발견되었습니다. 기존에 NULL값이 있으므로 오류
ALTER TABLE TABLE_NN MODIFY ( TEL CONSTRAINT TBLNM_TEL NOT NULL), OriginalSql = -- 기존 테이블에 제약 조건 추가(TEL에 제약조건 추가)
-- 사용으로 설정 불가 - 널 값이 발견되었습니다. 기존에 NULL값이 있으므로 오류
ALTER TABLE TABLE_NN MODIFY ( TEL CONSTRAINT TBLNM_TEL NOT NULL), Error Msg = ORA-02296: (SCOTT.TBLNM_TEL) 사용으로 설정 불가 - 널 값이 발견되었습니다.

!STACK 0
Error : 2296, Position : 226, Sql = -- 기존 테이블에 제약 조건 추가(TEL에 제약조건 추가)
-- 사용으로 설정 불가 - 널 값이 발견되었습니다. 기존에 NULL값이 있으므로 오류
ALTER TABLE TABLE_NN MODIFY ( TEL CONSTRAINT TBLNM_TEL NOT NULL), OriginalSql = -- 기존 테이블에 제약 조건 추가(TEL에 제약조건 추가)
-- 사용으로 설정 불가 - 널 값이 발견되었습니다. 기존에 NULL값이 있으므로 오류
ALTER TABLE TABLE_NN MODIFY ( TEL CONSTRAINT TBLNM_TEL NOT NULL), Error Msg = ORA-02296: (SCOTT.TBLNM_TEL) 사용으로 설정 불가 - 널 값이 발견되었습니다.

	at oracle.jdbc.driver.T4CTTIoer11.processError(T4CTTIoer11.java:637)
	at oracle.jdbc.driver.T4CTTIoer11.processError(T4CTTIoer11.java:564)
	at oracle.jdbc.driver.T4C8Oall.processError(T4C8Oall.java:1231)
	at oracle.jdbc.driver.T4CTTIfun.receive(T4CTTIfun.java:772)
	at oracle.jdbc.driver.T4CTTIfun.doRPC(T4CTTIfun.java:299)
	at oracle.jdbc.driver.T4C8Oall.doOALL(T4C8Oall.java:512)
	at oracle.jdbc.driver.T4CStatement.doOall8(T4CStatement.java:123)
	at oracle.jdbc.driver.T4CStatement.executeForRows(T4CStatement.java:1200)
	at oracle.jdbc.driver.OracleStatement.executeSQLStatement(OracleStatement.java:1820)
	at oracle.jdbc.driver.OracleStatement.doExecuteWithTimeout(OracleStatement.java:1472)
	at oracle.jdbc.driver.OracleStatement.executeInternal(OracleStatement.java:2505)
	at oracle.jdbc.driver.OracleStatement.execute(OracleStatement.java:2460)
	at oracle.jdbc.driver.OracleStatementWrapper.execute(OracleStatementWrapper.java:328)
	at org.jkiss.dbeaver.model.impl.jdbc.exec.JDBCStatementImpl.execute(JDBCStatementImpl.java:332)
	at org.jkiss.dbeaver.model.impl.jdbc.exec.JDBCStatementImpl.executeStatement(JDBCStatementImpl.java:131)
	at org.jkiss.dbeaver.ui.editors.sql.execute.SQLQueryJob.executeStatement(SQLQueryJob.java:631)
	at org.jkiss.dbeaver.ui.editors.sql.execute.SQLQueryJob.lambda$2(SQLQueryJob.java:522)
	at org.jkiss.dbeaver.model.exec.DBExecUtils.tryExecuteRecover(DBExecUtils.java:192)
	at org.jkiss.dbeaver.ui.editors.sql.execute.SQLQueryJob.executeSingleQuery(SQLQueryJob.java:541)
	at org.jkiss.dbeaver.ui.editors.sql.execute.SQLQueryJob.extractData(SQLQueryJob.java:1001)
	at org.jkiss.dbeaver.ui.editors.sql.SQLEditor$QueryResultsContainer.readData(SQLEditor.java:4231)
	at org.jkiss.dbeaver.ui.controls.resultset.ResultSetJobDataRead.lambda$0(ResultSetJobDataRead.java:128)
	at org.jkiss.dbeaver.model.exec.DBExecUtils.tryExecuteRecover(DBExecUtils.java:192)
	at org.jkiss.dbeaver.ui.controls.resultset.ResultSetJobDataRead.run(ResultSetJobDataRead.java:126)
	at org.jkiss.dbeaver.ui.controls.resultset.ResultSetViewer$ResultSetDataPumpJob.run(ResultSetViewer.java:5160)
	at org.jkiss.dbeaver.model.runtime.AbstractJob.run(AbstractJob.java:117)
	at org.eclipse.core.internal.jobs.Worker.run(Worker.java:63)

!ENTRY org.jkiss.dbeaver.model 2 0 2024-09-11 11:05:22.180
!MESSAGE Error positioning on query error
!SUBENTRY 1 org.jkiss.dbeaver.model 2 0 2024-09-11 11:05:22.180
!MESSAGE assertion failed: 
!STACK 0
org.eclipse.core.runtime.AssertionFailedException: assertion failed: 
	at org.eclipse.core.runtime.Assert.isTrue(Assert.java:119)
	at org.eclipse.core.runtime.Assert.isTrue(Assert.java:104)
	at org.eclipse.jface.text.Position.<init>(Position.java:66)
	at org.jkiss.dbeaver.ui.editors.sql.SQLEditorBase.visualizeQueryErrors(SQLEditorBase.java:1046)
	at org.jkiss.dbeaver.ui.editors.sql.SQLEditor$SQLEditorQueryListener.processQueryResult(SQLEditor.java:4912)
	at org.jkiss.dbeaver.ui.editors.sql.SQLEditor$SQLEditorQueryListener.lambda$4(SQLEditor.java:4866)
	at org.jkiss.dbeaver.ui.UIUtils$9.runInUIThread(UIUtils.java:1873)
	at org.jkiss.dbeaver.ui.AbstractUIJob.runInUIThread(AbstractUIJob.java:41)
	at org.eclipse.ui.progress.UIJob.lambda$0(UIJob.java:148)
	at org.eclipse.swt.widgets.RunnableLock.run(RunnableLock.java:40)
	at org.eclipse.swt.widgets.Synchronizer.runAsyncMessages(Synchronizer.java:132)
	at org.eclipse.swt.widgets.Display.runAsyncMessages(Display.java:4058)
	at org.eclipse.swt.widgets.Display.readAndDispatch(Display.java:3676)
	at org.eclipse.e4.ui.internal.workbench.swt.PartRenderingEngine$5.run(PartRenderingEngine.java:1151)
	at org.eclipse.core.databinding.observable.Realm.runWithDefault(Realm.java:339)
	at org.eclipse.e4.ui.internal.workbench.swt.PartRenderingEngine.run(PartRenderingEngine.java:1042)
	at org.eclipse.e4.ui.internal.workbench.E4Workbench.createAndRunUI(E4Workbench.java:152)
	at org.eclipse.ui.internal.Workbench.lambda$3(Workbench.java:639)
	at org.eclipse.core.databinding.observable.Realm.runWithDefault(Realm.java:339)
	at org.eclipse.ui.internal.Workbench.createAndRunWorkbench(Workbench.java:546)
	at org.eclipse.ui.PlatformUI.createAndRunWorkbench(PlatformUI.java:173)
	at org.jkiss.dbeaver.ui.app.standalone.DBeaverApplication.start(DBeaverApplication.java:292)
	at org.eclipse.equinox.internal.app.EclipseAppHandle.run(EclipseAppHandle.java:208)
	at org.eclipse.core.runtime.internal.adaptor.EclipseAppLauncher.runApplication(EclipseAppLauncher.java:143)
	at org.eclipse.core.runtime.internal.adaptor.EclipseAppLauncher.start(EclipseAppLauncher.java:109)
	at org.eclipse.core.runtime.adaptor.EclipseStarter.run(EclipseStarter.java:439)
	at org.eclipse.core.runtime.adaptor.EclipseStarter.run(EclipseStarter.java:271)
	at java.base/jdk.internal.reflect.NativeMethodAccessorImpl.invoke0(Native Method)
	at java.base/jdk.internal.reflect.NativeMethodAccessorImpl.invoke(Unknown Source)
	at java.base/jdk.internal.reflect.DelegatingMethodAccessorImpl.invoke(Unknown Source)
	at java.base/java.lang.reflect.Method.invoke(Unknown Source)
	at org.jkiss.dbeaver.launcher.DBeaverLauncher.invokeFramework(DBeaverLauncher.java:648)
	at org.jkiss.dbeaver.launcher.DBeaverLauncher.basicRun(DBeaverLauncher.java:608)
	at org.jkiss.dbeaver.launcher.DBeaverLauncher.run(DBeaverLauncher.java:1459)

!ENTRY org.jkiss.dbeaver.model 4 0 2024-09-11 11:05:38.553
!MESSAGE SQL Error [2296] [23000]: ORA-02296: (SCOTT.TBLNM_TEL) 사용으로 설정 불가 - 널 값이 발견되었습니다.

!SUBENTRY 1 org.jkiss.dbeaver.model 4 0 2024-09-11 11:05:38.553
!MESSAGE Error : 2296, Position : 44, Sql = ALTER TABLE TABLE_NN MODIFY (TEL CONSTRAINT TBLNM_TEL NOT NULL), OriginalSql = ALTER TABLE TABLE_NN MODIFY (TEL CONSTRAINT TBLNM_TEL NOT NULL), Error Msg = ORA-02296: (SCOTT.TBLNM_TEL) 사용으로 설정 불가 - 널 값이 발견되었습니다.

!STACK 0
Error : 2296, Position : 44, Sql = ALTER TABLE TABLE_NN MODIFY (TEL CONSTRAINT TBLNM_TEL NOT NULL), OriginalSql = ALTER TABLE TABLE_NN MODIFY (TEL CONSTRAINT TBLNM_TEL NOT NULL), Error Msg = ORA-02296: (SCOTT.TBLNM_TEL) 사용으로 설정 불가 - 널 값이 발견되었습니다.

	at oracle.jdbc.driver.T4CTTIoer11.processError(T4CTTIoer11.java:637)
	at oracle.jdbc.driver.T4CTTIoer11.processError(T4CTTIoer11.java:564)
	at oracle.jdbc.driver.T4C8Oall.processError(T4C8Oall.java:1231)
	at oracle.jdbc.driver.T4CTTIfun.receive(T4CTTIfun.java:772)
	at oracle.jdbc.driver.T4CTTIfun.doRPC(T4CTTIfun.java:299)
	at oracle.jdbc.driver.T4C8Oall.doOALL(T4C8Oall.java:512)
	at oracle.jdbc.driver.T4CStatement.doOall8(T4CStatement.java:123)
	at oracle.jdbc.driver.T4CStatement.executeForRows(T4CStatement.java:1200)
	at oracle.jdbc.driver.OracleStatement.executeSQLStatement(OracleStatement.java:1820)
	at oracle.jdbc.driver.OracleStatement.doExecuteWithTimeout(OracleStatement.java:1472)
	at oracle.jdbc.driver.OracleStatement.executeInternal(OracleStatement.java:2505)
	at oracle.jdbc.driver.OracleStatement.execute(OracleStatement.java:2460)
	at oracle.jdbc.driver.OracleStatementWrapper.execute(OracleStatementWrapper.java:328)
	at org.jkiss.dbeaver.model.impl.jdbc.exec.JDBCStatementImpl.execute(JDBCStatementImpl.java:332)
	at org.jkiss.dbeaver.model.impl.jdbc.exec.JDBCStatementImpl.executeStatement(JDBCStatementImpl.java:131)
	at org.jkiss.dbeaver.ui.editors.sql.execute.SQLQueryJob.executeStatement(SQLQueryJob.java:631)
	at org.jkiss.dbeaver.ui.editors.sql.execute.SQLQueryJob.lambda$2(SQLQueryJob.java:522)
	at org.jkiss.dbeaver.model.exec.DBExecUtils.tryExecuteRecover(DBExecUtils.java:192)
	at org.jkiss.dbeaver.ui.editors.sql.execute.SQLQueryJob.executeSingleQuery(SQLQueryJob.java:541)
	at org.jkiss.dbeaver.ui.editors.sql.execute.SQLQueryJob.extractData(SQLQueryJob.java:1001)
	at org.jkiss.dbeaver.ui.editors.sql.SQLEditor$QueryResultsContainer.readData(SQLEditor.java:4231)
	at org.jkiss.dbeaver.ui.controls.resultset.ResultSetJobDataRead.lambda$0(ResultSetJobDataRead.java:128)
	at org.jkiss.dbeaver.model.exec.DBExecUtils.tryExecuteRecover(DBExecUtils.java:192)
	at org.jkiss.dbeaver.ui.controls.resultset.ResultSetJobDataRead.run(ResultSetJobDataRead.java:126)
	at org.jkiss.dbeaver.ui.controls.resultset.ResultSetViewer$ResultSetDataPumpJob.run(ResultSetViewer.java:5160)
	at org.jkiss.dbeaver.model.runtime.AbstractJob.run(AbstractJob.java:117)
	at org.eclipse.core.internal.jobs.Worker.run(Worker.java:63)

!ENTRY org.jkiss.dbeaver.model 4 0 2024-09-11 11:06:09.138
!MESSAGE SQL Error [2296] [23000]: ORA-02296: (SCOTT.TBLNM_TEL_NN) 사용으로 설정 불가 - 널 값이 발견되었습니다.

!SUBENTRY 1 org.jkiss.dbeaver.model 4 0 2024-09-11 11:06:09.138
!MESSAGE Error : 2296, Position : 44, Sql = ALTER TABLE TABLE_NN MODIFY (TEL CONSTRAINT TBLNM_TEL_NN NOT NULL), OriginalSql = ALTER TABLE TABLE_NN MODIFY (TEL CONSTRAINT TBLNM_TEL_NN NOT NULL), Error Msg = ORA-02296: (SCOTT.TBLNM_TEL_NN) 사용으로 설정 불가 - 널 값이 발견되었습니다.

!STACK 0
Error : 2296, Position : 44, Sql = ALTER TABLE TABLE_NN MODIFY (TEL CONSTRAINT TBLNM_TEL_NN NOT NULL), OriginalSql = ALTER TABLE TABLE_NN MODIFY (TEL CONSTRAINT TBLNM_TEL_NN NOT NULL), Error Msg = ORA-02296: (SCOTT.TBLNM_TEL_NN) 사용으로 설정 불가 - 널 값이 발견되었습니다.

	at oracle.jdbc.driver.T4CTTIoer11.processError(T4CTTIoer11.java:637)
	at oracle.jdbc.driver.T4CTTIoer11.processError(T4CTTIoer11.java:564)
	at oracle.jdbc.driver.T4C8Oall.processError(T4C8Oall.java:1231)
	at oracle.jdbc.driver.T4CTTIfun.receive(T4CTTIfun.java:772)
	at oracle.jdbc.driver.T4CTTIfun.doRPC(T4CTTIfun.java:299)
	at oracle.jdbc.driver.T4C8Oall.doOALL(T4C8Oall.java:512)
	at oracle.jdbc.driver.T4CStatement.doOall8(T4CStatement.java:123)
	at oracle.jdbc.driver.T4CStatement.executeForRows(T4CStatement.java:1200)
	at oracle.jdbc.driver.OracleStatement.executeSQLStatement(OracleStatement.java:1820)
	at oracle.jdbc.driver.OracleStatement.doExecuteWithTimeout(OracleStatement.java:1472)
	at oracle.jdbc.driver.OracleStatement.executeInternal(OracleStatement.java:2505)
	at oracle.jdbc.driver.OracleStatement.execute(OracleStatement.java:2460)
	at oracle.jdbc.driver.OracleStatementWrapper.execute(OracleStatementWrapper.java:328)
	at org.jkiss.dbeaver.model.impl.jdbc.exec.JDBCStatementImpl.execute(JDBCStatementImpl.java:332)
	at org.jkiss.dbeaver.model.impl.jdbc.exec.JDBCStatementImpl.executeStatement(JDBCStatementImpl.java:131)
	at org.jkiss.dbeaver.ui.editors.sql.execute.SQLQueryJob.executeStatement(SQLQueryJob.java:631)
	at org.jkiss.dbeaver.ui.editors.sql.execute.SQLQueryJob.lambda$2(SQLQueryJob.java:522)
	at org.jkiss.dbeaver.model.exec.DBExecUtils.tryExecuteRecover(DBExecUtils.java:192)
	at org.jkiss.dbeaver.ui.editors.sql.execute.SQLQueryJob.executeSingleQuery(SQLQueryJob.java:541)
	at org.jkiss.dbeaver.ui.editors.sql.execute.SQLQueryJob.extractData(SQLQueryJob.java:1001)
	at org.jkiss.dbeaver.ui.editors.sql.SQLEditor$QueryResultsContainer.readData(SQLEditor.java:4231)
	at org.jkiss.dbeaver.ui.controls.resultset.ResultSetJobDataRead.lambda$0(ResultSetJobDataRead.java:128)
	at org.jkiss.dbeaver.model.exec.DBExecUtils.tryExecuteRecover(DBExecUtils.java:192)
	at org.jkiss.dbeaver.ui.controls.resultset.ResultSetJobDataRead.run(ResultSetJobDataRead.java:126)
	at org.jkiss.dbeaver.ui.controls.resultset.ResultSetViewer$ResultSetDataPumpJob.run(ResultSetViewer.java:5160)
	at org.jkiss.dbeaver.model.runtime.AbstractJob.run(AbstractJob.java:117)
	at org.eclipse.core.internal.jobs.Worker.run(Worker.java:63)

!ENTRY org.jkiss.dbeaver.model 4 0 2024-09-11 11:06:11.127
!MESSAGE SQL Error [23292] [99999]: ORA-23292: 제약 조건이 존재하지 않음

!SUBENTRY 1 org.jkiss.dbeaver.model 4 0 2024-09-11 11:06:11.127
!MESSAGE Error : 23292, Position : 0, Sql = -- 생성한 제약 조건 이름 변경
ALTER TABLE TABLE_NN RENAME CONSTRAINT TBLNM_TEL_NN TO TBLNM2_TEL_NN, OriginalSql = -- 생성한 제약 조건 이름 변경
ALTER TABLE TABLE_NN RENAME CONSTRAINT TBLNM_TEL_NN TO TBLNM2_TEL_NN, Error Msg = ORA-23292: 제약 조건이 존재하지 않음

!STACK 0
Error : 23292, Position : 0, Sql = -- 생성한 제약 조건 이름 변경
ALTER TABLE TABLE_NN RENAME CONSTRAINT TBLNM_TEL_NN TO TBLNM2_TEL_NN, OriginalSql = -- 생성한 제약 조건 이름 변경
ALTER TABLE TABLE_NN RENAME CONSTRAINT TBLNM_TEL_NN TO TBLNM2_TEL_NN, Error Msg = ORA-23292: 제약 조건이 존재하지 않음

	at oracle.jdbc.driver.T4CTTIoer11.processError(T4CTTIoer11.java:637)
	at oracle.jdbc.driver.T4CTTIoer11.processError(T4CTTIoer11.java:564)
	at oracle.jdbc.driver.T4C8Oall.processError(T4C8Oall.java:1231)
	at oracle.jdbc.driver.T4CTTIfun.receive(T4CTTIfun.java:772)
	at oracle.jdbc.driver.T4CTTIfun.doRPC(T4CTTIfun.java:299)
	at oracle.jdbc.driver.T4C8Oall.doOALL(T4C8Oall.java:512)
	at oracle.jdbc.driver.T4CStatement.doOall8(T4CStatement.java:123)
	at oracle.jdbc.driver.T4CStatement.executeForRows(T4CStatement.java:1200)
	at oracle.jdbc.driver.OracleStatement.executeSQLStatement(OracleStatement.java:1820)
	at oracle.jdbc.driver.OracleStatement.doExecuteWithTimeout(OracleStatement.java:1472)
	at oracle.jdbc.driver.OracleStatement.executeInternal(OracleStatement.java:2505)
	at oracle.jdbc.driver.OracleStatement.execute(OracleStatement.java:2460)
	at oracle.jdbc.driver.OracleStatementWrapper.execute(OracleStatementWrapper.java:328)
	at org.jkiss.dbeaver.model.impl.jdbc.exec.JDBCStatementImpl.execute(JDBCStatementImpl.java:332)
	at org.jkiss.dbeaver.model.impl.jdbc.exec.JDBCStatementImpl.executeStatement(JDBCStatementImpl.java:131)
	at org.jkiss.dbeaver.ui.editors.sql.execute.SQLQueryJob.executeStatement(SQLQueryJob.java:631)
	at org.jkiss.dbeaver.ui.editors.sql.execute.SQLQueryJob.lambda$2(SQLQueryJob.java:522)
	at org.jkiss.dbeaver.model.exec.DBExecUtils.tryExecuteRecover(DBExecUtils.java:192)
	at org.jkiss.dbeaver.ui.editors.sql.execute.SQLQueryJob.executeSingleQuery(SQLQueryJob.java:541)
	at org.jkiss.dbeaver.ui.editors.sql.execute.SQLQueryJob.extractData(SQLQueryJob.java:1001)
	at org.jkiss.dbeaver.ui.editors.sql.SQLEditor$QueryResultsContainer.readData(SQLEditor.java:4231)
	at org.jkiss.dbeaver.ui.controls.resultset.ResultSetJobDataRead.lambda$0(ResultSetJobDataRead.java:128)
	at org.jkiss.dbeaver.model.exec.DBExecUtils.tryExecuteRecover(DBExecUtils.java:192)
	at org.jkiss.dbeaver.ui.controls.resultset.ResultSetJobDataRead.run(ResultSetJobDataRead.java:126)
	at org.jkiss.dbeaver.ui.controls.resultset.ResultSetViewer$ResultSetDataPumpJob.run(ResultSetViewer.java:5160)
	at org.jkiss.dbeaver.model.runtime.AbstractJob.run(AbstractJob.java:117)
	at org.eclipse.core.internal.jobs.Worker.run(Worker.java:63)

!ENTRY org.jkiss.dbeaver.model 4 0 2024-09-11 11:06:18.030
!MESSAGE SQL Error [933] [42000]: ORA-00933: SQL 명령어가 올바르게 종료되지 않았습니다

!SUBENTRY 1 org.jkiss.dbeaver.model 4 0 2024-09-11 11:06:18.030
!MESSAGE Error : 933, Position : 46, Sql = -- 제약 조건 삭제
DROP TABLE TABLE_NN2 DROP CONSTRAINT TMLNN2 _TEL_NN, OriginalSql = -- 제약 조건 삭제
DROP TABLE TABLE_NN2 DROP CONSTRAINT TMLNN2 _TEL_NN, Error Msg = ORA-00933: SQL 명령어가 올바르게 종료되지 않았습니다

!STACK 0
Error : 933, Position : 46, Sql = -- 제약 조건 삭제
DROP TABLE TABLE_NN2 DROP CONSTRAINT TMLNN2 _TEL_NN, OriginalSql = -- 제약 조건 삭제
DROP TABLE TABLE_NN2 DROP CONSTRAINT TMLNN2 _TEL_NN, Error Msg = ORA-00933: SQL 명령어가 올바르게 종료되지 않았습니다

	at oracle.jdbc.driver.T4CTTIoer11.processError(T4CTTIoer11.java:637)
	at oracle.jdbc.driver.T4CTTIoer11.processError(T4CTTIoer11.java:564)
	at oracle.jdbc.driver.T4C8Oall.processError(T4C8Oall.java:1231)
	at oracle.jdbc.driver.T4CTTIfun.receive(T4CTTIfun.java:772)
	at oracle.jdbc.driver.T4CTTIfun.doRPC(T4CTTIfun.java:299)
	at oracle.jdbc.driver.T4C8Oall.doOALL(T4C8Oall.java:512)
	at oracle.jdbc.driver.T4CStatement.doOall8(T4CStatement.java:123)
	at oracle.jdbc.driver.T4CStatement.executeForRows(T4CStatement.java:1200)
	at oracle.jdbc.driver.OracleStatement.executeSQLStatement(OracleStatement.java:1820)
	at oracle.jdbc.driver.OracleStatement.doExecuteWithTimeout(OracleStatement.java:1472)
	at oracle.jdbc.driver.OracleStatement.executeInternal(OracleStatement.java:2505)
	at oracle.jdbc.driver.OracleStatement.execute(OracleStatement.java:2460)
	at oracle.jdbc.driver.OracleStatementWrapper.execute(OracleStatementWrapper.java:328)
	at org.jkiss.dbeaver.model.impl.jdbc.exec.JDBCStatementImpl.execute(JDBCStatementImpl.java:332)
	at org.jkiss.dbeaver.model.impl.jdbc.exec.JDBCStatementImpl.executeStatement(JDBCStatementImpl.java:131)
	at org.jkiss.dbeaver.ui.editors.sql.execute.SQLQueryJob.executeStatement(SQLQueryJob.java:631)
	at org.jkiss.dbeaver.ui.editors.sql.execute.SQLQueryJob.lambda$2(SQLQueryJob.java:522)
	at org.jkiss.dbeaver.model.exec.DBExecUtils.tryExecuteRecover(DBExecUtils.java:192)
	at org.jkiss.dbeaver.ui.editors.sql.execute.SQLQueryJob.executeSingleQuery(SQLQueryJob.java:541)
	at org.jkiss.dbeaver.ui.editors.sql.execute.SQLQueryJob.extractData(SQLQueryJob.java:1001)
	at org.jkiss.dbeaver.ui.editors.sql.SQLEditor$QueryResultsContainer.readData(SQLEditor.java:4231)
	at org.jkiss.dbeaver.ui.controls.resultset.ResultSetJobDataRead.lambda$0(ResultSetJobDataRead.java:128)
	at org.jkiss.dbeaver.model.exec.DBExecUtils.tryExecuteRecover(DBExecUtils.java:192)
	at org.jkiss.dbeaver.ui.controls.resultset.ResultSetJobDataRead.run(ResultSetJobDataRead.java:126)
	at org.jkiss.dbeaver.ui.controls.resultset.ResultSetViewer$ResultSetDataPumpJob.run(ResultSetViewer.java:5160)
	at org.jkiss.dbeaver.model.runtime.AbstractJob.run(AbstractJob.java:117)
	at org.eclipse.core.internal.jobs.Worker.run(Worker.java:63)

!ENTRY org.jkiss.dbeaver.model 2 0 2024-09-11 11:09:14.205
!MESSAGE Error parsing query
!SUBENTRY 1 org.jkiss.dbeaver.model 2 0 2024-09-11 11:09:14.206
!MESSAGE BadLocationException
!STACK 0
org.eclipse.jface.text.BadLocationException
	at org.eclipse.jface.text.AbstractDocument.get(AbstractDocument.java:958)
	at org.eclipse.core.internal.filebuffers.SynchronizableDocument.get(SynchronizableDocument.java:130)
	at org.jkiss.dbeaver.model.sql.parser.SQLScriptParser.parseQueryImpl(SQLScriptParser.java:135)
	at org.jkiss.dbeaver.model.sql.parser.SQLScriptParser.extractScriptQueries(SQLScriptParser.java:943)
	at org.jkiss.dbeaver.ui.editors.sql.SQLEditorBase.extractScriptQueries(SQLEditorBase.java:952)
	at org.jkiss.dbeaver.ui.editors.sql.syntax.SQLReconcilingStrategy.extractQueries(SQLReconcilingStrategy.java:284)
	at org.jkiss.dbeaver.ui.editors.sql.syntax.SQLReconcilingStrategy.reconcile(SQLReconcilingStrategy.java:218)
	at org.jkiss.dbeaver.ui.editors.sql.syntax.SQLReconcilingStrategy.reconcile(SQLReconcilingStrategy.java:102)
	at org.eclipse.jface.text.reconciler.MonoReconciler.process(MonoReconciler.java:74)
	at org.eclipse.jface.text.reconciler.AbstractReconciler$BackgroundThread.run(AbstractReconciler.java:207)

!ENTRY org.jkiss.dbeaver.model 4 0 2024-09-11 11:17:42.333
!MESSAGE SQL Error [1] [23000]: ORA-00001: 무결성 제약 조건(SCOTT.SYS_C008361)에 위배됩니다


Error position: line: 1405
!SUBENTRY 1 org.jkiss.dbeaver.model 4 0 2024-09-11 11:17:42.333
!MESSAGE SQL Error [1] [23000]: ORA-00001: 무결성 제약 조건(SCOTT.SYS_C008361)에 위배됩니다

!SUBENTRY 2 org.jkiss.dbeaver.model 4 0 2024-09-11 11:17:42.333
!MESSAGE Error : 1, Position : 0, Sql = INSERT INTO TABLE_UNIQUE VALUES ('TEST_ID_01', 'TEST_PWD_01', '010-1234-5678'), OriginalSql = INSERT INTO TABLE_UNIQUE VALUES ('TEST_ID_01', 'TEST_PWD_01', '010-1234-5678'), Error Msg = ORA-00001: 무결성 제약 조건(SCOTT.SYS_C008361)에 위배됩니다

!STACK 0
Error : 1, Position : 0, Sql = INSERT INTO TABLE_UNIQUE VALUES ('TEST_ID_01', 'TEST_PWD_01', '010-1234-5678'), OriginalSql = INSERT INTO TABLE_UNIQUE VALUES ('TEST_ID_01', 'TEST_PWD_01', '010-1234-5678'), Error Msg = ORA-00001: 무결성 제약 조건(SCOTT.SYS_C008361)에 위배됩니다

	at oracle.jdbc.driver.T4CTTIoer11.processError(T4CTTIoer11.java:637)
	at oracle.jdbc.driver.T4CTTIoer11.processError(T4CTTIoer11.java:564)
	at oracle.jdbc.driver.T4C8Oall.processError(T4C8Oall.java:1231)
	at oracle.jdbc.driver.T4CTTIfun.receive(T4CTTIfun.java:772)
	at oracle.jdbc.driver.T4CTTIfun.doRPC(T4CTTIfun.java:299)
	at oracle.jdbc.driver.T4C8Oall.doOALL(T4C8Oall.java:512)
	at oracle.jdbc.driver.T4CStatement.doOall8(T4CStatement.java:123)
	at oracle.jdbc.driver.T4CStatement.executeForRows(T4CStatement.java:1200)
	at oracle.jdbc.driver.OracleStatement.executeSQLStatement(OracleStatement.java:1820)
	at oracle.jdbc.driver.OracleStatement.doExecuteWithTimeout(OracleStatement.java:1472)
	at oracle.jdbc.driver.OracleStatement.executeInternal(OracleStatement.java:2505)
	at oracle.jdbc.driver.OracleStatement.execute(OracleStatement.java:2460)
	at oracle.jdbc.driver.OracleStatementWrapper.execute(OracleStatementWrapper.java:328)
	at org.jkiss.dbeaver.model.impl.jdbc.exec.JDBCStatementImpl.execute(JDBCStatementImpl.java:332)
	at org.jkiss.dbeaver.model.impl.jdbc.exec.JDBCStatementImpl.executeStatement(JDBCStatementImpl.java:131)
	at org.jkiss.dbeaver.ui.editors.sql.execute.SQLQueryJob.executeStatement(SQLQueryJob.java:631)
	at org.jkiss.dbeaver.ui.editors.sql.execute.SQLQueryJob.lambda$2(SQLQueryJob.java:522)
	at org.jkiss.dbeaver.ui.editors.sql.execute.SQLQueryJob.executeSingleQuery(SQLQueryJob.java:544)
	at org.jkiss.dbeaver.ui.editors.sql.execute.SQLQueryJob.extractData(SQLQueryJob.java:1001)
	at org.jkiss.dbeaver.ui.editors.sql.SQLEditor$QueryResultsContainer.readData(SQLEditor.java:4231)
	at org.jkiss.dbeaver.ui.controls.resultset.ResultSetJobDataRead.lambda$0(ResultSetJobDataRead.java:128)
	at org.jkiss.dbeaver.model.exec.DBExecUtils.tryExecuteRecover(DBExecUtils.java:192)
	at org.jkiss.dbeaver.ui.controls.resultset.ResultSetJobDataRead.run(ResultSetJobDataRead.java:126)
	at org.jkiss.dbeaver.ui.controls.resultset.ResultSetViewer$ResultSetDataPumpJob.run(ResultSetViewer.java:5160)
	at org.jkiss.dbeaver.model.runtime.AbstractJob.run(AbstractJob.java:117)
	at org.eclipse.core.internal.jobs.Worker.run(Worker.java:63)

!ENTRY org.jkiss.dbeaver.model 4 0 2024-09-11 11:37:33.879
!MESSAGE SQL Error [907] [42000]: ORA-00907: 누락된 우괄호

!SUBENTRY 1 org.jkiss.dbeaver.model 4 0 2024-09-11 11:37:33.879
!MESSAGE Error : 907, Position : 113, Sql = CREATE TABLE TABLE_UNIQUE2(
	LOGIN_ID VARCHAR2(20) CONSTRAINT TBLUNQ2_LGN_UNQ  UNIQUE,
	LOGIN_PWD VARCHAR2(20) TBLUNQ2_LGN_UNQ NOT NULL, 
	TEL VARCHAR2(20)
), OriginalSql = CREATE TABLE TABLE_UNIQUE2(
	LOGIN_ID VARCHAR2(20) CONSTRAINT TBLUNQ2_LGN_UNQ  UNIQUE,
	LOGIN_PWD VARCHAR2(20) TBLUNQ2_LGN_UNQ NOT NULL, 
	TEL VARCHAR2(20)
), Error Msg = ORA-00907: 누락된 우괄호

!STACK 0
Error : 907, Position : 113, Sql = CREATE TABLE TABLE_UNIQUE2(
	LOGIN_ID VARCHAR2(20) CONSTRAINT TBLUNQ2_LGN_UNQ  UNIQUE,
	LOGIN_PWD VARCHAR2(20) TBLUNQ2_LGN_UNQ NOT NULL, 
	TEL VARCHAR2(20)
), OriginalSql = CREATE TABLE TABLE_UNIQUE2(
	LOGIN_ID VARCHAR2(20) CONSTRAINT TBLUNQ2_LGN_UNQ  UNIQUE,
	LOGIN_PWD VARCHAR2(20) TBLUNQ2_LGN_UNQ NOT NULL, 
	TEL VARCHAR2(20)
), Error Msg = ORA-00907: 누락된 우괄호

	at oracle.jdbc.driver.T4CTTIoer11.processError(T4CTTIoer11.java:637)
	at oracle.jdbc.driver.T4CTTIoer11.processError(T4CTTIoer11.java:564)
	at oracle.jdbc.driver.T4C8Oall.processError(T4C8Oall.java:1231)
	at oracle.jdbc.driver.T4CTTIfun.receive(T4CTTIfun.java:772)
	at oracle.jdbc.driver.T4CTTIfun.doRPC(T4CTTIfun.java:299)
	at oracle.jdbc.driver.T4C8Oall.doOALL(T4C8Oall.java:512)
	at oracle.jdbc.driver.T4CStatement.doOall8(T4CStatement.java:123)
	at oracle.jdbc.driver.T4CStatement.executeForRows(T4CStatement.java:1200)
	at oracle.jdbc.driver.OracleStatement.executeSQLStatement(OracleStatement.java:1820)
	at oracle.jdbc.driver.OracleStatement.doExecuteWithTimeout(OracleStatement.java:1472)
	at oracle.jdbc.driver.OracleStatement.executeInternal(OracleStatement.java:2505)
	at oracle.jdbc.driver.OracleStatement.execute(OracleStatement.java:2460)
	at oracle.jdbc.driver.OracleStatementWrapper.execute(OracleStatementWrapper.java:328)
	at org.jkiss.dbeaver.model.impl.jdbc.exec.JDBCStatementImpl.execute(JDBCStatementImpl.java:332)
	at org.jkiss.dbeaver.model.impl.jdbc.exec.JDBCStatementImpl.executeStatement(JDBCStatementImpl.java:131)
	at org.jkiss.dbeaver.ui.editors.sql.execute.SQLQueryJob.executeStatement(SQLQueryJob.java:631)
	at org.jkiss.dbeaver.ui.editors.sql.execute.SQLQueryJob.lambda$2(SQLQueryJob.java:522)
	at org.jkiss.dbeaver.model.exec.DBExecUtils.tryExecuteRecover(DBExecUtils.java:192)
	at org.jkiss.dbeaver.ui.editors.sql.execute.SQLQueryJob.executeSingleQuery(SQLQueryJob.java:541)
	at org.jkiss.dbeaver.ui.editors.sql.execute.SQLQueryJob.extractData(SQLQueryJob.java:1001)
	at org.jkiss.dbeaver.ui.editors.sql.SQLEditor$QueryResultsContainer.readData(SQLEditor.java:4231)
	at org.jkiss.dbeaver.ui.controls.resultset.ResultSetJobDataRead.lambda$0(ResultSetJobDataRead.java:128)
	at org.jkiss.dbeaver.model.exec.DBExecUtils.tryExecuteRecover(DBExecUtils.java:192)
	at org.jkiss.dbeaver.ui.controls.resultset.ResultSetJobDataRead.run(ResultSetJobDataRead.java:126)
	at org.jkiss.dbeaver.ui.controls.resultset.ResultSetViewer$ResultSetDataPumpJob.run(ResultSetViewer.java:5160)
	at org.jkiss.dbeaver.model.runtime.AbstractJob.run(AbstractJob.java:117)
	at org.eclipse.core.internal.jobs.Worker.run(Worker.java:63)

!ENTRY org.jkiss.dbeaver.model 4 0 2024-09-11 11:37:48.754
!MESSAGE SQL Error [2264] [42000]: ORA-02264: 기존의 제약에 사용된 이름입니다

!SUBENTRY 1 org.jkiss.dbeaver.model 4 0 2024-09-11 11:37:48.754
!MESSAGE Error : 2264, Position : 63, Sql = CREATE TABLE TABLE_UNIQUE2(
	LOGIN_ID VARCHAR2(20) CONSTRAINT TBLUNQ2_LGN_UNQ  UNIQUE,
	LOGIN_PWD VARCHAR2(20) CONSTRAINT TBLUNQ2_LGN_UNQ NOT NULL, 
	TEL VARCHAR2(20)
), OriginalSql = CREATE TABLE TABLE_UNIQUE2(
	LOGIN_ID VARCHAR2(20) CONSTRAINT TBLUNQ2_LGN_UNQ  UNIQUE,
	LOGIN_PWD VARCHAR2(20) CONSTRAINT TBLUNQ2_LGN_UNQ NOT NULL, 
	TEL VARCHAR2(20)
), Error Msg = ORA-02264: 기존의 제약에 사용된 이름입니다

!STACK 0
Error : 2264, Position : 63, Sql = CREATE TABLE TABLE_UNIQUE2(
	LOGIN_ID VARCHAR2(20) CONSTRAINT TBLUNQ2_LGN_UNQ  UNIQUE,
	LOGIN_PWD VARCHAR2(20) CONSTRAINT TBLUNQ2_LGN_UNQ NOT NULL, 
	TEL VARCHAR2(20)
), OriginalSql = CREATE TABLE TABLE_UNIQUE2(
	LOGIN_ID VARCHAR2(20) CONSTRAINT TBLUNQ2_LGN_UNQ  UNIQUE,
	LOGIN_PWD VARCHAR2(20) CONSTRAINT TBLUNQ2_LGN_UNQ NOT NULL, 
	TEL VARCHAR2(20)
), Error Msg = ORA-02264: 기존의 제약에 사용된 이름입니다

	at oracle.jdbc.driver.T4CTTIoer11.processError(T4CTTIoer11.java:637)
	at oracle.jdbc.driver.T4CTTIoer11.processError(T4CTTIoer11.java:564)
	at oracle.jdbc.driver.T4C8Oall.processError(T4C8Oall.java:1231)
	at oracle.jdbc.driver.T4CTTIfun.receive(T4CTTIfun.java:772)
	at oracle.jdbc.driver.T4CTTIfun.doRPC(T4CTTIfun.java:299)
	at oracle.jdbc.driver.T4C8Oall.doOALL(T4C8Oall.java:512)
	at oracle.jdbc.driver.T4CStatement.doOall8(T4CStatement.java:123)
	at oracle.jdbc.driver.T4CStatement.executeForRows(T4CStatement.java:1200)
	at oracle.jdbc.driver.OracleStatement.executeSQLStatement(OracleStatement.java:1820)
	at oracle.jdbc.driver.OracleStatement.doExecuteWithTimeout(OracleStatement.java:1472)
	at oracle.jdbc.driver.OracleStatement.executeInternal(OracleStatement.java:2505)
	at oracle.jdbc.driver.OracleStatement.execute(OracleStatement.java:2460)
	at oracle.jdbc.driver.OracleStatementWrapper.execute(OracleStatementWrapper.java:328)
	at org.jkiss.dbeaver.model.impl.jdbc.exec.JDBCStatementImpl.execute(JDBCStatementImpl.java:332)
	at org.jkiss.dbeaver.model.impl.jdbc.exec.JDBCStatementImpl.executeStatement(JDBCStatementImpl.java:131)
	at org.jkiss.dbeaver.ui.editors.sql.execute.SQLQueryJob.executeStatement(SQLQueryJob.java:631)
	at org.jkiss.dbeaver.ui.editors.sql.execute.SQLQueryJob.lambda$2(SQLQueryJob.java:522)
	at org.jkiss.dbeaver.model.exec.DBExecUtils.tryExecuteRecover(DBExecUtils.java:192)
	at org.jkiss.dbeaver.ui.editors.sql.execute.SQLQueryJob.executeSingleQuery(SQLQueryJob.java:541)
	at org.jkiss.dbeaver.ui.editors.sql.execute.SQLQueryJob.extractData(SQLQueryJob.java:1001)
	at org.jkiss.dbeaver.ui.editors.sql.SQLEditor$QueryResultsContainer.readData(SQLEditor.java:4231)
	at org.jkiss.dbeaver.ui.controls.resultset.ResultSetJobDataRead.lambda$0(ResultSetJobDataRead.java:128)
	at org.jkiss.dbeaver.model.exec.DBExecUtils.tryExecuteRecover(DBExecUtils.java:192)
	at org.jkiss.dbeaver.ui.controls.resultset.ResultSetJobDataRead.run(ResultSetJobDataRead.java:126)
	at org.jkiss.dbeaver.ui.controls.resultset.ResultSetViewer$ResultSetDataPumpJob.run(ResultSetViewer.java:5160)
	at org.jkiss.dbeaver.model.runtime.AbstractJob.run(AbstractJob.java:117)
	at org.eclipse.core.internal.jobs.Worker.run(Worker.java:63)

!ENTRY org.jkiss.dbeaver.model 4 0 2024-09-11 11:37:52.813
!MESSAGE SQL Error [2264] [42000]: ORA-02264: 기존의 제약에 사용된 이름입니다

!SUBENTRY 1 org.jkiss.dbeaver.model 4 0 2024-09-11 11:37:52.813
!MESSAGE Error : 2264, Position : 63, Sql = CREATE TABLE TABLE_UNIQUE2(
	LOGIN_ID VARCHAR2(20) CONSTRAINT TBLUNQ2_LGN_UNQ  UNIQUE,
	LOGIN_PWD VARCHAR2(20) CONSTRAINT TBLUNQ2_LGN_UNQ NOT NULL, 
	TEL VARCHAR2(20)
), OriginalSql = CREATE TABLE TABLE_UNIQUE2(
	LOGIN_ID VARCHAR2(20) CONSTRAINT TBLUNQ2_LGN_UNQ  UNIQUE,
	LOGIN_PWD VARCHAR2(20) CONSTRAINT TBLUNQ2_LGN_UNQ NOT NULL, 
	TEL VARCHAR2(20)
), Error Msg = ORA-02264: 기존의 제약에 사용된 이름입니다

!STACK 0
Error : 2264, Position : 63, Sql = CREATE TABLE TABLE_UNIQUE2(
	LOGIN_ID VARCHAR2(20) CONSTRAINT TBLUNQ2_LGN_UNQ  UNIQUE,
	LOGIN_PWD VARCHAR2(20) CONSTRAINT TBLUNQ2_LGN_UNQ NOT NULL, 
	TEL VARCHAR2(20)
), OriginalSql = CREATE TABLE TABLE_UNIQUE2(
	LOGIN_ID VARCHAR2(20) CONSTRAINT TBLUNQ2_LGN_UNQ  UNIQUE,
	LOGIN_PWD VARCHAR2(20) CONSTRAINT TBLUNQ2_LGN_UNQ NOT NULL, 
	TEL VARCHAR2(20)
), Error Msg = ORA-02264: 기존의 제약에 사용된 이름입니다

	at oracle.jdbc.driver.T4CTTIoer11.processError(T4CTTIoer11.java:637)
	at oracle.jdbc.driver.T4CTTIoer11.processError(T4CTTIoer11.java:564)
	at oracle.jdbc.driver.T4C8Oall.processError(T4C8Oall.java:1231)
	at oracle.jdbc.driver.T4CTTIfun.receive(T4CTTIfun.java:772)
	at oracle.jdbc.driver.T4CTTIfun.doRPC(T4CTTIfun.java:299)
	at oracle.jdbc.driver.T4C8Oall.doOALL(T4C8Oall.java:512)
	at oracle.jdbc.driver.T4CStatement.doOall8(T4CStatement.java:123)
	at oracle.jdbc.driver.T4CStatement.executeForRows(T4CStatement.java:1200)
	at oracle.jdbc.driver.OracleStatement.executeSQLStatement(OracleStatement.java:1820)
	at oracle.jdbc.driver.OracleStatement.doExecuteWithTimeout(OracleStatement.java:1472)
	at oracle.jdbc.driver.OracleStatement.executeInternal(OracleStatement.java:2505)
	at oracle.jdbc.driver.OracleStatement.execute(OracleStatement.java:2460)
	at oracle.jdbc.driver.OracleStatementWrapper.execute(OracleStatementWrapper.java:328)
	at org.jkiss.dbeaver.model.impl.jdbc.exec.JDBCStatementImpl.execute(JDBCStatementImpl.java:332)
	at org.jkiss.dbeaver.model.impl.jdbc.exec.JDBCStatementImpl.executeStatement(JDBCStatementImpl.java:131)
	at org.jkiss.dbeaver.ui.editors.sql.execute.SQLQueryJob.executeStatement(SQLQueryJob.java:631)
	at org.jkiss.dbeaver.ui.editors.sql.execute.SQLQueryJob.lambda$2(SQLQueryJob.java:522)
	at org.jkiss.dbeaver.model.exec.DBExecUtils.tryExecuteRecover(DBExecUtils.java:192)
	at org.jkiss.dbeaver.ui.editors.sql.execute.SQLQueryJob.executeSingleQuery(SQLQueryJob.java:541)
	at org.jkiss.dbeaver.ui.editors.sql.execute.SQLQueryJob.extractData(SQLQueryJob.java:1001)
	at org.jkiss.dbeaver.ui.editors.sql.SQLEditor$QueryResultsContainer.readData(SQLEditor.java:4231)
	at org.jkiss.dbeaver.ui.controls.resultset.ResultSetJobDataRead.lambda$0(ResultSetJobDataRead.java:128)
	at org.jkiss.dbeaver.model.exec.DBExecUtils.tryExecuteRecover(DBExecUtils.java:192)
	at org.jkiss.dbeaver.ui.controls.resultset.ResultSetJobDataRead.run(ResultSetJobDataRead.java:126)
	at org.jkiss.dbeaver.ui.controls.resultset.ResultSetViewer$ResultSetDataPumpJob.run(ResultSetViewer.java:5160)
	at org.jkiss.dbeaver.model.runtime.AbstractJob.run(AbstractJob.java:117)
	at org.eclipse.core.internal.jobs.Worker.run(Worker.java:63)

!ENTRY org.jkiss.dbeaver.model 4 0 2024-09-11 11:39:02.924
!MESSAGE SQL Error [2299] [23000]: ORA-02299: 제약 (SCOTT.SYS_C008367)을 사용 가능하게 할 수 없음 - 중복 키가 있습니다

!SUBENTRY 1 org.jkiss.dbeaver.model 4 0 2024-09-11 11:39:02.924
!MESSAGE Error : 2299, Position : 0, Sql = ALTER TABLE TABLE_UNIQUE MODIFY ( TEL UNIQUE), OriginalSql = ALTER TABLE TABLE_UNIQUE MODIFY ( TEL UNIQUE), Error Msg = ORA-02299: 제약 (SCOTT.SYS_C008367)을 사용 가능하게 할 수 없음 - 중복 키가 있습니다

!STACK 0
Error : 2299, Position : 0, Sql = ALTER TABLE TABLE_UNIQUE MODIFY ( TEL UNIQUE), OriginalSql = ALTER TABLE TABLE_UNIQUE MODIFY ( TEL UNIQUE), Error Msg = ORA-02299: 제약 (SCOTT.SYS_C008367)을 사용 가능하게 할 수 없음 - 중복 키가 있습니다

	at oracle.jdbc.driver.T4CTTIoer11.processError(T4CTTIoer11.java:637)
	at oracle.jdbc.driver.T4CTTIoer11.processError(T4CTTIoer11.java:564)
	at oracle.jdbc.driver.T4C8Oall.processError(T4C8Oall.java:1231)
	at oracle.jdbc.driver.T4CTTIfun.receive(T4CTTIfun.java:772)
	at oracle.jdbc.driver.T4CTTIfun.doRPC(T4CTTIfun.java:299)
	at oracle.jdbc.driver.T4C8Oall.doOALL(T4C8Oall.java:512)
	at oracle.jdbc.driver.T4CStatement.doOall8(T4CStatement.java:123)
	at oracle.jdbc.driver.T4CStatement.executeForRows(T4CStatement.java:1200)
	at oracle.jdbc.driver.OracleStatement.executeSQLStatement(OracleStatement.java:1820)
	at oracle.jdbc.driver.OracleStatement.doExecuteWithTimeout(OracleStatement.java:1472)
	at oracle.jdbc.driver.OracleStatement.executeInternal(OracleStatement.java:2505)
	at oracle.jdbc.driver.OracleStatement.execute(OracleStatement.java:2460)
	at oracle.jdbc.driver.OracleStatementWrapper.execute(OracleStatementWrapper.java:328)
	at org.jkiss.dbeaver.model.impl.jdbc.exec.JDBCStatementImpl.execute(JDBCStatementImpl.java:332)
	at org.jkiss.dbeaver.model.impl.jdbc.exec.JDBCStatementImpl.executeStatement(JDBCStatementImpl.java:131)
	at org.jkiss.dbeaver.ui.editors.sql.execute.SQLQueryJob.executeStatement(SQLQueryJob.java:631)
	at org.jkiss.dbeaver.ui.editors.sql.execute.SQLQueryJob.lambda$2(SQLQueryJob.java:522)
	at org.jkiss.dbeaver.model.exec.DBExecUtils.tryExecuteRecover(DBExecUtils.java:192)
	at org.jkiss.dbeaver.ui.editors.sql.execute.SQLQueryJob.executeSingleQuery(SQLQueryJob.java:541)
	at org.jkiss.dbeaver.ui.editors.sql.execute.SQLQueryJob.extractData(SQLQueryJob.java:1001)
	at org.jkiss.dbeaver.ui.editors.sql.SQLEditor$QueryResultsContainer.readData(SQLEditor.java:4231)
	at org.jkiss.dbeaver.ui.controls.resultset.ResultSetJobDataRead.lambda$0(ResultSetJobDataRead.java:128)
	at org.jkiss.dbeaver.model.exec.DBExecUtils.tryExecuteRecover(DBExecUtils.java:192)
	at org.jkiss.dbeaver.ui.controls.resultset.ResultSetJobDataRead.run(ResultSetJobDataRead.java:126)
	at org.jkiss.dbeaver.ui.controls.resultset.ResultSetViewer$ResultSetDataPumpJob.run(ResultSetViewer.java:5160)
	at org.jkiss.dbeaver.model.runtime.AbstractJob.run(AbstractJob.java:117)
	at org.eclipse.core.internal.jobs.Worker.run(Worker.java:63)

!ENTRY org.jkiss.dbeaver.model 4 0 2024-09-11 11:42:18.475
!MESSAGE SQL Error [2261] [42000]: ORA-02261: 고유 키 또는 기본 키가 이미 존재하고 있습니다

!SUBENTRY 1 org.jkiss.dbeaver.model 4 0 2024-09-11 11:42:18.475
!MESSAGE Error : 2261, Position : 71, Sql = -- 이름(TBLUNQ_TEL_UNQ) 부여
ALTER TABLE TABLE_UNIQUE MODIFY (TEL CONSTRAINT TBLUNQ_TEL_UNQ UNIQUE), OriginalSql = -- 이름(TBLUNQ_TEL_UNQ) 부여
ALTER TABLE TABLE_UNIQUE MODIFY (TEL CONSTRAINT TBLUNQ_TEL_UNQ UNIQUE), Error Msg = ORA-02261: 고유 키 또는 기본 키가 이미 존재하고 있습니다

!STACK 0
Error : 2261, Position : 71, Sql = -- 이름(TBLUNQ_TEL_UNQ) 부여
ALTER TABLE TABLE_UNIQUE MODIFY (TEL CONSTRAINT TBLUNQ_TEL_UNQ UNIQUE), OriginalSql = -- 이름(TBLUNQ_TEL_UNQ) 부여
ALTER TABLE TABLE_UNIQUE MODIFY (TEL CONSTRAINT TBLUNQ_TEL_UNQ UNIQUE), Error Msg = ORA-02261: 고유 키 또는 기본 키가 이미 존재하고 있습니다

	at oracle.jdbc.driver.T4CTTIoer11.processError(T4CTTIoer11.java:637)
	at oracle.jdbc.driver.T4CTTIoer11.processError(T4CTTIoer11.java:564)
	at oracle.jdbc.driver.T4C8Oall.processError(T4C8Oall.java:1231)
	at oracle.jdbc.driver.T4CTTIfun.receive(T4CTTIfun.java:772)
	at oracle.jdbc.driver.T4CTTIfun.doRPC(T4CTTIfun.java:299)
	at oracle.jdbc.driver.T4C8Oall.doOALL(T4C8Oall.java:512)
	at oracle.jdbc.driver.T4CStatement.doOall8(T4CStatement.java:123)
	at oracle.jdbc.driver.T4CStatement.executeForRows(T4CStatement.java:1200)
	at oracle.jdbc.driver.OracleStatement.executeSQLStatement(OracleStatement.java:1820)
	at oracle.jdbc.driver.OracleStatement.doExecuteWithTimeout(OracleStatement.java:1472)
	at oracle.jdbc.driver.OracleStatement.executeInternal(OracleStatement.java:2505)
	at oracle.jdbc.driver.OracleStatement.execute(OracleStatement.java:2460)
	at oracle.jdbc.driver.OracleStatementWrapper.execute(OracleStatementWrapper.java:328)
	at org.jkiss.dbeaver.model.impl.jdbc.exec.JDBCStatementImpl.execute(JDBCStatementImpl.java:332)
	at org.jkiss.dbeaver.model.impl.jdbc.exec.JDBCStatementImpl.executeStatement(JDBCStatementImpl.java:131)
	at org.jkiss.dbeaver.ui.editors.sql.execute.SQLQueryJob.executeStatement(SQLQueryJob.java:631)
	at org.jkiss.dbeaver.ui.editors.sql.execute.SQLQueryJob.lambda$2(SQLQueryJob.java:522)
	at org.jkiss.dbeaver.model.exec.DBExecUtils.tryExecuteRecover(DBExecUtils.java:192)
	at org.jkiss.dbeaver.ui.editors.sql.execute.SQLQueryJob.executeSingleQuery(SQLQueryJob.java:541)
	at org.jkiss.dbeaver.ui.editors.sql.execute.SQLQueryJob.extractData(SQLQueryJob.java:1001)
	at org.jkiss.dbeaver.ui.editors.sql.SQLEditor$QueryResultsContainer.readData(SQLEditor.java:4231)
	at org.jkiss.dbeaver.ui.controls.resultset.ResultSetJobDataRead.lambda$0(ResultSetJobDataRead.java:128)
	at org.jkiss.dbeaver.model.exec.DBExecUtils.tryExecuteRecover(DBExecUtils.java:192)
	at org.jkiss.dbeaver.ui.controls.resultset.ResultSetJobDataRead.run(ResultSetJobDataRead.java:126)
	at org.jkiss.dbeaver.ui.controls.resultset.ResultSetViewer$ResultSetDataPumpJob.run(ResultSetViewer.java:5160)
	at org.jkiss.dbeaver.model.runtime.AbstractJob.run(AbstractJob.java:117)
	at org.eclipse.core.internal.jobs.Worker.run(Worker.java:63)

!ENTRY org.jkiss.dbeaver.model 4 0 2024-09-11 11:46:03.671
!MESSAGE SQL Error [2443] [72000]: ORA-02443: 존재하지 않는 제약 - 삭제할 수 없습니다


Error position: line: 1435 pos: 67
!SUBENTRY 1 org.jkiss.dbeaver.model 4 0 2024-09-11 11:46:03.671
!MESSAGE SQL Error [2443] [72000]: ORA-02443: 존재하지 않는 제약 - 삭제할 수 없습니다

!SUBENTRY 2 org.jkiss.dbeaver.model 4 0 2024-09-11 11:46:03.671
!MESSAGE Error : 2443, Position : 67, Sql = -- 제약 조건 삭제
ALTER TABLE TABLE_UNIQUE2 DROP CONSTRAINT TBLUNQ_TEL_UNQ, OriginalSql = -- 제약 조건 삭제
ALTER TABLE TABLE_UNIQUE2 DROP CONSTRAINT TBLUNQ_TEL_UNQ, Error Msg = ORA-02443: 존재하지 않는 제약 - 삭제할 수 없습니다

!STACK 0
Error : 2443, Position : 67, Sql = -- 제약 조건 삭제
ALTER TABLE TABLE_UNIQUE2 DROP CONSTRAINT TBLUNQ_TEL_UNQ, OriginalSql = -- 제약 조건 삭제
ALTER TABLE TABLE_UNIQUE2 DROP CONSTRAINT TBLUNQ_TEL_UNQ, Error Msg = ORA-02443: 존재하지 않는 제약 - 삭제할 수 없습니다

	at oracle.jdbc.driver.T4CTTIoer11.processError(T4CTTIoer11.java:637)
	at oracle.jdbc.driver.T4CTTIoer11.processError(T4CTTIoer11.java:564)
	at oracle.jdbc.driver.T4C8Oall.processError(T4C8Oall.java:1231)
	at oracle.jdbc.driver.T4CTTIfun.receive(T4CTTIfun.java:772)
	at oracle.jdbc.driver.T4CTTIfun.doRPC(T4CTTIfun.java:299)
	at oracle.jdbc.driver.T4C8Oall.doOALL(T4C8Oall.java:512)
	at oracle.jdbc.driver.T4CStatement.doOall8(T4CStatement.java:123)
	at oracle.jdbc.driver.T4CStatement.executeForRows(T4CStatement.java:1200)
	at oracle.jdbc.driver.OracleStatement.executeSQLStatement(OracleStatement.java:1820)
	at oracle.jdbc.driver.OracleStatement.doExecuteWithTimeout(OracleStatement.java:1472)
	at oracle.jdbc.driver.OracleStatement.executeInternal(OracleStatement.java:2505)
	at oracle.jdbc.driver.OracleStatement.execute(OracleStatement.java:2460)
	at oracle.jdbc.driver.OracleStatementWrapper.execute(OracleStatementWrapper.java:328)
	at org.jkiss.dbeaver.model.impl.jdbc.exec.JDBCStatementImpl.execute(JDBCStatementImpl.java:332)
	at org.jkiss.dbeaver.model.impl.jdbc.exec.JDBCStatementImpl.executeStatement(JDBCStatementImpl.java:131)
	at org.jkiss.dbeaver.ui.editors.sql.execute.SQLQueryJob.executeStatement(SQLQueryJob.java:631)
	at org.jkiss.dbeaver.ui.editors.sql.execute.SQLQueryJob.lambda$2(SQLQueryJob.java:522)
	at org.jkiss.dbeaver.model.exec.DBExecUtils.tryExecuteRecover(DBExecUtils.java:192)
	at org.jkiss.dbeaver.ui.editors.sql.execute.SQLQueryJob.executeSingleQuery(SQLQueryJob.java:541)
	at org.jkiss.dbeaver.ui.editors.sql.execute.SQLQueryJob.extractData(SQLQueryJob.java:1001)
	at org.jkiss.dbeaver.ui.editors.sql.SQLEditor$QueryResultsContainer.readData(SQLEditor.java:4231)
	at org.jkiss.dbeaver.ui.controls.resultset.ResultSetJobDataRead.lambda$0(ResultSetJobDataRead.java:128)
	at org.jkiss.dbeaver.model.exec.DBExecUtils.tryExecuteRecover(DBExecUtils.java:192)
	at org.jkiss.dbeaver.ui.controls.resultset.ResultSetJobDataRead.run(ResultSetJobDataRead.java:126)
	at org.jkiss.dbeaver.ui.controls.resultset.ResultSetViewer$ResultSetDataPumpJob.run(ResultSetViewer.java:5160)
	at org.jkiss.dbeaver.model.runtime.AbstractJob.run(AbstractJob.java:117)
	at org.eclipse.core.internal.jobs.Worker.run(Worker.java:63)

!ENTRY org.jkiss.dbeaver.model 4 0 2024-09-11 11:46:19.165
!MESSAGE SQL Error [911] [22019]: ORA-00911: 문자가 부적합합니다

!SUBENTRY 1 org.jkiss.dbeaver.model 4 0 2024-09-11 11:46:19.165
!MESSAGE Error : 911, Position : 70, Sql = -- 제약 조건 삭제
ALTER TABLE TABLE_NN2 DROP CONSTRAINT TMLNN2 _TEL_NN, OriginalSql = -- 제약 조건 삭제
ALTER TABLE TABLE_NN2 DROP CONSTRAINT TMLNN2 _TEL_NN, Error Msg = ORA-00911: 문자가 부적합합니다

!STACK 0
Error : 911, Position : 70, Sql = -- 제약 조건 삭제
ALTER TABLE TABLE_NN2 DROP CONSTRAINT TMLNN2 _TEL_NN, OriginalSql = -- 제약 조건 삭제
ALTER TABLE TABLE_NN2 DROP CONSTRAINT TMLNN2 _TEL_NN, Error Msg = ORA-00911: 문자가 부적합합니다

	at oracle.jdbc.driver.T4CTTIoer11.processError(T4CTTIoer11.java:637)
	at oracle.jdbc.driver.T4CTTIoer11.processError(T4CTTIoer11.java:564)
	at oracle.jdbc.driver.T4C8Oall.processError(T4C8Oall.java:1231)
	at oracle.jdbc.driver.T4CTTIfun.receive(T4CTTIfun.java:772)
	at oracle.jdbc.driver.T4CTTIfun.doRPC(T4CTTIfun.java:299)
	at oracle.jdbc.driver.T4C8Oall.doOALL(T4C8Oall.java:512)
	at oracle.jdbc.driver.T4CStatement.doOall8(T4CStatement.java:123)
	at oracle.jdbc.driver.T4CStatement.executeForRows(T4CStatement.java:1200)
	at oracle.jdbc.driver.OracleStatement.executeSQLStatement(OracleStatement.java:1820)
	at oracle.jdbc.driver.OracleStatement.doExecuteWithTimeout(OracleStatement.java:1472)
	at oracle.jdbc.driver.OracleStatement.executeInternal(OracleStatement.java:2505)
	at oracle.jdbc.driver.OracleStatement.execute(OracleStatement.java:2460)
	at oracle.jdbc.driver.OracleStatementWrapper.execute(OracleStatementWrapper.java:328)
	at org.jkiss.dbeaver.model.impl.jdbc.exec.JDBCStatementImpl.execute(JDBCStatementImpl.java:332)
	at org.jkiss.dbeaver.model.impl.jdbc.exec.JDBCStatementImpl.executeStatement(JDBCStatementImpl.java:131)
	at org.jkiss.dbeaver.ui.editors.sql.execute.SQLQueryJob.executeStatement(SQLQueryJob.java:631)
	at org.jkiss.dbeaver.ui.editors.sql.execute.SQLQueryJob.lambda$2(SQLQueryJob.java:522)
	at org.jkiss.dbeaver.model.exec.DBExecUtils.tryExecuteRecover(DBExecUtils.java:192)
	at org.jkiss.dbeaver.ui.editors.sql.execute.SQLQueryJob.executeSingleQuery(SQLQueryJob.java:541)
	at org.jkiss.dbeaver.ui.editors.sql.execute.SQLQueryJob.extractData(SQLQueryJob.java:1001)
	at org.jkiss.dbeaver.ui.editors.sql.SQLEditor$QueryResultsContainer.readData(SQLEditor.java:4231)
	at org.jkiss.dbeaver.ui.controls.resultset.ResultSetJobDataRead.lambda$0(ResultSetJobDataRead.java:128)
	at org.jkiss.dbeaver.model.exec.DBExecUtils.tryExecuteRecover(DBExecUtils.java:192)
	at org.jkiss.dbeaver.ui.controls.resultset.ResultSetJobDataRead.run(ResultSetJobDataRead.java:126)
	at org.jkiss.dbeaver.ui.controls.resultset.ResultSetViewer$ResultSetDataPumpJob.run(ResultSetViewer.java:5160)
	at org.jkiss.dbeaver.model.runtime.AbstractJob.run(AbstractJob.java:117)
	at org.eclipse.core.internal.jobs.Worker.run(Worker.java:63)

!ENTRY org.jkiss.dbeaver.model 2 0 2024-09-11 11:46:19.248
!MESSAGE Error positioning on query error
!SUBENTRY 1 org.jkiss.dbeaver.model 2 0 2024-09-11 11:46:19.248
!MESSAGE assertion failed: 
!STACK 0
org.eclipse.core.runtime.AssertionFailedException: assertion failed: 
	at org.eclipse.core.runtime.Assert.isTrue(Assert.java:119)
	at org.eclipse.core.runtime.Assert.isTrue(Assert.java:104)
	at org.eclipse.jface.text.Position.<init>(Position.java:66)
	at org.jkiss.dbeaver.ui.editors.sql.SQLEditorBase.visualizeQueryErrors(SQLEditorBase.java:1046)
	at org.jkiss.dbeaver.ui.editors.sql.SQLEditor$SQLEditorQueryListener.processQueryResult(SQLEditor.java:4912)
	at org.jkiss.dbeaver.ui.editors.sql.SQLEditor$SQLEditorQueryListener.lambda$4(SQLEditor.java:4866)
	at org.jkiss.dbeaver.ui.UIUtils$9.runInUIThread(UIUtils.java:1873)
	at org.jkiss.dbeaver.ui.AbstractUIJob.runInUIThread(AbstractUIJob.java:41)
	at org.eclipse.ui.progress.UIJob.lambda$0(UIJob.java:148)
	at org.eclipse.swt.widgets.RunnableLock.run(RunnableLock.java:40)
	at org.eclipse.swt.widgets.Synchronizer.runAsyncMessages(Synchronizer.java:132)
	at org.eclipse.swt.widgets.Display.runAsyncMessages(Display.java:4058)
	at org.eclipse.swt.widgets.Display.readAndDispatch(Display.java:3676)
	at org.eclipse.e4.ui.internal.workbench.swt.PartRenderingEngine$5.run(PartRenderingEngine.java:1151)
	at org.eclipse.core.databinding.observable.Realm.runWithDefault(Realm.java:339)
	at org.eclipse.e4.ui.internal.workbench.swt.PartRenderingEngine.run(PartRenderingEngine.java:1042)
	at org.eclipse.e4.ui.internal.workbench.E4Workbench.createAndRunUI(E4Workbench.java:152)
	at org.eclipse.ui.internal.Workbench.lambda$3(Workbench.java:639)
	at org.eclipse.core.databinding.observable.Realm.runWithDefault(Realm.java:339)
	at org.eclipse.ui.internal.Workbench.createAndRunWorkbench(Workbench.java:546)
	at org.eclipse.ui.PlatformUI.createAndRunWorkbench(PlatformUI.java:173)
	at org.jkiss.dbeaver.ui.app.standalone.DBeaverApplication.start(DBeaverApplication.java:292)
	at org.eclipse.equinox.internal.app.EclipseAppHandle.run(EclipseAppHandle.java:208)
	at org.eclipse.core.runtime.internal.adaptor.EclipseAppLauncher.runApplication(EclipseAppLauncher.java:143)
	at org.eclipse.core.runtime.internal.adaptor.EclipseAppLauncher.start(EclipseAppLauncher.java:109)
	at org.eclipse.core.runtime.adaptor.EclipseStarter.run(EclipseStarter.java:439)
	at org.eclipse.core.runtime.adaptor.EclipseStarter.run(EclipseStarter.java:271)
	at java.base/jdk.internal.reflect.NativeMethodAccessorImpl.invoke0(Native Method)
	at java.base/jdk.internal.reflect.NativeMethodAccessorImpl.invoke(Unknown Source)
	at java.base/jdk.internal.reflect.DelegatingMethodAccessorImpl.invoke(Unknown Source)
	at java.base/java.lang.reflect.Method.invoke(Unknown Source)
	at org.jkiss.dbeaver.launcher.DBeaverLauncher.invokeFramework(DBeaverLauncher.java:648)
	at org.jkiss.dbeaver.launcher.DBeaverLauncher.basicRun(DBeaverLauncher.java:608)
	at org.jkiss.dbeaver.launcher.DBeaverLauncher.run(DBeaverLauncher.java:1459)

!ENTRY org.jkiss.dbeaver.model 4 0 2024-09-11 11:46:29.828
!MESSAGE SQL Error [23292] [99999]: ORA-23292: 제약 조건이 존재하지 않음

!SUBENTRY 1 org.jkiss.dbeaver.model 4 0 2024-09-11 11:46:29.828
!MESSAGE Error : 23292, Position : 0, Sql = -- 생성한 제약 조건 이름 변경
ALTER TABLE TABLE_NN RENAME CONSTRAINT TBLNM_TEL_NN TO TBLNM2_TEL_NN, OriginalSql = -- 생성한 제약 조건 이름 변경
ALTER TABLE TABLE_NN RENAME CONSTRAINT TBLNM_TEL_NN TO TBLNM2_TEL_NN, Error Msg = ORA-23292: 제약 조건이 존재하지 않음

!STACK 0
Error : 23292, Position : 0, Sql = -- 생성한 제약 조건 이름 변경
ALTER TABLE TABLE_NN RENAME CONSTRAINT TBLNM_TEL_NN TO TBLNM2_TEL_NN, OriginalSql = -- 생성한 제약 조건 이름 변경
ALTER TABLE TABLE_NN RENAME CONSTRAINT TBLNM_TEL_NN TO TBLNM2_TEL_NN, Error Msg = ORA-23292: 제약 조건이 존재하지 않음

	at oracle.jdbc.driver.T4CTTIoer11.processError(T4CTTIoer11.java:637)
	at oracle.jdbc.driver.T4CTTIoer11.processError(T4CTTIoer11.java:564)
	at oracle.jdbc.driver.T4C8Oall.processError(T4C8Oall.java:1231)
	at oracle.jdbc.driver.T4CTTIfun.receive(T4CTTIfun.java:772)
	at oracle.jdbc.driver.T4CTTIfun.doRPC(T4CTTIfun.java:299)
	at oracle.jdbc.driver.T4C8Oall.doOALL(T4C8Oall.java:512)
	at oracle.jdbc.driver.T4CStatement.doOall8(T4CStatement.java:123)
	at oracle.jdbc.driver.T4CStatement.executeForRows(T4CStatement.java:1200)
	at oracle.jdbc.driver.OracleStatement.executeSQLStatement(OracleStatement.java:1820)
	at oracle.jdbc.driver.OracleStatement.doExecuteWithTimeout(OracleStatement.java:1472)
	at oracle.jdbc.driver.OracleStatement.executeInternal(OracleStatement.java:2505)
	at oracle.jdbc.driver.OracleStatement.execute(OracleStatement.java:2460)
	at oracle.jdbc.driver.OracleStatementWrapper.execute(OracleStatementWrapper.java:328)
	at org.jkiss.dbeaver.model.impl.jdbc.exec.JDBCStatementImpl.execute(JDBCStatementImpl.java:332)
	at org.jkiss.dbeaver.model.impl.jdbc.exec.JDBCStatementImpl.executeStatement(JDBCStatementImpl.java:131)
	at org.jkiss.dbeaver.ui.editors.sql.execute.SQLQueryJob.executeStatement(SQLQueryJob.java:631)
	at org.jkiss.dbeaver.ui.editors.sql.execute.SQLQueryJob.lambda$2(SQLQueryJob.java:522)
	at org.jkiss.dbeaver.model.exec.DBExecUtils.tryExecuteRecover(DBExecUtils.java:192)
	at org.jkiss.dbeaver.ui.editors.sql.execute.SQLQueryJob.executeSingleQuery(SQLQueryJob.java:541)
	at org.jkiss.dbeaver.ui.editors.sql.execute.SQLQueryJob.extractData(SQLQueryJob.java:1001)
	at org.jkiss.dbeaver.ui.editors.sql.SQLEditor$QueryResultsContainer.readData(SQLEditor.java:4231)
	at org.jkiss.dbeaver.ui.controls.resultset.ResultSetJobDataRead.lambda$0(ResultSetJobDataRead.java:128)
	at org.jkiss.dbeaver.model.exec.DBExecUtils.tryExecuteRecover(DBExecUtils.java:192)
	at org.jkiss.dbeaver.ui.controls.resultset.ResultSetJobDataRead.run(ResultSetJobDataRead.java:126)
	at org.jkiss.dbeaver.ui.controls.resultset.ResultSetViewer$ResultSetDataPumpJob.run(ResultSetViewer.java:5160)
	at org.jkiss.dbeaver.model.runtime.AbstractJob.run(AbstractJob.java:117)
	at org.eclipse.core.internal.jobs.Worker.run(Worker.java:63)

!ENTRY org.jkiss.dbeaver.model 4 0 2024-09-11 11:53:03.540
!MESSAGE SQL Error [1400] [23000]: ORA-01400: NULL을 ("SCOTT"."TABLE_PK"."LOGIN_ID") 안에 삽입할 수 없습니다

!SUBENTRY 1 org.jkiss.dbeaver.model 4 0 2024-09-11 11:53:03.540
!MESSAGE Error : 1400, Position : 29, Sql = INSERT INTO TABLE_PK VALUES (NULL, 'TEST_PWD_01', '010-1234-5678'), OriginalSql = INSERT INTO TABLE_PK VALUES (NULL, 'TEST_PWD_01', '010-1234-5678'), Error Msg = ORA-01400: NULL을 ("SCOTT"."TABLE_PK"."LOGIN_ID") 안에 삽입할 수 없습니다

!STACK 0
Error : 1400, Position : 29, Sql = INSERT INTO TABLE_PK VALUES (NULL, 'TEST_PWD_01', '010-1234-5678'), OriginalSql = INSERT INTO TABLE_PK VALUES (NULL, 'TEST_PWD_01', '010-1234-5678'), Error Msg = ORA-01400: NULL을 ("SCOTT"."TABLE_PK"."LOGIN_ID") 안에 삽입할 수 없습니다

	at oracle.jdbc.driver.T4CTTIoer11.processError(T4CTTIoer11.java:637)
	at oracle.jdbc.driver.T4CTTIoer11.processError(T4CTTIoer11.java:564)
	at oracle.jdbc.driver.T4C8Oall.processError(T4C8Oall.java:1231)
	at oracle.jdbc.driver.T4CTTIfun.receive(T4CTTIfun.java:772)
	at oracle.jdbc.driver.T4CTTIfun.doRPC(T4CTTIfun.java:299)
	at oracle.jdbc.driver.T4C8Oall.doOALL(T4C8Oall.java:512)
	at oracle.jdbc.driver.T4CStatement.doOall8(T4CStatement.java:123)
	at oracle.jdbc.driver.T4CStatement.executeForRows(T4CStatement.java:1200)
	at oracle.jdbc.driver.OracleStatement.executeSQLStatement(OracleStatement.java:1820)
	at oracle.jdbc.driver.OracleStatement.doExecuteWithTimeout(OracleStatement.java:1472)
	at oracle.jdbc.driver.OracleStatement.executeInternal(OracleStatement.java:2505)
	at oracle.jdbc.driver.OracleStatement.execute(OracleStatement.java:2460)
	at oracle.jdbc.driver.OracleStatementWrapper.execute(OracleStatementWrapper.java:328)
	at org.jkiss.dbeaver.model.impl.jdbc.exec.JDBCStatementImpl.execute(JDBCStatementImpl.java:332)
	at org.jkiss.dbeaver.model.impl.jdbc.exec.JDBCStatementImpl.executeStatement(JDBCStatementImpl.java:131)
	at org.jkiss.dbeaver.ui.editors.sql.execute.SQLQueryJob.executeStatement(SQLQueryJob.java:631)
	at org.jkiss.dbeaver.ui.editors.sql.execute.SQLQueryJob.lambda$2(SQLQueryJob.java:522)
	at org.jkiss.dbeaver.ui.editors.sql.execute.SQLQueryJob.executeSingleQuery(SQLQueryJob.java:544)
	at org.jkiss.dbeaver.ui.editors.sql.execute.SQLQueryJob.extractData(SQLQueryJob.java:1001)
	at org.jkiss.dbeaver.ui.editors.sql.SQLEditor$QueryResultsContainer.readData(SQLEditor.java:4231)
	at org.jkiss.dbeaver.ui.controls.resultset.ResultSetJobDataRead.lambda$0(ResultSetJobDataRead.java:128)
	at org.jkiss.dbeaver.model.exec.DBExecUtils.tryExecuteRecover(DBExecUtils.java:192)
	at org.jkiss.dbeaver.ui.controls.resultset.ResultSetJobDataRead.run(ResultSetJobDataRead.java:126)
	at org.jkiss.dbeaver.ui.controls.resultset.ResultSetViewer$ResultSetDataPumpJob.run(ResultSetViewer.java:5160)
	at org.jkiss.dbeaver.model.runtime.AbstractJob.run(AbstractJob.java:117)
	at org.eclipse.core.internal.jobs.Worker.run(Worker.java:63)

!ENTRY org.jkiss.dbeaver.model 4 0 2024-09-11 11:53:35.334
!MESSAGE SQL Error [1] [23000]: ORA-00001: 무결성 제약 조건(SCOTT.SYS_C008371)에 위배됩니다

!SUBENTRY 1 org.jkiss.dbeaver.model 4 0 2024-09-11 11:53:35.334
!MESSAGE Error : 1, Position : 0, Sql = INSERT INTO TABLE_PK VALUES ('TEST_ID_01', 'TEST_PWD_01', '010-1234-5678'), OriginalSql = INSERT INTO TABLE_PK VALUES ('TEST_ID_01', 'TEST_PWD_01', '010-1234-5678'), Error Msg = ORA-00001: 무결성 제약 조건(SCOTT.SYS_C008371)에 위배됩니다

!STACK 0
Error : 1, Position : 0, Sql = INSERT INTO TABLE_PK VALUES ('TEST_ID_01', 'TEST_PWD_01', '010-1234-5678'), OriginalSql = INSERT INTO TABLE_PK VALUES ('TEST_ID_01', 'TEST_PWD_01', '010-1234-5678'), Error Msg = ORA-00001: 무결성 제약 조건(SCOTT.SYS_C008371)에 위배됩니다

	at oracle.jdbc.driver.T4CTTIoer11.processError(T4CTTIoer11.java:637)
	at oracle.jdbc.driver.T4CTTIoer11.processError(T4CTTIoer11.java:564)
	at oracle.jdbc.driver.T4C8Oall.processError(T4C8Oall.java:1231)
	at oracle.jdbc.driver.T4CTTIfun.receive(T4CTTIfun.java:772)
	at oracle.jdbc.driver.T4CTTIfun.doRPC(T4CTTIfun.java:299)
	at oracle.jdbc.driver.T4C8Oall.doOALL(T4C8Oall.java:512)
	at oracle.jdbc.driver.T4CStatement.doOall8(T4CStatement.java:123)
	at oracle.jdbc.driver.T4CStatement.executeForRows(T4CStatement.java:1200)
	at oracle.jdbc.driver.OracleStatement.executeSQLStatement(OracleStatement.java:1820)
	at oracle.jdbc.driver.OracleStatement.doExecuteWithTimeout(OracleStatement.java:1472)
	at oracle.jdbc.driver.OracleStatement.executeInternal(OracleStatement.java:2505)
	at oracle.jdbc.driver.OracleStatement.execute(OracleStatement.java:2460)
	at oracle.jdbc.driver.OracleStatementWrapper.execute(OracleStatementWrapper.java:328)
	at org.jkiss.dbeaver.model.impl.jdbc.exec.JDBCStatementImpl.execute(JDBCStatementImpl.java:332)
	at org.jkiss.dbeaver.model.impl.jdbc.exec.JDBCStatementImpl.executeStatement(JDBCStatementImpl.java:131)
	at org.jkiss.dbeaver.ui.editors.sql.execute.SQLQueryJob.executeStatement(SQLQueryJob.java:631)
	at org.jkiss.dbeaver.ui.editors.sql.execute.SQLQueryJob.lambda$2(SQLQueryJob.java:522)
	at org.jkiss.dbeaver.ui.editors.sql.execute.SQLQueryJob.executeSingleQuery(SQLQueryJob.java:544)
	at org.jkiss.dbeaver.ui.editors.sql.execute.SQLQueryJob.extractData(SQLQueryJob.java:1001)
	at org.jkiss.dbeaver.ui.editors.sql.SQLEditor$QueryResultsContainer.readData(SQLEditor.java:4231)
	at org.jkiss.dbeaver.ui.controls.resultset.ResultSetJobDataRead.lambda$0(ResultSetJobDataRead.java:128)
	at org.jkiss.dbeaver.model.exec.DBExecUtils.tryExecuteRecover(DBExecUtils.java:192)
	at org.jkiss.dbeaver.ui.controls.resultset.ResultSetJobDataRead.run(ResultSetJobDataRead.java:126)
	at org.jkiss.dbeaver.ui.controls.resultset.ResultSetViewer$ResultSetDataPumpJob.run(ResultSetViewer.java:5160)
	at org.jkiss.dbeaver.model.runtime.AbstractJob.run(AbstractJob.java:117)
	at org.eclipse.core.internal.jobs.Worker.run(Worker.java:63)

!ENTRY org.jkiss.dbeaver.model 4 0 2024-09-11 11:54:08.810
!MESSAGE SQL Error [1400] [23000]: ORA-01400: NULL을 ("SCOTT"."TABLE_PK"."LOGIN_ID") 안에 삽입할 수 없습니다


Error position: line: 1446 pos: 29
!SUBENTRY 1 org.jkiss.dbeaver.model 4 0 2024-09-11 11:54:08.810
!MESSAGE SQL Error [1400] [23000]: ORA-01400: NULL을 ("SCOTT"."TABLE_PK"."LOGIN_ID") 안에 삽입할 수 없습니다

!SUBENTRY 2 org.jkiss.dbeaver.model 4 0 2024-09-11 11:54:08.810
!MESSAGE Error : 1400, Position : 29, Sql = INSERT INTO TABLE_PK VALUES (NULL, 'TEST_PWD_01', '010-1234-5678'), OriginalSql = INSERT INTO TABLE_PK VALUES (NULL, 'TEST_PWD_01', '010-1234-5678'), Error Msg = ORA-01400: NULL을 ("SCOTT"."TABLE_PK"."LOGIN_ID") 안에 삽입할 수 없습니다

!STACK 0
Error : 1400, Position : 29, Sql = INSERT INTO TABLE_PK VALUES (NULL, 'TEST_PWD_01', '010-1234-5678'), OriginalSql = INSERT INTO TABLE_PK VALUES (NULL, 'TEST_PWD_01', '010-1234-5678'), Error Msg = ORA-01400: NULL을 ("SCOTT"."TABLE_PK"."LOGIN_ID") 안에 삽입할 수 없습니다

	at oracle.jdbc.driver.T4CTTIoer11.processError(T4CTTIoer11.java:637)
	at oracle.jdbc.driver.T4CTTIoer11.processError(T4CTTIoer11.java:564)
	at oracle.jdbc.driver.T4C8Oall.processError(T4C8Oall.java:1231)
	at oracle.jdbc.driver.T4CTTIfun.receive(T4CTTIfun.java:772)
	at oracle.jdbc.driver.T4CTTIfun.doRPC(T4CTTIfun.java:299)
	at oracle.jdbc.driver.T4C8Oall.doOALL(T4C8Oall.java:512)
	at oracle.jdbc.driver.T4CStatement.doOall8(T4CStatement.java:123)
	at oracle.jdbc.driver.T4CStatement.executeForRows(T4CStatement.java:1200)
	at oracle.jdbc.driver.OracleStatement.executeSQLStatement(OracleStatement.java:1820)
	at oracle.jdbc.driver.OracleStatement.doExecuteWithTimeout(OracleStatement.java:1472)
	at oracle.jdbc.driver.OracleStatement.executeInternal(OracleStatement.java:2505)
	at oracle.jdbc.driver.OracleStatement.execute(OracleStatement.java:2460)
	at oracle.jdbc.driver.OracleStatementWrapper.execute(OracleStatementWrapper.java:328)
	at org.jkiss.dbeaver.model.impl.jdbc.exec.JDBCStatementImpl.execute(JDBCStatementImpl.java:332)
	at org.jkiss.dbeaver.model.impl.jdbc.exec.JDBCStatementImpl.executeStatement(JDBCStatementImpl.java:131)
	at org.jkiss.dbeaver.ui.editors.sql.execute.SQLQueryJob.executeStatement(SQLQueryJob.java:631)
	at org.jkiss.dbeaver.ui.editors.sql.execute.SQLQueryJob.lambda$2(SQLQueryJob.java:522)
	at org.jkiss.dbeaver.ui.editors.sql.execute.SQLQueryJob.executeSingleQuery(SQLQueryJob.java:544)
	at org.jkiss.dbeaver.ui.editors.sql.execute.SQLQueryJob.extractData(SQLQueryJob.java:1001)
	at org.jkiss.dbeaver.ui.editors.sql.SQLEditor$QueryResultsContainer.readData(SQLEditor.java:4231)
	at org.jkiss.dbeaver.ui.controls.resultset.ResultSetJobDataRead.lambda$0(ResultSetJobDataRead.java:128)
	at org.jkiss.dbeaver.model.exec.DBExecUtils.tryExecuteRecover(DBExecUtils.java:192)
	at org.jkiss.dbeaver.ui.controls.resultset.ResultSetJobDataRead.run(ResultSetJobDataRead.java:126)
	at org.jkiss.dbeaver.ui.controls.resultset.ResultSetViewer$ResultSetDataPumpJob.run(ResultSetViewer.java:5160)
	at org.jkiss.dbeaver.model.runtime.AbstractJob.run(AbstractJob.java:117)
	at org.eclipse.core.internal.jobs.Worker.run(Worker.java:63)

!ENTRY org.jkiss.dbeaver.model 4 0 2024-09-11 11:56:33.204
!MESSAGE SQL Error [907] [42000]: ORA-00907: 누락된 우괄호


Error position: line: 1456 pos: 107
!SUBENTRY 1 org.jkiss.dbeaver.model 4 0 2024-09-11 11:56:33.204
!MESSAGE SQL Error [907] [42000]: ORA-00907: 누락된 우괄호

!SUBENTRY 2 org.jkiss.dbeaver.model 4 0 2024-09-11 11:56:33.204
!MESSAGE Error : 907, Position : 107, Sql = CREATE TABLE TABLE_PK2(
	LOGIN_ID VARCHAR2(20),
	LOGIN_PWD VARCHAR2(20),
	TEL VARCHAR2(20)
	PRIMARY KEY(LOGIN_ID),
--	UNIQUE(LOGIN_PWD)
	CONSTRAINT TBL_UNK UNIQUE(LOGIN_PWD) -- 제약 조건을 아래에 선언도 가능
), OriginalSql = CREATE TABLE TABLE_PK2(
	LOGIN_ID VARCHAR2(20),
	LOGIN_PWD VARCHAR2(20),
	TEL VARCHAR2(20)
	PRIMARY KEY(LOGIN_ID),
--	UNIQUE(LOGIN_PWD)
	CONSTRAINT TBL_UNK UNIQUE(LOGIN_PWD) -- 제약 조건을 아래에 선언도 가능
), Error Msg = ORA-00907: 누락된 우괄호

!STACK 0
Error : 907, Position : 107, Sql = CREATE TABLE TABLE_PK2(
	LOGIN_ID VARCHAR2(20),
	LOGIN_PWD VARCHAR2(20),
	TEL VARCHAR2(20)
	PRIMARY KEY(LOGIN_ID),
--	UNIQUE(LOGIN_PWD)
	CONSTRAINT TBL_UNK UNIQUE(LOGIN_PWD) -- 제약 조건을 아래에 선언도 가능
), OriginalSql = CREATE TABLE TABLE_PK2(
	LOGIN_ID VARCHAR2(20),
	LOGIN_PWD VARCHAR2(20),
	TEL VARCHAR2(20)
	PRIMARY KEY(LOGIN_ID),
--	UNIQUE(LOGIN_PWD)
	CONSTRAINT TBL_UNK UNIQUE(LOGIN_PWD) -- 제약 조건을 아래에 선언도 가능
), Error Msg = ORA-00907: 누락된 우괄호

	at oracle.jdbc.driver.T4CTTIoer11.processError(T4CTTIoer11.java:637)
	at oracle.jdbc.driver.T4CTTIoer11.processError(T4CTTIoer11.java:564)
	at oracle.jdbc.driver.T4C8Oall.processError(T4C8Oall.java:1231)
	at oracle.jdbc.driver.T4CTTIfun.receive(T4CTTIfun.java:772)
	at oracle.jdbc.driver.T4CTTIfun.doRPC(T4CTTIfun.java:299)
	at oracle.jdbc.driver.T4C8Oall.doOALL(T4C8Oall.java:512)
	at oracle.jdbc.driver.T4CStatement.doOall8(T4CStatement.java:123)
	at oracle.jdbc.driver.T4CStatement.executeForRows(T4CStatement.java:1200)
	at oracle.jdbc.driver.OracleStatement.executeSQLStatement(OracleStatement.java:1820)
	at oracle.jdbc.driver.OracleStatement.doExecuteWithTimeout(OracleStatement.java:1472)
	at oracle.jdbc.driver.OracleStatement.executeInternal(OracleStatement.java:2505)
	at oracle.jdbc.driver.OracleStatement.execute(OracleStatement.java:2460)
	at oracle.jdbc.driver.OracleStatementWrapper.execute(OracleStatementWrapper.java:328)
	at org.jkiss.dbeaver.model.impl.jdbc.exec.JDBCStatementImpl.execute(JDBCStatementImpl.java:332)
	at org.jkiss.dbeaver.model.impl.jdbc.exec.JDBCStatementImpl.executeStatement(JDBCStatementImpl.java:131)
	at org.jkiss.dbeaver.ui.editors.sql.execute.SQLQueryJob.executeStatement(SQLQueryJob.java:631)
	at org.jkiss.dbeaver.ui.editors.sql.execute.SQLQueryJob.lambda$2(SQLQueryJob.java:522)
	at org.jkiss.dbeaver.model.exec.DBExecUtils.tryExecuteRecover(DBExecUtils.java:192)
	at org.jkiss.dbeaver.ui.editors.sql.execute.SQLQueryJob.executeSingleQuery(SQLQueryJob.java:541)
	at org.jkiss.dbeaver.ui.editors.sql.execute.SQLQueryJob.extractData(SQLQueryJob.java:1001)
	at org.jkiss.dbeaver.ui.editors.sql.SQLEditor$QueryResultsContainer.readData(SQLEditor.java:4231)
	at org.jkiss.dbeaver.ui.controls.resultset.ResultSetJobDataRead.lambda$0(ResultSetJobDataRead.java:128)
	at org.jkiss.dbeaver.model.exec.DBExecUtils.tryExecuteRecover(DBExecUtils.java:192)
	at org.jkiss.dbeaver.ui.controls.resultset.ResultSetJobDataRead.run(ResultSetJobDataRead.java:126)
	at org.jkiss.dbeaver.ui.controls.resultset.ResultSetViewer$ResultSetDataPumpJob.run(ResultSetViewer.java:5160)
	at org.jkiss.dbeaver.model.runtime.AbstractJob.run(AbstractJob.java:117)
	at org.eclipse.core.internal.jobs.Worker.run(Worker.java:63)

!ENTRY org.jkiss.dbeaver.model 4 0 2024-09-11 12:03:39.440
!MESSAGE SQL Error [2291] [23000]: ORA-02291: 무결성 제약조건(SCOTT.FK_DEPTNO)이 위배되었습니다- 부모 키가 없습니다


Error position: line: 1461
!SUBENTRY 1 org.jkiss.dbeaver.model 4 0 2024-09-11 12:03:39.441
!MESSAGE SQL Error [2291] [23000]: ORA-02291: 무결성 제약조건(SCOTT.FK_DEPTNO)이 위배되었습니다- 부모 키가 없습니다

!SUBENTRY 2 org.jkiss.dbeaver.model 4 0 2024-09-11 12:03:39.441
!MESSAGE Error : 2291, Position : 0, Sql = -- 4) FOREIGN KEY (FK - 외래키) : 다른 엔터티의 기본키를 참조하는 칼럼
INSERT INTO EMP e 
VALUES (9999, '테스트', 'CLERK', '7788', '2017-04-30', 1200, NULL, 50), OriginalSql = -- 4) FOREIGN KEY (FK - 외래키) : 다른 엔터티의 기본키를 참조하는 칼럼
INSERT INTO EMP e 
VALUES (9999, '테스트', 'CLERK', '7788', '2017-04-30', 1200, NULL, 50), Error Msg = ORA-02291: 무결성 제약조건(SCOTT.FK_DEPTNO)이 위배되었습니다- 부모 키가 없습니다

!STACK 0
Error : 2291, Position : 0, Sql = -- 4) FOREIGN KEY (FK - 외래키) : 다른 엔터티의 기본키를 참조하는 칼럼
INSERT INTO EMP e 
VALUES (9999, '테스트', 'CLERK', '7788', '2017-04-30', 1200, NULL, 50), OriginalSql = -- 4) FOREIGN KEY (FK - 외래키) : 다른 엔터티의 기본키를 참조하는 칼럼
INSERT INTO EMP e 
VALUES (9999, '테스트', 'CLERK', '7788', '2017-04-30', 1200, NULL, 50), Error Msg = ORA-02291: 무결성 제약조건(SCOTT.FK_DEPTNO)이 위배되었습니다- 부모 키가 없습니다

	at oracle.jdbc.driver.T4CTTIoer11.processError(T4CTTIoer11.java:637)
	at oracle.jdbc.driver.T4CTTIoer11.processError(T4CTTIoer11.java:564)
	at oracle.jdbc.driver.T4C8Oall.processError(T4C8Oall.java:1231)
	at oracle.jdbc.driver.T4CTTIfun.receive(T4CTTIfun.java:772)
	at oracle.jdbc.driver.T4CTTIfun.doRPC(T4CTTIfun.java:299)
	at oracle.jdbc.driver.T4C8Oall.doOALL(T4C8Oall.java:512)
	at oracle.jdbc.driver.T4CStatement.doOall8(T4CStatement.java:123)
	at oracle.jdbc.driver.T4CStatement.executeForRows(T4CStatement.java:1200)
	at oracle.jdbc.driver.OracleStatement.executeSQLStatement(OracleStatement.java:1820)
	at oracle.jdbc.driver.OracleStatement.doExecuteWithTimeout(OracleStatement.java:1472)
	at oracle.jdbc.driver.OracleStatement.executeInternal(OracleStatement.java:2505)
	at oracle.jdbc.driver.OracleStatement.execute(OracleStatement.java:2460)
	at oracle.jdbc.driver.OracleStatementWrapper.execute(OracleStatementWrapper.java:328)
	at org.jkiss.dbeaver.model.impl.jdbc.exec.JDBCStatementImpl.execute(JDBCStatementImpl.java:332)
	at org.jkiss.dbeaver.model.impl.jdbc.exec.JDBCStatementImpl.executeStatement(JDBCStatementImpl.java:131)
	at org.jkiss.dbeaver.ui.editors.sql.execute.SQLQueryJob.executeStatement(SQLQueryJob.java:631)
	at org.jkiss.dbeaver.ui.editors.sql.execute.SQLQueryJob.lambda$2(SQLQueryJob.java:522)
	at org.jkiss.dbeaver.ui.editors.sql.execute.SQLQueryJob.executeSingleQuery(SQLQueryJob.java:544)
	at org.jkiss.dbeaver.ui.editors.sql.execute.SQLQueryJob.extractData(SQLQueryJob.java:1001)
	at org.jkiss.dbeaver.ui.editors.sql.SQLEditor$QueryResultsContainer.readData(SQLEditor.java:4231)
	at org.jkiss.dbeaver.ui.controls.resultset.ResultSetJobDataRead.lambda$0(ResultSetJobDataRead.java:128)
	at org.jkiss.dbeaver.model.exec.DBExecUtils.tryExecuteRecover(DBExecUtils.java:192)
	at org.jkiss.dbeaver.ui.controls.resultset.ResultSetJobDataRead.run(ResultSetJobDataRead.java:126)
	at org.jkiss.dbeaver.ui.controls.resultset.ResultSetViewer$ResultSetDataPumpJob.run(ResultSetViewer.java:5160)
	at org.jkiss.dbeaver.model.runtime.AbstractJob.run(AbstractJob.java:117)
	at org.eclipse.core.internal.jobs.Worker.run(Worker.java:63)

!ENTRY org.jkiss.dbeaver.model 4 0 2024-09-11 12:11:33.575
!MESSAGE SQL Error [2291] [23000]: ORA-02291: 무결성 제약조건(SCOTT.EMPFK_DEPTNO_FK)이 위배되었습니다- 부모 키가 없습니다

!SUBENTRY 1 org.jkiss.dbeaver.model 4 0 2024-09-11 12:11:33.575
!MESSAGE Error : 2291, Position : 0, Sql = INSERT INTO EMP_FK VALUES (9999, '테스트', 'CLERK', '7788', '2017-04-30', 1200, NULL, 50), OriginalSql = INSERT INTO EMP_FK VALUES (9999, '테스트', 'CLERK', '7788', '2017-04-30', 1200, NULL, 50), Error Msg = ORA-02291: 무결성 제약조건(SCOTT.EMPFK_DEPTNO_FK)이 위배되었습니다- 부모 키가 없습니다

!STACK 0
Error : 2291, Position : 0, Sql = INSERT INTO EMP_FK VALUES (9999, '테스트', 'CLERK', '7788', '2017-04-30', 1200, NULL, 50), OriginalSql = INSERT INTO EMP_FK VALUES (9999, '테스트', 'CLERK', '7788', '2017-04-30', 1200, NULL, 50), Error Msg = ORA-02291: 무결성 제약조건(SCOTT.EMPFK_DEPTNO_FK)이 위배되었습니다- 부모 키가 없습니다

	at oracle.jdbc.driver.T4CTTIoer11.processError(T4CTTIoer11.java:637)
	at oracle.jdbc.driver.T4CTTIoer11.processError(T4CTTIoer11.java:564)
	at oracle.jdbc.driver.T4C8Oall.processError(T4C8Oall.java:1231)
	at oracle.jdbc.driver.T4CTTIfun.receive(T4CTTIfun.java:772)
	at oracle.jdbc.driver.T4CTTIfun.doRPC(T4CTTIfun.java:299)
	at oracle.jdbc.driver.T4C8Oall.doOALL(T4C8Oall.java:512)
	at oracle.jdbc.driver.T4CStatement.doOall8(T4CStatement.java:123)
	at oracle.jdbc.driver.T4CStatement.executeForRows(T4CStatement.java:1200)
	at oracle.jdbc.driver.OracleStatement.executeSQLStatement(OracleStatement.java:1820)
	at oracle.jdbc.driver.OracleStatement.doExecuteWithTimeout(OracleStatement.java:1472)
	at oracle.jdbc.driver.OracleStatement.executeInternal(OracleStatement.java:2505)
	at oracle.jdbc.driver.OracleStatement.execute(OracleStatement.java:2460)
	at oracle.jdbc.driver.OracleStatementWrapper.execute(OracleStatementWrapper.java:328)
	at org.jkiss.dbeaver.model.impl.jdbc.exec.JDBCStatementImpl.execute(JDBCStatementImpl.java:332)
	at org.jkiss.dbeaver.model.impl.jdbc.exec.JDBCStatementImpl.executeStatement(JDBCStatementImpl.java:131)
	at org.jkiss.dbeaver.ui.editors.sql.execute.SQLQueryJob.executeStatement(SQLQueryJob.java:631)
	at org.jkiss.dbeaver.ui.editors.sql.execute.SQLQueryJob.lambda$2(SQLQueryJob.java:522)
	at org.jkiss.dbeaver.ui.editors.sql.execute.SQLQueryJob.executeSingleQuery(SQLQueryJob.java:544)
	at org.jkiss.dbeaver.ui.editors.sql.execute.SQLQueryJob.extractData(SQLQueryJob.java:1001)
	at org.jkiss.dbeaver.ui.editors.sql.SQLEditor$QueryResultsContainer.readData(SQLEditor.java:4231)
	at org.jkiss.dbeaver.ui.controls.resultset.ResultSetJobDataRead.lambda$0(ResultSetJobDataRead.java:128)
	at org.jkiss.dbeaver.model.exec.DBExecUtils.tryExecuteRecover(DBExecUtils.java:192)
	at org.jkiss.dbeaver.ui.controls.resultset.ResultSetJobDataRead.run(ResultSetJobDataRead.java:126)
	at org.jkiss.dbeaver.ui.controls.resultset.ResultSetViewer$ResultSetDataPumpJob.run(ResultSetViewer.java:5160)
	at org.jkiss.dbeaver.model.runtime.AbstractJob.run(AbstractJob.java:117)
	at org.eclipse.core.internal.jobs.Worker.run(Worker.java:63)

!ENTRY org.jkiss.dbeaver.model 4 0 2024-09-11 12:11:53.112
!MESSAGE SQL Error [955] [42000]: ORA-00955: 기존의 객체가 이름을 사용하고 있습니다.

!SUBENTRY 1 org.jkiss.dbeaver.model 4 0 2024-09-11 12:11:53.112
!MESSAGE Error : 955, Position : 34, Sql = -- 부모 테이블
CREATE TABLE DEPT_FK(
	DEPTNO NUMBER(2) PRIMARY KEY,
	DNAME VARCHAR2(14),
	LOC VARCHAR2(13)
), OriginalSql = -- 부모 테이블
CREATE TABLE DEPT_FK(
	DEPTNO NUMBER(2) PRIMARY KEY,
	DNAME VARCHAR2(14),
	LOC VARCHAR2(13)
), Error Msg = ORA-00955: 기존의 객체가 이름을 사용하고 있습니다.

!STACK 0
Error : 955, Position : 34, Sql = -- 부모 테이블
CREATE TABLE DEPT_FK(
	DEPTNO NUMBER(2) PRIMARY KEY,
	DNAME VARCHAR2(14),
	LOC VARCHAR2(13)
), OriginalSql = -- 부모 테이블
CREATE TABLE DEPT_FK(
	DEPTNO NUMBER(2) PRIMARY KEY,
	DNAME VARCHAR2(14),
	LOC VARCHAR2(13)
), Error Msg = ORA-00955: 기존의 객체가 이름을 사용하고 있습니다.

	at oracle.jdbc.driver.T4CTTIoer11.processError(T4CTTIoer11.java:637)
	at oracle.jdbc.driver.T4CTTIoer11.processError(T4CTTIoer11.java:564)
	at oracle.jdbc.driver.T4C8Oall.processError(T4C8Oall.java:1231)
	at oracle.jdbc.driver.T4CTTIfun.receive(T4CTTIfun.java:772)
	at oracle.jdbc.driver.T4CTTIfun.doRPC(T4CTTIfun.java:299)
	at oracle.jdbc.driver.T4C8Oall.doOALL(T4C8Oall.java:512)
	at oracle.jdbc.driver.T4CStatement.doOall8(T4CStatement.java:123)
	at oracle.jdbc.driver.T4CStatement.executeForRows(T4CStatement.java:1200)
	at oracle.jdbc.driver.OracleStatement.executeSQLStatement(OracleStatement.java:1820)
	at oracle.jdbc.driver.OracleStatement.doExecuteWithTimeout(OracleStatement.java:1472)
	at oracle.jdbc.driver.OracleStatement.executeInternal(OracleStatement.java:2505)
	at oracle.jdbc.driver.OracleStatement.execute(OracleStatement.java:2460)
	at oracle.jdbc.driver.OracleStatementWrapper.execute(OracleStatementWrapper.java:328)
	at org.jkiss.dbeaver.model.impl.jdbc.exec.JDBCStatementImpl.execute(JDBCStatementImpl.java:332)
	at org.jkiss.dbeaver.model.impl.jdbc.exec.JDBCStatementImpl.executeStatement(JDBCStatementImpl.java:131)
	at org.jkiss.dbeaver.ui.editors.sql.execute.SQLQueryJob.executeStatement(SQLQueryJob.java:631)
	at org.jkiss.dbeaver.ui.editors.sql.execute.SQLQueryJob.lambda$2(SQLQueryJob.java:522)
	at org.jkiss.dbeaver.model.exec.DBExecUtils.tryExecuteRecover(DBExecUtils.java:192)
	at org.jkiss.dbeaver.ui.editors.sql.execute.SQLQueryJob.executeSingleQuery(SQLQueryJob.java:541)
	at org.jkiss.dbeaver.ui.editors.sql.execute.SQLQueryJob.extractData(SQLQueryJob.java:1001)
	at org.jkiss.dbeaver.ui.editors.sql.SQLEditor$QueryResultsContainer.readData(SQLEditor.java:4231)
	at org.jkiss.dbeaver.ui.controls.resultset.ResultSetJobDataRead.lambda$0(ResultSetJobDataRead.java:128)
	at org.jkiss.dbeaver.model.exec.DBExecUtils.tryExecuteRecover(DBExecUtils.java:192)
	at org.jkiss.dbeaver.ui.controls.resultset.ResultSetJobDataRead.run(ResultSetJobDataRead.java:126)
	at org.jkiss.dbeaver.ui.controls.resultset.ResultSetViewer$ResultSetDataPumpJob.run(ResultSetViewer.java:5160)
	at org.jkiss.dbeaver.model.runtime.AbstractJob.run(AbstractJob.java:117)
	at org.eclipse.core.internal.jobs.Worker.run(Worker.java:63)

!ENTRY org.jkiss.dbeaver.model 4 0 2024-09-11 12:11:56.406
!MESSAGE SQL Error [955] [42000]: ORA-00955: 기존의 객체가 이름을 사용하고 있습니다.

!SUBENTRY 1 org.jkiss.dbeaver.model 4 0 2024-09-11 12:11:56.406
!MESSAGE Error : 955, Position : 13, Sql = CREATE TABLE EMP_FK(
	EMPNO NUMBER(4,0) PRIMARY KEY,
	ENAME VARCHAR2(10),
	JOB	VARCHAR2(9),
	MRG NUMBER(4,0),
	HIREDATE DATE,
	SAL NUMBER(7,2),
	COMM NUMBER(7,2),
	DEPTNO NUMBER(2,0) CONSTRAINT EMPFK_DEPTNO_FK REFERENCES DEPT_FK(DEPTNO)
), OriginalSql = CREATE TABLE EMP_FK(
	EMPNO NUMBER(4,0) PRIMARY KEY,
	ENAME VARCHAR2(10),
	JOB	VARCHAR2(9),
	MRG NUMBER(4,0),
	HIREDATE DATE,
	SAL NUMBER(7,2),
	COMM NUMBER(7,2),
	DEPTNO NUMBER(2,0) CONSTRAINT EMPFK_DEPTNO_FK REFERENCES DEPT_FK(DEPTNO)
), Error Msg = ORA-00955: 기존의 객체가 이름을 사용하고 있습니다.

!STACK 0
Error : 955, Position : 13, Sql = CREATE TABLE EMP_FK(
	EMPNO NUMBER(4,0) PRIMARY KEY,
	ENAME VARCHAR2(10),
	JOB	VARCHAR2(9),
	MRG NUMBER(4,0),
	HIREDATE DATE,
	SAL NUMBER(7,2),
	COMM NUMBER(7,2),
	DEPTNO NUMBER(2,0) CONSTRAINT EMPFK_DEPTNO_FK REFERENCES DEPT_FK(DEPTNO)
), OriginalSql = CREATE TABLE EMP_FK(
	EMPNO NUMBER(4,0) PRIMARY KEY,
	ENAME VARCHAR2(10),
	JOB	VARCHAR2(9),
	MRG NUMBER(4,0),
	HIREDATE DATE,
	SAL NUMBER(7,2),
	COMM NUMBER(7,2),
	DEPTNO NUMBER(2,0) CONSTRAINT EMPFK_DEPTNO_FK REFERENCES DEPT_FK(DEPTNO)
), Error Msg = ORA-00955: 기존의 객체가 이름을 사용하고 있습니다.

	at oracle.jdbc.driver.T4CTTIoer11.processError(T4CTTIoer11.java:637)
	at oracle.jdbc.driver.T4CTTIoer11.processError(T4CTTIoer11.java:564)
	at oracle.jdbc.driver.T4C8Oall.processError(T4C8Oall.java:1231)
	at oracle.jdbc.driver.T4CTTIfun.receive(T4CTTIfun.java:772)
	at oracle.jdbc.driver.T4CTTIfun.doRPC(T4CTTIfun.java:299)
	at oracle.jdbc.driver.T4C8Oall.doOALL(T4C8Oall.java:512)
	at oracle.jdbc.driver.T4CStatement.doOall8(T4CStatement.java:123)
	at oracle.jdbc.driver.T4CStatement.executeForRows(T4CStatement.java:1200)
	at oracle.jdbc.driver.OracleStatement.executeSQLStatement(OracleStatement.java:1820)
	at oracle.jdbc.driver.OracleStatement.doExecuteWithTimeout(OracleStatement.java:1472)
	at oracle.jdbc.driver.OracleStatement.executeInternal(OracleStatement.java:2505)
	at oracle.jdbc.driver.OracleStatement.execute(OracleStatement.java:2460)
	at oracle.jdbc.driver.OracleStatementWrapper.execute(OracleStatementWrapper.java:328)
	at org.jkiss.dbeaver.model.impl.jdbc.exec.JDBCStatementImpl.execute(JDBCStatementImpl.java:332)
	at org.jkiss.dbeaver.model.impl.jdbc.exec.JDBCStatementImpl.executeStatement(JDBCStatementImpl.java:131)
	at org.jkiss.dbeaver.ui.editors.sql.execute.SQLQueryJob.executeStatement(SQLQueryJob.java:631)
	at org.jkiss.dbeaver.ui.editors.sql.execute.SQLQueryJob.lambda$2(SQLQueryJob.java:522)
	at org.jkiss.dbeaver.model.exec.DBExecUtils.tryExecuteRecover(DBExecUtils.java:192)
	at org.jkiss.dbeaver.ui.editors.sql.execute.SQLQueryJob.executeSingleQuery(SQLQueryJob.java:541)
	at org.jkiss.dbeaver.ui.editors.sql.execute.SQLQueryJob.extractData(SQLQueryJob.java:1001)
	at org.jkiss.dbeaver.ui.editors.sql.SQLEditor$QueryResultsContainer.readData(SQLEditor.java:4231)
	at org.jkiss.dbeaver.ui.controls.resultset.ResultSetJobDataRead.lambda$0(ResultSetJobDataRead.java:128)
	at org.jkiss.dbeaver.model.exec.DBExecUtils.tryExecuteRecover(DBExecUtils.java:192)
	at org.jkiss.dbeaver.ui.controls.resultset.ResultSetJobDataRead.run(ResultSetJobDataRead.java:126)
	at org.jkiss.dbeaver.ui.controls.resultset.ResultSetViewer$ResultSetDataPumpJob.run(ResultSetViewer.java:5160)
	at org.jkiss.dbeaver.model.runtime.AbstractJob.run(AbstractJob.java:117)
	at org.eclipse.core.internal.jobs.Worker.run(Worker.java:63)

!ENTRY org.jkiss.dbeaver.model 4 0 2024-09-11 12:11:58.949
!MESSAGE SQL Error [2291] [23000]: ORA-02291: 무결성 제약조건(SCOTT.EMPFK_DEPTNO_FK)이 위배되었습니다- 부모 키가 없습니다

!SUBENTRY 1 org.jkiss.dbeaver.model 4 0 2024-09-11 12:11:58.949
!MESSAGE Error : 2291, Position : 0, Sql = INSERT INTO EMP_FK VALUES (9999, '테스트', 'CLERK', '7788', '2017-04-30', 1200, NULL, 50), OriginalSql = INSERT INTO EMP_FK VALUES (9999, '테스트', 'CLERK', '7788', '2017-04-30', 1200, NULL, 50), Error Msg = ORA-02291: 무결성 제약조건(SCOTT.EMPFK_DEPTNO_FK)이 위배되었습니다- 부모 키가 없습니다

!STACK 0
Error : 2291, Position : 0, Sql = INSERT INTO EMP_FK VALUES (9999, '테스트', 'CLERK', '7788', '2017-04-30', 1200, NULL, 50), OriginalSql = INSERT INTO EMP_FK VALUES (9999, '테스트', 'CLERK', '7788', '2017-04-30', 1200, NULL, 50), Error Msg = ORA-02291: 무결성 제약조건(SCOTT.EMPFK_DEPTNO_FK)이 위배되었습니다- 부모 키가 없습니다

	at oracle.jdbc.driver.T4CTTIoer11.processError(T4CTTIoer11.java:637)
	at oracle.jdbc.driver.T4CTTIoer11.processError(T4CTTIoer11.java:564)
	at oracle.jdbc.driver.T4C8Oall.processError(T4C8Oall.java:1231)
	at oracle.jdbc.driver.T4CTTIfun.receive(T4CTTIfun.java:772)
	at oracle.jdbc.driver.T4CTTIfun.doRPC(T4CTTIfun.java:299)
	at oracle.jdbc.driver.T4C8Oall.doOALL(T4C8Oall.java:512)
	at oracle.jdbc.driver.T4CStatement.doOall8(T4CStatement.java:123)
	at oracle.jdbc.driver.T4CStatement.executeForRows(T4CStatement.java:1200)
	at oracle.jdbc.driver.OracleStatement.executeSQLStatement(OracleStatement.java:1820)
	at oracle.jdbc.driver.OracleStatement.doExecuteWithTimeout(OracleStatement.java:1472)
	at oracle.jdbc.driver.OracleStatement.executeInternal(OracleStatement.java:2505)
	at oracle.jdbc.driver.OracleStatement.execute(OracleStatement.java:2460)
	at oracle.jdbc.driver.OracleStatementWrapper.execute(OracleStatementWrapper.java:328)
	at org.jkiss.dbeaver.model.impl.jdbc.exec.JDBCStatementImpl.execute(JDBCStatementImpl.java:332)
	at org.jkiss.dbeaver.model.impl.jdbc.exec.JDBCStatementImpl.executeStatement(JDBCStatementImpl.java:131)
	at org.jkiss.dbeaver.ui.editors.sql.execute.SQLQueryJob.executeStatement(SQLQueryJob.java:631)
	at org.jkiss.dbeaver.ui.editors.sql.execute.SQLQueryJob.lambda$2(SQLQueryJob.java:522)
	at org.jkiss.dbeaver.ui.editors.sql.execute.SQLQueryJob.executeSingleQuery(SQLQueryJob.java:544)
	at org.jkiss.dbeaver.ui.editors.sql.execute.SQLQueryJob.extractData(SQLQueryJob.java:1001)
	at org.jkiss.dbeaver.ui.editors.sql.SQLEditor$QueryResultsContainer.readData(SQLEditor.java:4231)
	at org.jkiss.dbeaver.ui.controls.resultset.ResultSetJobDataRead.lambda$0(ResultSetJobDataRead.java:128)
	at org.jkiss.dbeaver.model.exec.DBExecUtils.tryExecuteRecover(DBExecUtils.java:192)
	at org.jkiss.dbeaver.ui.controls.resultset.ResultSetJobDataRead.run(ResultSetJobDataRead.java:126)
	at org.jkiss.dbeaver.ui.controls.resultset.ResultSetViewer$ResultSetDataPumpJob.run(ResultSetViewer.java:5160)
	at org.jkiss.dbeaver.model.runtime.AbstractJob.run(AbstractJob.java:117)
	at org.eclipse.core.internal.jobs.Worker.run(Worker.java:63)

!ENTRY org.jkiss.dbeaver.model 4 0 2024-09-11 12:14:43.281
!MESSAGE BadLocationException
!STACK 0
org.eclipse.jface.text.BadLocationException
	at org.eclipse.jface.text.AbstractDocument.getChar(AbstractDocument.java:774)
	at org.eclipse.core.internal.filebuffers.SynchronizableDocument.getChar(SynchronizableDocument.java:141)
	at org.jkiss.dbeaver.model.sql.parser.SQLScriptParser.countLineFeeds(SQLScriptParser.java:437)
	at org.jkiss.dbeaver.model.sql.parser.SQLScriptParser.parseQueryImpl(SQLScriptParser.java:147)
	at org.jkiss.dbeaver.model.sql.parser.SQLScriptParser.extractScriptQueries(SQLScriptParser.java:943)
	at org.jkiss.dbeaver.ui.editors.sql.SQLEditorBase.extractScriptQueries(SQLEditorBase.java:952)
	at org.jkiss.dbeaver.ui.editors.sql.syntax.SQLReconcilingStrategy.extractQueries(SQLReconcilingStrategy.java:284)
	at org.jkiss.dbeaver.ui.editors.sql.syntax.SQLReconcilingStrategy.reconcile(SQLReconcilingStrategy.java:218)
	at org.jkiss.dbeaver.ui.editors.sql.syntax.SQLReconcilingStrategy.reconcile(SQLReconcilingStrategy.java:102)
	at org.eclipse.jface.text.reconciler.MonoReconciler.process(MonoReconciler.java:74)
	at org.eclipse.jface.text.reconciler.AbstractReconciler$BackgroundThread.run(AbstractReconciler.java:207)

!ENTRY org.jkiss.dbeaver.model 4 0 2024-09-11 12:15:44.700
!MESSAGE SQL Error [2292] [23000]: ORA-02292: 무결성 제약조건(SCOTT.EMPFK_DEPTNO_FK)이 위배되었습니다- 자식 레코드가 발견되었습니다


Error position: line: 1492
!SUBENTRY 1 org.jkiss.dbeaver.model 4 0 2024-09-11 12:15:44.700
!MESSAGE SQL Error [2292] [23000]: ORA-02292: 무결성 제약조건(SCOTT.EMPFK_DEPTNO_FK)이 위배되었습니다- 자식 레코드가 발견되었습니다

!SUBENTRY 2 org.jkiss.dbeaver.model 4 0 2024-09-11 12:15:44.700
!MESSAGE Error : 2292, Position : 0, Sql = DELETE FROM DEPT_FK WHERE DEPTNO = 50, OriginalSql = DELETE FROM DEPT_FK WHERE DEPTNO = 50, Error Msg = ORA-02292: 무결성 제약조건(SCOTT.EMPFK_DEPTNO_FK)이 위배되었습니다- 자식 레코드가 발견되었습니다

!STACK 0
Error : 2292, Position : 0, Sql = DELETE FROM DEPT_FK WHERE DEPTNO = 50, OriginalSql = DELETE FROM DEPT_FK WHERE DEPTNO = 50, Error Msg = ORA-02292: 무결성 제약조건(SCOTT.EMPFK_DEPTNO_FK)이 위배되었습니다- 자식 레코드가 발견되었습니다

	at oracle.jdbc.driver.T4CTTIoer11.processError(T4CTTIoer11.java:637)
	at oracle.jdbc.driver.T4CTTIoer11.processError(T4CTTIoer11.java:564)
	at oracle.jdbc.driver.T4C8Oall.processError(T4C8Oall.java:1231)
	at oracle.jdbc.driver.T4CTTIfun.receive(T4CTTIfun.java:772)
	at oracle.jdbc.driver.T4CTTIfun.doRPC(T4CTTIfun.java:299)
	at oracle.jdbc.driver.T4C8Oall.doOALL(T4C8Oall.java:512)
	at oracle.jdbc.driver.T4CStatement.doOall8(T4CStatement.java:123)
	at oracle.jdbc.driver.T4CStatement.executeForRows(T4CStatement.java:1200)
	at oracle.jdbc.driver.OracleStatement.executeSQLStatement(OracleStatement.java:1820)
	at oracle.jdbc.driver.OracleStatement.doExecuteWithTimeout(OracleStatement.java:1472)
	at oracle.jdbc.driver.OracleStatement.executeInternal(OracleStatement.java:2505)
	at oracle.jdbc.driver.OracleStatement.execute(OracleStatement.java:2460)
	at oracle.jdbc.driver.OracleStatementWrapper.execute(OracleStatementWrapper.java:328)
	at org.jkiss.dbeaver.model.impl.jdbc.exec.JDBCStatementImpl.execute(JDBCStatementImpl.java:332)
	at org.jkiss.dbeaver.model.impl.jdbc.exec.JDBCStatementImpl.executeStatement(JDBCStatementImpl.java:131)
	at org.jkiss.dbeaver.ui.editors.sql.execute.SQLQueryJob.executeStatement(SQLQueryJob.java:631)
	at org.jkiss.dbeaver.ui.editors.sql.execute.SQLQueryJob.lambda$2(SQLQueryJob.java:522)
	at org.jkiss.dbeaver.ui.editors.sql.execute.SQLQueryJob.executeSingleQuery(SQLQueryJob.java:544)
	at org.jkiss.dbeaver.ui.editors.sql.execute.SQLQueryJob.extractData(SQLQueryJob.java:1001)
	at org.jkiss.dbeaver.ui.editors.sql.SQLEditor$QueryResultsContainer.readData(SQLEditor.java:4231)
	at org.jkiss.dbeaver.ui.controls.resultset.ResultSetJobDataRead.lambda$0(ResultSetJobDataRead.java:128)
	at org.jkiss.dbeaver.model.exec.DBExecUtils.tryExecuteRecover(DBExecUtils.java:192)
	at org.jkiss.dbeaver.ui.controls.resultset.ResultSetJobDataRead.run(ResultSetJobDataRead.java:126)
	at org.jkiss.dbeaver.ui.controls.resultset.ResultSetViewer$ResultSetDataPumpJob.run(ResultSetViewer.java:5160)
	at org.jkiss.dbeaver.model.runtime.AbstractJob.run(AbstractJob.java:117)
	at org.eclipse.core.internal.jobs.Worker.run(Worker.java:63)

!ENTRY org.jkiss.dbeaver.model 4 0 2024-09-11 12:37:31.977
!MESSAGE SQL Error [955] [42000]: ORA-00955: 기존의 객체가 이름을 사용하고 있습니다.

!SUBENTRY 1 org.jkiss.dbeaver.model 4 0 2024-09-11 12:37:31.977
!MESSAGE Error : 955, Position : 13, Sql = CREATE TABLE EMP_FK(
	EMPNO NUMBER(4,0) PRIMARY KEY,
	ENAME VARCHAR2(10),
	JOB	VARCHAR2(9),
	MRG NUMBER(4,0),
	HIREDATE DATE,
	SAL NUMBER(7,2),
	COMM NUMBER(7,2),
	DEPTNO NUMBER(2,0) CONSTRAINT EMPFK2_DEPTNO_FK REFERENCES DEPT_FK(DEPTNO) ON DELETE CASCADE 
), OriginalSql = CREATE TABLE EMP_FK(
	EMPNO NUMBER(4,0) PRIMARY KEY,
	ENAME VARCHAR2(10),
	JOB	VARCHAR2(9),
	MRG NUMBER(4,0),
	HIREDATE DATE,
	SAL NUMBER(7,2),
	COMM NUMBER(7,2),
	DEPTNO NUMBER(2,0) CONSTRAINT EMPFK2_DEPTNO_FK REFERENCES DEPT_FK(DEPTNO) ON DELETE CASCADE 
), Error Msg = ORA-00955: 기존의 객체가 이름을 사용하고 있습니다.

!STACK 0
Error : 955, Position : 13, Sql = CREATE TABLE EMP_FK(
	EMPNO NUMBER(4,0) PRIMARY KEY,
	ENAME VARCHAR2(10),
	JOB	VARCHAR2(9),
	MRG NUMBER(4,0),
	HIREDATE DATE,
	SAL NUMBER(7,2),
	COMM NUMBER(7,2),
	DEPTNO NUMBER(2,0) CONSTRAINT EMPFK2_DEPTNO_FK REFERENCES DEPT_FK(DEPTNO) ON DELETE CASCADE 
), OriginalSql = CREATE TABLE EMP_FK(
	EMPNO NUMBER(4,0) PRIMARY KEY,
	ENAME VARCHAR2(10),
	JOB	VARCHAR2(9),
	MRG NUMBER(4,0),
	HIREDATE DATE,
	SAL NUMBER(7,2),
	COMM NUMBER(7,2),
	DEPTNO NUMBER(2,0) CONSTRAINT EMPFK2_DEPTNO_FK REFERENCES DEPT_FK(DEPTNO) ON DELETE CASCADE 
), Error Msg = ORA-00955: 기존의 객체가 이름을 사용하고 있습니다.

	at oracle.jdbc.driver.T4CTTIoer11.processError(T4CTTIoer11.java:637)
	at oracle.jdbc.driver.T4CTTIoer11.processError(T4CTTIoer11.java:564)
	at oracle.jdbc.driver.T4C8Oall.processError(T4C8Oall.java:1231)
	at oracle.jdbc.driver.T4CTTIfun.receive(T4CTTIfun.java:772)
	at oracle.jdbc.driver.T4CTTIfun.doRPC(T4CTTIfun.java:299)
	at oracle.jdbc.driver.T4C8Oall.doOALL(T4C8Oall.java:512)
	at oracle.jdbc.driver.T4CStatement.doOall8(T4CStatement.java:123)
	at oracle.jdbc.driver.T4CStatement.executeForRows(T4CStatement.java:1200)
	at oracle.jdbc.driver.OracleStatement.executeSQLStatement(OracleStatement.java:1820)
	at oracle.jdbc.driver.OracleStatement.doExecuteWithTimeout(OracleStatement.java:1472)
	at oracle.jdbc.driver.OracleStatement.executeInternal(OracleStatement.java:2505)
	at oracle.jdbc.driver.OracleStatement.execute(OracleStatement.java:2460)
	at oracle.jdbc.driver.OracleStatementWrapper.execute(OracleStatementWrapper.java:328)
	at org.jkiss.dbeaver.model.impl.jdbc.exec.JDBCStatementImpl.execute(JDBCStatementImpl.java:332)
	at org.jkiss.dbeaver.model.impl.jdbc.exec.JDBCStatementImpl.executeStatement(JDBCStatementImpl.java:131)
	at org.jkiss.dbeaver.ui.editors.sql.execute.SQLQueryJob.executeStatement(SQLQueryJob.java:631)
	at org.jkiss.dbeaver.ui.editors.sql.execute.SQLQueryJob.lambda$2(SQLQueryJob.java:522)
	at org.jkiss.dbeaver.model.exec.DBExecUtils.tryExecuteRecover(DBExecUtils.java:192)
	at org.jkiss.dbeaver.ui.editors.sql.execute.SQLQueryJob.executeSingleQuery(SQLQueryJob.java:541)
	at org.jkiss.dbeaver.ui.editors.sql.execute.SQLQueryJob.extractData(SQLQueryJob.java:1001)
	at org.jkiss.dbeaver.ui.editors.sql.SQLEditor$QueryResultsContainer.readData(SQLEditor.java:4231)
	at org.jkiss.dbeaver.ui.controls.resultset.ResultSetJobDataRead.lambda$0(ResultSetJobDataRead.java:128)
	at org.jkiss.dbeaver.model.exec.DBExecUtils.tryExecuteRecover(DBExecUtils.java:192)
	at org.jkiss.dbeaver.ui.controls.resultset.ResultSetJobDataRead.run(ResultSetJobDataRead.java:126)
	at org.jkiss.dbeaver.ui.controls.resultset.ResultSetViewer$ResultSetDataPumpJob.run(ResultSetViewer.java:5160)
	at org.jkiss.dbeaver.model.runtime.AbstractJob.run(AbstractJob.java:117)
	at org.eclipse.core.internal.jobs.Worker.run(Worker.java:63)

!ENTRY org.jkiss.dbeaver.model 4 0 2024-09-11 12:38:07.293
!MESSAGE SQL Error [2292] [23000]: ORA-02292: 무결성 제약조건(SCOTT.EMPFK_DEPTNO_FK)이 위배되었습니다- 자식 레코드가 발견되었습니다


Error position: line: 1521
!SUBENTRY 1 org.jkiss.dbeaver.model 4 0 2024-09-11 12:38:07.293
!MESSAGE SQL Error [2292] [23000]: ORA-02292: 무결성 제약조건(SCOTT.EMPFK_DEPTNO_FK)이 위배되었습니다- 자식 레코드가 발견되었습니다

!SUBENTRY 2 org.jkiss.dbeaver.model 4 0 2024-09-11 12:38:07.293
!MESSAGE Error : 2292, Position : 0, Sql = DELETE FROM DEPT_FK WHERE DEPTNO = 50, OriginalSql = DELETE FROM DEPT_FK WHERE DEPTNO = 50, Error Msg = ORA-02292: 무결성 제약조건(SCOTT.EMPFK_DEPTNO_FK)이 위배되었습니다- 자식 레코드가 발견되었습니다

!STACK 0
Error : 2292, Position : 0, Sql = DELETE FROM DEPT_FK WHERE DEPTNO = 50, OriginalSql = DELETE FROM DEPT_FK WHERE DEPTNO = 50, Error Msg = ORA-02292: 무결성 제약조건(SCOTT.EMPFK_DEPTNO_FK)이 위배되었습니다- 자식 레코드가 발견되었습니다

	at oracle.jdbc.driver.T4CTTIoer11.processError(T4CTTIoer11.java:637)
	at oracle.jdbc.driver.T4CTTIoer11.processError(T4CTTIoer11.java:564)
	at oracle.jdbc.driver.T4C8Oall.processError(T4C8Oall.java:1231)
	at oracle.jdbc.driver.T4CTTIfun.receive(T4CTTIfun.java:772)
	at oracle.jdbc.driver.T4CTTIfun.doRPC(T4CTTIfun.java:299)
	at oracle.jdbc.driver.T4C8Oall.doOALL(T4C8Oall.java:512)
	at oracle.jdbc.driver.T4CStatement.doOall8(T4CStatement.java:123)
	at oracle.jdbc.driver.T4CStatement.executeForRows(T4CStatement.java:1200)
	at oracle.jdbc.driver.OracleStatement.executeSQLStatement(OracleStatement.java:1820)
	at oracle.jdbc.driver.OracleStatement.doExecuteWithTimeout(OracleStatement.java:1472)
	at oracle.jdbc.driver.OracleStatement.executeInternal(OracleStatement.java:2505)
	at oracle.jdbc.driver.OracleStatement.execute(OracleStatement.java:2460)
	at oracle.jdbc.driver.OracleStatementWrapper.execute(OracleStatementWrapper.java:328)
	at org.jkiss.dbeaver.model.impl.jdbc.exec.JDBCStatementImpl.execute(JDBCStatementImpl.java:332)
	at org.jkiss.dbeaver.model.impl.jdbc.exec.JDBCStatementImpl.executeStatement(JDBCStatementImpl.java:131)
	at org.jkiss.dbeaver.ui.editors.sql.execute.SQLQueryJob.executeStatement(SQLQueryJob.java:631)
	at org.jkiss.dbeaver.ui.editors.sql.execute.SQLQueryJob.lambda$2(SQLQueryJob.java:522)
	at org.jkiss.dbeaver.ui.editors.sql.execute.SQLQueryJob.executeSingleQuery(SQLQueryJob.java:544)
	at org.jkiss.dbeaver.ui.editors.sql.execute.SQLQueryJob.extractData(SQLQueryJob.java:1001)
	at org.jkiss.dbeaver.ui.editors.sql.SQLEditor$QueryResultsContainer.readData(SQLEditor.java:4231)
	at org.jkiss.dbeaver.ui.controls.resultset.ResultSetJobDataRead.lambda$0(ResultSetJobDataRead.java:128)
	at org.jkiss.dbeaver.model.exec.DBExecUtils.tryExecuteRecover(DBExecUtils.java:192)
	at org.jkiss.dbeaver.ui.controls.resultset.ResultSetJobDataRead.run(ResultSetJobDataRead.java:126)
	at org.jkiss.dbeaver.ui.controls.resultset.ResultSetViewer$ResultSetDataPumpJob.run(ResultSetViewer.java:5160)
	at org.jkiss.dbeaver.model.runtime.AbstractJob.run(AbstractJob.java:117)
	at org.eclipse.core.internal.jobs.Worker.run(Worker.java:63)

!ENTRY org.jkiss.dbeaver.model 4 0 2024-09-11 12:39:13.622
!MESSAGE SQL Error [2292] [23000]: ORA-02292: 무결성 제약조건(SCOTT.EMPFK_DEPTNO_FK)이 위배되었습니다- 자식 레코드가 발견되었습니다

!SUBENTRY 1 org.jkiss.dbeaver.model 4 0 2024-09-11 12:39:13.622
!MESSAGE Error : 2292, Position : 0, Sql = DELETE FROM DEPT_FK WHERE DEPTNO = 50, OriginalSql = DELETE FROM DEPT_FK WHERE DEPTNO = 50, Error Msg = ORA-02292: 무결성 제약조건(SCOTT.EMPFK_DEPTNO_FK)이 위배되었습니다- 자식 레코드가 발견되었습니다

!STACK 0
Error : 2292, Position : 0, Sql = DELETE FROM DEPT_FK WHERE DEPTNO = 50, OriginalSql = DELETE FROM DEPT_FK WHERE DEPTNO = 50, Error Msg = ORA-02292: 무결성 제약조건(SCOTT.EMPFK_DEPTNO_FK)이 위배되었습니다- 자식 레코드가 발견되었습니다

	at oracle.jdbc.driver.T4CTTIoer11.processError(T4CTTIoer11.java:637)
	at oracle.jdbc.driver.T4CTTIoer11.processError(T4CTTIoer11.java:564)
	at oracle.jdbc.driver.T4C8Oall.processError(T4C8Oall.java:1231)
	at oracle.jdbc.driver.T4CTTIfun.receive(T4CTTIfun.java:772)
	at oracle.jdbc.driver.T4CTTIfun.doRPC(T4CTTIfun.java:299)
	at oracle.jdbc.driver.T4C8Oall.doOALL(T4C8Oall.java:512)
	at oracle.jdbc.driver.T4CStatement.doOall8(T4CStatement.java:123)
	at oracle.jdbc.driver.T4CStatement.executeForRows(T4CStatement.java:1200)
	at oracle.jdbc.driver.OracleStatement.executeSQLStatement(OracleStatement.java:1820)
	at oracle.jdbc.driver.OracleStatement.doExecuteWithTimeout(OracleStatement.java:1472)
	at oracle.jdbc.driver.OracleStatement.executeInternal(OracleStatement.java:2505)
	at oracle.jdbc.driver.OracleStatement.execute(OracleStatement.java:2460)
	at oracle.jdbc.driver.OracleStatementWrapper.execute(OracleStatementWrapper.java:328)
	at org.jkiss.dbeaver.model.impl.jdbc.exec.JDBCStatementImpl.execute(JDBCStatementImpl.java:332)
	at org.jkiss.dbeaver.model.impl.jdbc.exec.JDBCStatementImpl.executeStatement(JDBCStatementImpl.java:131)
	at org.jkiss.dbeaver.ui.editors.sql.execute.SQLQueryJob.executeStatement(SQLQueryJob.java:631)
	at org.jkiss.dbeaver.ui.editors.sql.execute.SQLQueryJob.lambda$2(SQLQueryJob.java:522)
	at org.jkiss.dbeaver.ui.editors.sql.execute.SQLQueryJob.executeSingleQuery(SQLQueryJob.java:544)
	at org.jkiss.dbeaver.ui.editors.sql.execute.SQLQueryJob.extractData(SQLQueryJob.java:1001)
	at org.jkiss.dbeaver.ui.editors.sql.SQLEditor$QueryResultsContainer.readData(SQLEditor.java:4231)
	at org.jkiss.dbeaver.ui.controls.resultset.ResultSetJobDataRead.lambda$0(ResultSetJobDataRead.java:128)
	at org.jkiss.dbeaver.model.exec.DBExecUtils.tryExecuteRecover(DBExecUtils.java:192)
	at org.jkiss.dbeaver.ui.controls.resultset.ResultSetJobDataRead.run(ResultSetJobDataRead.java:126)
	at org.jkiss.dbeaver.ui.controls.resultset.ResultSetViewer$ResultSetDataPumpJob.run(ResultSetViewer.java:5160)
	at org.jkiss.dbeaver.model.runtime.AbstractJob.run(AbstractJob.java:117)
	at org.eclipse.core.internal.jobs.Worker.run(Worker.java:63)

!ENTRY org.jkiss.dbeaver.model 4 0 2024-09-11 12:39:16.418
!MESSAGE SQL Error [955] [42000]: ORA-00955: 기존의 객체가 이름을 사용하고 있습니다.

!SUBENTRY 1 org.jkiss.dbeaver.model 4 0 2024-09-11 12:39:16.418
!MESSAGE Error : 955, Position : 13, Sql = CREATE TABLE EMP_FK3(
	EMPNO NUMBER(4,0) PRIMARY KEY,
	ENAME VARCHAR2(10),
	JOB	VARCHAR2(9),
	MRG NUMBER(4,0),
	HIREDATE DATE,
	SAL NUMBER(7,2),
	COMM NUMBER(7,2),
	DEPTNO NUMBER(2,0) CONSTRAINT EMPFK3_DEPTNO_FK REFERENCES DEPT_FK(DEPTNO) ON DELETE SET NULL 
), OriginalSql = CREATE TABLE EMP_FK3(
	EMPNO NUMBER(4,0) PRIMARY KEY,
	ENAME VARCHAR2(10),
	JOB	VARCHAR2(9),
	MRG NUMBER(4,0),
	HIREDATE DATE,
	SAL NUMBER(7,2),
	COMM NUMBER(7,2),
	DEPTNO NUMBER(2,0) CONSTRAINT EMPFK3_DEPTNO_FK REFERENCES DEPT_FK(DEPTNO) ON DELETE SET NULL 
), Error Msg = ORA-00955: 기존의 객체가 이름을 사용하고 있습니다.

!STACK 0
Error : 955, Position : 13, Sql = CREATE TABLE EMP_FK3(
	EMPNO NUMBER(4,0) PRIMARY KEY,
	ENAME VARCHAR2(10),
	JOB	VARCHAR2(9),
	MRG NUMBER(4,0),
	HIREDATE DATE,
	SAL NUMBER(7,2),
	COMM NUMBER(7,2),
	DEPTNO NUMBER(2,0) CONSTRAINT EMPFK3_DEPTNO_FK REFERENCES DEPT_FK(DEPTNO) ON DELETE SET NULL 
), OriginalSql = CREATE TABLE EMP_FK3(
	EMPNO NUMBER(4,0) PRIMARY KEY,
	ENAME VARCHAR2(10),
	JOB	VARCHAR2(9),
	MRG NUMBER(4,0),
	HIREDATE DATE,
	SAL NUMBER(7,2),
	COMM NUMBER(7,2),
	DEPTNO NUMBER(2,0) CONSTRAINT EMPFK3_DEPTNO_FK REFERENCES DEPT_FK(DEPTNO) ON DELETE SET NULL 
), Error Msg = ORA-00955: 기존의 객체가 이름을 사용하고 있습니다.

	at oracle.jdbc.driver.T4CTTIoer11.processError(T4CTTIoer11.java:637)
	at oracle.jdbc.driver.T4CTTIoer11.processError(T4CTTIoer11.java:564)
	at oracle.jdbc.driver.T4C8Oall.processError(T4C8Oall.java:1231)
	at oracle.jdbc.driver.T4CTTIfun.receive(T4CTTIfun.java:772)
	at oracle.jdbc.driver.T4CTTIfun.doRPC(T4CTTIfun.java:299)
	at oracle.jdbc.driver.T4C8Oall.doOALL(T4C8Oall.java:512)
	at oracle.jdbc.driver.T4CStatement.doOall8(T4CStatement.java:123)
	at oracle.jdbc.driver.T4CStatement.executeForRows(T4CStatement.java:1200)
	at oracle.jdbc.driver.OracleStatement.executeSQLStatement(OracleStatement.java:1820)
	at oracle.jdbc.driver.OracleStatement.doExecuteWithTimeout(OracleStatement.java:1472)
	at oracle.jdbc.driver.OracleStatement.executeInternal(OracleStatement.java:2505)
	at oracle.jdbc.driver.OracleStatement.execute(OracleStatement.java:2460)
	at oracle.jdbc.driver.OracleStatementWrapper.execute(OracleStatementWrapper.java:328)
	at org.jkiss.dbeaver.model.impl.jdbc.exec.JDBCStatementImpl.execute(JDBCStatementImpl.java:332)
	at org.jkiss.dbeaver.model.impl.jdbc.exec.JDBCStatementImpl.executeStatement(JDBCStatementImpl.java:131)
	at org.jkiss.dbeaver.ui.editors.sql.execute.SQLQueryJob.executeStatement(SQLQueryJob.java:631)
	at org.jkiss.dbeaver.ui.editors.sql.execute.SQLQueryJob.lambda$2(SQLQueryJob.java:522)
	at org.jkiss.dbeaver.model.exec.DBExecUtils.tryExecuteRecover(DBExecUtils.java:192)
	at org.jkiss.dbeaver.ui.editors.sql.execute.SQLQueryJob.executeSingleQuery(SQLQueryJob.java:541)
	at org.jkiss.dbeaver.ui.editors.sql.execute.SQLQueryJob.extractData(SQLQueryJob.java:1001)
	at org.jkiss.dbeaver.ui.editors.sql.SQLEditor$QueryResultsContainer.readData(SQLEditor.java:4231)
	at org.jkiss.dbeaver.ui.controls.resultset.ResultSetJobDataRead.lambda$0(ResultSetJobDataRead.java:128)
	at org.jkiss.dbeaver.model.exec.DBExecUtils.tryExecuteRecover(DBExecUtils.java:192)
	at org.jkiss.dbeaver.ui.controls.resultset.ResultSetJobDataRead.run(ResultSetJobDataRead.java:126)
	at org.jkiss.dbeaver.ui.controls.resultset.ResultSetViewer$ResultSetDataPumpJob.run(ResultSetViewer.java:5160)
	at org.jkiss.dbeaver.model.runtime.AbstractJob.run(AbstractJob.java:117)
	at org.eclipse.core.internal.jobs.Worker.run(Worker.java:63)

!ENTRY org.jkiss.dbeaver.model 4 0 2024-09-11 12:39:34.013
!MESSAGE SQL Error [1] [23000]: ORA-00001: 무결성 제약 조건(SCOTT.SYS_C008374)에 위배됩니다

!SUBENTRY 1 org.jkiss.dbeaver.model 4 0 2024-09-11 12:39:34.013
!MESSAGE Error : 1, Position : 0, Sql = INSERT INTO DEPT_FK VALUES(50, 'DATABASE', 'SEOUL'), OriginalSql = INSERT INTO DEPT_FK VALUES(50, 'DATABASE', 'SEOUL'), Error Msg = ORA-00001: 무결성 제약 조건(SCOTT.SYS_C008374)에 위배됩니다

!STACK 0
Error : 1, Position : 0, Sql = INSERT INTO DEPT_FK VALUES(50, 'DATABASE', 'SEOUL'), OriginalSql = INSERT INTO DEPT_FK VALUES(50, 'DATABASE', 'SEOUL'), Error Msg = ORA-00001: 무결성 제약 조건(SCOTT.SYS_C008374)에 위배됩니다

	at oracle.jdbc.driver.T4CTTIoer11.processError(T4CTTIoer11.java:637)
	at oracle.jdbc.driver.T4CTTIoer11.processError(T4CTTIoer11.java:564)
	at oracle.jdbc.driver.T4C8Oall.processError(T4C8Oall.java:1231)
	at oracle.jdbc.driver.T4CTTIfun.receive(T4CTTIfun.java:772)
	at oracle.jdbc.driver.T4CTTIfun.doRPC(T4CTTIfun.java:299)
	at oracle.jdbc.driver.T4C8Oall.doOALL(T4C8Oall.java:512)
	at oracle.jdbc.driver.T4CStatement.doOall8(T4CStatement.java:123)
	at oracle.jdbc.driver.T4CStatement.executeForRows(T4CStatement.java:1200)
	at oracle.jdbc.driver.OracleStatement.executeSQLStatement(OracleStatement.java:1820)
	at oracle.jdbc.driver.OracleStatement.doExecuteWithTimeout(OracleStatement.java:1472)
	at oracle.jdbc.driver.OracleStatement.executeInternal(OracleStatement.java:2505)
	at oracle.jdbc.driver.OracleStatement.execute(OracleStatement.java:2460)
	at oracle.jdbc.driver.OracleStatementWrapper.execute(OracleStatementWrapper.java:328)
	at org.jkiss.dbeaver.model.impl.jdbc.exec.JDBCStatementImpl.execute(JDBCStatementImpl.java:332)
	at org.jkiss.dbeaver.model.impl.jdbc.exec.JDBCStatementImpl.executeStatement(JDBCStatementImpl.java:131)
	at org.jkiss.dbeaver.ui.editors.sql.execute.SQLQueryJob.executeStatement(SQLQueryJob.java:631)
	at org.jkiss.dbeaver.ui.editors.sql.execute.SQLQueryJob.lambda$2(SQLQueryJob.java:522)
	at org.jkiss.dbeaver.ui.editors.sql.execute.SQLQueryJob.executeSingleQuery(SQLQueryJob.java:544)
	at org.jkiss.dbeaver.ui.editors.sql.execute.SQLQueryJob.extractData(SQLQueryJob.java:1001)
	at org.jkiss.dbeaver.ui.editors.sql.SQLEditor$QueryResultsContainer.readData(SQLEditor.java:4231)
	at org.jkiss.dbeaver.ui.controls.resultset.ResultSetJobDataRead.lambda$0(ResultSetJobDataRead.java:128)
	at org.jkiss.dbeaver.model.exec.DBExecUtils.tryExecuteRecover(DBExecUtils.java:192)
	at org.jkiss.dbeaver.ui.controls.resultset.ResultSetJobDataRead.run(ResultSetJobDataRead.java:126)
	at org.jkiss.dbeaver.ui.controls.resultset.ResultSetViewer$ResultSetDataPumpJob.run(ResultSetViewer.java:5160)
	at org.jkiss.dbeaver.model.runtime.AbstractJob.run(AbstractJob.java:117)
	at org.eclipse.core.internal.jobs.Worker.run(Worker.java:63)

!ENTRY org.jkiss.dbeaver.model 4 0 2024-09-11 12:40:26.933
!MESSAGE SQL Error [2292] [23000]: ORA-02292: 무결성 제약조건(SCOTT.EMPFK_DEPTNO_FK)이 위배되었습니다- 자식 레코드가 발견되었습니다


Error position: line: 1540
!SUBENTRY 1 org.jkiss.dbeaver.model 4 0 2024-09-11 12:40:26.933
!MESSAGE SQL Error [2292] [23000]: ORA-02292: 무결성 제약조건(SCOTT.EMPFK_DEPTNO_FK)이 위배되었습니다- 자식 레코드가 발견되었습니다

!SUBENTRY 2 org.jkiss.dbeaver.model 4 0 2024-09-11 12:40:26.933
!MESSAGE Error : 2292, Position : 0, Sql = DELETE FROM DEPT_FK WHERE DEPTNO = 50, OriginalSql = DELETE FROM DEPT_FK WHERE DEPTNO = 50, Error Msg = ORA-02292: 무결성 제약조건(SCOTT.EMPFK_DEPTNO_FK)이 위배되었습니다- 자식 레코드가 발견되었습니다

!STACK 0
Error : 2292, Position : 0, Sql = DELETE FROM DEPT_FK WHERE DEPTNO = 50, OriginalSql = DELETE FROM DEPT_FK WHERE DEPTNO = 50, Error Msg = ORA-02292: 무결성 제약조건(SCOTT.EMPFK_DEPTNO_FK)이 위배되었습니다- 자식 레코드가 발견되었습니다

	at oracle.jdbc.driver.T4CTTIoer11.processError(T4CTTIoer11.java:637)
	at oracle.jdbc.driver.T4CTTIoer11.processError(T4CTTIoer11.java:564)
	at oracle.jdbc.driver.T4C8Oall.processError(T4C8Oall.java:1231)
	at oracle.jdbc.driver.T4CTTIfun.receive(T4CTTIfun.java:772)
	at oracle.jdbc.driver.T4CTTIfun.doRPC(T4CTTIfun.java:299)
	at oracle.jdbc.driver.T4C8Oall.doOALL(T4C8Oall.java:512)
	at oracle.jdbc.driver.T4CStatement.doOall8(T4CStatement.java:123)
	at oracle.jdbc.driver.T4CStatement.executeForRows(T4CStatement.java:1200)
	at oracle.jdbc.driver.OracleStatement.executeSQLStatement(OracleStatement.java:1820)
	at oracle.jdbc.driver.OracleStatement.doExecuteWithTimeout(OracleStatement.java:1472)
	at oracle.jdbc.driver.OracleStatement.executeInternal(OracleStatement.java:2505)
	at oracle.jdbc.driver.OracleStatement.execute(OracleStatement.java:2460)
	at oracle.jdbc.driver.OracleStatementWrapper.execute(OracleStatementWrapper.java:328)
	at org.jkiss.dbeaver.model.impl.jdbc.exec.JDBCStatementImpl.execute(JDBCStatementImpl.java:332)
	at org.jkiss.dbeaver.model.impl.jdbc.exec.JDBCStatementImpl.executeStatement(JDBCStatementImpl.java:131)
	at org.jkiss.dbeaver.ui.editors.sql.execute.SQLQueryJob.executeStatement(SQLQueryJob.java:631)
	at org.jkiss.dbeaver.ui.editors.sql.execute.SQLQueryJob.lambda$2(SQLQueryJob.java:522)
	at org.jkiss.dbeaver.ui.editors.sql.execute.SQLQueryJob.executeSingleQuery(SQLQueryJob.java:544)
	at org.jkiss.dbeaver.ui.editors.sql.execute.SQLQueryJob.extractData(SQLQueryJob.java:1001)
	at org.jkiss.dbeaver.ui.editors.sql.SQLEditor$QueryResultsContainer.readData(SQLEditor.java:4231)
	at org.jkiss.dbeaver.ui.controls.resultset.ResultSetJobDataRead.lambda$0(ResultSetJobDataRead.java:128)
	at org.jkiss.dbeaver.model.exec.DBExecUtils.tryExecuteRecover(DBExecUtils.java:192)
	at org.jkiss.dbeaver.ui.controls.resultset.ResultSetJobDataRead.run(ResultSetJobDataRead.java:126)
	at org.jkiss.dbeaver.ui.controls.resultset.ResultSetViewer$ResultSetDataPumpJob.run(ResultSetViewer.java:5160)
	at org.jkiss.dbeaver.model.runtime.AbstractJob.run(AbstractJob.java:117)
	at org.eclipse.core.internal.jobs.Worker.run(Worker.java:63)

!ENTRY org.jkiss.dbeaver.model 4 0 2024-09-11 12:40:44.237
!MESSAGE SQL Error [933] [42000]: ORA-00933: SQL 명령어가 올바르게 종료되지 않았습니다

!SUBENTRY 1 org.jkiss.dbeaver.model 4 0 2024-09-11 12:40:44.237
!MESSAGE Error : 933, Position : 32, Sql = DELETE EMP_FK WHERE EMPNO = 9999;
DELETE FROM DEPT_FK WHERE DEPTNO = 50;

-- 외래키 제약조건이 걸린 테이블 규칙
-- 1) 삽입 시 부모부터 데이터 삽입
-- 2) 삭제 시 자식 데이터부터 삭제

CREATE TABLE EMP_FK2(
	EMPNO NUMBER(4,0) PRIMARY KEY,
	ENAME VARCHAR2(10),
	JOB	VARCHAR2(9),
	MRG NUMBER(4,0),
	HIREDATE DATE,
	SAL NUMBER(7,2),
	COMM NUMBER(7,2),
	DEPTNO NUMBER(2,0) CONSTRAINT EMPFK2_DEPTNO_FK REFERENCES DEPT_FK(DEPTNO) ON DELETE CASCADE 
);

INSERT INTO DEPT_FK VALUES(50, 'DATABASE', 'SEOUL');
INSERT INTO DEPT_FK VALUES(10, 'NETWORK', 'BUSAN');
INSERT INTO EMP_FK2 VALUES (9999, '테스트', 'CLERK', '7788', '2017-04-30', 1200, NULL, 50);

-- ON DELETE CASCADE : 부모 삭제 시 참조하는 자식 데이터도 같이 삭제
-- ON DELETE SET NULL : 부모 삭제 시 참조하는 자식 데이터의 값을 NULL로 변경
-- 테이블에서만 선언가능하며 변경 불가능

DELETE FROM DEPT_FK WHERE DEPTNO = 50;

CREATE TABLE EMP_FK3(
	EMPNO NUMBER(4,0) PRIMARY KEY,
	ENAME VARCHAR2(10),
	JOB	VARCHAR2(9),
	MRG NUMBER(4,0),
	HIREDATE DATE,
	SAL NUMBER(7,2),
	COMM NUMBER(7,2),
	DEPTNO NUMBER(2,0) CONSTRAINT EMPFK3_DEPTNO_FK REFERENCES DEPT_FK(DEPTNO) ON DELETE SET NULL 
);

INSERT INTO DEPT_FK VALUES(50, 'DATABASE', 'SEOUL');
INSERT INTO EMP_FK3 VALUES (9999, '테스트', 'CLERK', '7788', '2017-04-30', 1200, NULL, 50);

SELECT * FROM DEPT_FK df ;
SELECT * FROM EMP_FK3;

DELETE FROM DEPT_FK WHERE DEPTNO = 50, OriginalSql = DELETE EMP_FK WHERE EMPNO = 9999;
DELETE FROM DEPT_FK WHERE DEPTNO = 50;

-- 외래키 제약조건이 걸린 테이블 규칙
-- 1) 삽입 시 부모부터 데이터 삽입
-- 2) 삭제 시 자식 데이터부터 삭제

CREATE TABLE EMP_FK2(
	EMPNO NUMBER(4,0) PRIMARY KEY,
	ENAME VARCHAR2(10),
	JOB	VARCHAR2(9),
	MRG NUMBER(4,0),
	HIREDATE DATE,
	SAL NUMBER(7,2),
	COMM NUMBER(7,2),
	DEPTNO NUMBER(2,0) CONSTRAINT EMPFK2_DEPTNO_FK REFERENCES DEPT_FK(DEPTNO) ON DELETE CASCADE 
);

INSERT INTO DEPT_FK VALUES(50, 'DATABASE', 'SEOUL');
INSERT INTO DEPT_FK VALUES(10, 'NETWORK', 'BUSAN');
INSERT INTO EMP_FK2 VALUES (9999, '테스트', 'CLERK', '7788', '2017-04-30', 1200, NULL, 50);

-- ON DELETE CASCADE : 부모 삭제 시 참조하는 자식 데이터도 같이 삭제
-- ON DELETE SET NULL : 부모 삭제 시 참조하는 자식 데이터의 값을 NULL로 변경
-- 테이블에서만 선언가능하며 변경 불가능

DELETE FROM DEPT_FK WHERE DEPTNO = 50;

CREATE TABLE EMP_FK3(
	EMPNO NUMBER(4,0) PRIMARY KEY,
	ENAME VARCHAR2(10),
	JOB	VARCHAR2(9),
	MRG NUMBER(4,0),
	HIREDATE DATE,
	SAL NUMBER(7,2),
	COMM NUMBER(7,2),
	DEPTNO NUMBER(2,0) CONSTRAINT EMPFK3_DEPTNO_FK REFERENCES DEPT_FK(DEPTNO) ON DELETE SET NULL 
);

INSERT INTO DEPT_FK VALUES(50, 'DATABASE', 'SEOUL');
INSERT INTO EMP_FK3 VALUES (9999, '테스트', 'CLERK', '7788', '2017-04-30', 1200, NULL, 50);

SELECT * FROM DEPT_FK df ;
SELECT * FROM EMP_FK3;

DELETE FROM DEPT_FK WHERE DEPTNO = 50, Error Msg = ORA-00933: SQL 명령어가 올바르게 종료되지 않았습니다

!STACK 0
Error : 933, Position : 32, Sql = DELETE EMP_FK WHERE EMPNO = 9999;
DELETE FROM DEPT_FK WHERE DEPTNO = 50;

-- 외래키 제약조건이 걸린 테이블 규칙
-- 1) 삽입 시 부모부터 데이터 삽입
-- 2) 삭제 시 자식 데이터부터 삭제

CREATE TABLE EMP_FK2(
	EMPNO NUMBER(4,0) PRIMARY KEY,
	ENAME VARCHAR2(10),
	JOB	VARCHAR2(9),
	MRG NUMBER(4,0),
	HIREDATE DATE,
	SAL NUMBER(7,2),
	COMM NUMBER(7,2),
	DEPTNO NUMBER(2,0) CONSTRAINT EMPFK2_DEPTNO_FK REFERENCES DEPT_FK(DEPTNO) ON DELETE CASCADE 
);

INSERT INTO DEPT_FK VALUES(50, 'DATABASE', 'SEOUL');
INSERT INTO DEPT_FK VALUES(10, 'NETWORK', 'BUSAN');
INSERT INTO EMP_FK2 VALUES (9999, '테스트', 'CLERK', '7788', '2017-04-30', 1200, NULL, 50);

-- ON DELETE CASCADE : 부모 삭제 시 참조하는 자식 데이터도 같이 삭제
-- ON DELETE SET NULL : 부모 삭제 시 참조하는 자식 데이터의 값을 NULL로 변경
-- 테이블에서만 선언가능하며 변경 불가능

DELETE FROM DEPT_FK WHERE DEPTNO = 50;

CREATE TABLE EMP_FK3(
	EMPNO NUMBER(4,0) PRIMARY KEY,
	ENAME VARCHAR2(10),
	JOB	VARCHAR2(9),
	MRG NUMBER(4,0),
	HIREDATE DATE,
	SAL NUMBER(7,2),
	COMM NUMBER(7,2),
	DEPTNO NUMBER(2,0) CONSTRAINT EMPFK3_DEPTNO_FK REFERENCES DEPT_FK(DEPTNO) ON DELETE SET NULL 
);

INSERT INTO DEPT_FK VALUES(50, 'DATABASE', 'SEOUL');
INSERT INTO EMP_FK3 VALUES (9999, '테스트', 'CLERK', '7788', '2017-04-30', 1200, NULL, 50);

SELECT * FROM DEPT_FK df ;
SELECT * FROM EMP_FK3;

DELETE FROM DEPT_FK WHERE DEPTNO = 50, OriginalSql = DELETE EMP_FK WHERE EMPNO = 9999;
DELETE FROM DEPT_FK WHERE DEPTNO = 50;

-- 외래키 제약조건이 걸린 테이블 규칙
-- 1) 삽입 시 부모부터 데이터 삽입
-- 2) 삭제 시 자식 데이터부터 삭제

CREATE TABLE EMP_FK2(
	EMPNO NUMBER(4,0) PRIMARY KEY,
	ENAME VARCHAR2(10),
	JOB	VARCHAR2(9),
	MRG NUMBER(4,0),
	HIREDATE DATE,
	SAL NUMBER(7,2),
	COMM NUMBER(7,2),
	DEPTNO NUMBER(2,0) CONSTRAINT EMPFK2_DEPTNO_FK REFERENCES DEPT_FK(DEPTNO) ON DELETE CASCADE 
);

INSERT INTO DEPT_FK VALUES(50, 'DATABASE', 'SEOUL');
INSERT INTO DEPT_FK VALUES(10, 'NETWORK', 'BUSAN');
INSERT INTO EMP_FK2 VALUES (9999, '테스트', 'CLERK', '7788', '2017-04-30', 1200, NULL, 50);

-- ON DELETE CASCADE : 부모 삭제 시 참조하는 자식 데이터도 같이 삭제
-- ON DELETE SET NULL : 부모 삭제 시 참조하는 자식 데이터의 값을 NULL로 변경
-- 테이블에서만 선언가능하며 변경 불가능

DELETE FROM DEPT_FK WHERE DEPTNO = 50;

CREATE TABLE EMP_FK3(
	EMPNO NUMBER(4,0) PRIMARY KEY,
	ENAME VARCHAR2(10),
	JOB	VARCHAR2(9),
	MRG NUMBER(4,0),
	HIREDATE DATE,
	SAL NUMBER(7,2),
	COMM NUMBER(7,2),
	DEPTNO NUMBER(2,0) CONSTRAINT EMPFK3_DEPTNO_FK REFERENCES DEPT_FK(DEPTNO) ON DELETE SET NULL 
);

INSERT INTO DEPT_FK VALUES(50, 'DATABASE', 'SEOUL');
INSERT INTO EMP_FK3 VALUES (9999, '테스트', 'CLERK', '7788', '2017-04-30', 1200, NULL, 50);

SELECT * FROM DEPT_FK df ;
SELECT * FROM EMP_FK3;

DELETE FROM DEPT_FK WHERE DEPTNO = 50, Error Msg = ORA-00933: SQL 명령어가 올바르게 종료되지 않았습니다

	at oracle.jdbc.driver.T4CTTIoer11.processError(T4CTTIoer11.java:637)
	at oracle.jdbc.driver.T4CTTIoer11.processError(T4CTTIoer11.java:564)
	at oracle.jdbc.driver.T4C8Oall.processError(T4C8Oall.java:1231)
	at oracle.jdbc.driver.T4CTTIfun.receive(T4CTTIfun.java:772)
	at oracle.jdbc.driver.T4CTTIfun.doRPC(T4CTTIfun.java:299)
	at oracle.jdbc.driver.T4C8Oall.doOALL(T4C8Oall.java:512)
	at oracle.jdbc.driver.T4CStatement.doOall8(T4CStatement.java:123)
	at oracle.jdbc.driver.T4CStatement.executeForRows(T4CStatement.java:1200)
	at oracle.jdbc.driver.OracleStatement.executeSQLStatement(OracleStatement.java:1820)
	at oracle.jdbc.driver.OracleStatement.doExecuteWithTimeout(OracleStatement.java:1472)
	at oracle.jdbc.driver.OracleStatement.executeInternal(OracleStatement.java:2505)
	at oracle.jdbc.driver.OracleStatement.execute(OracleStatement.java:2460)
	at oracle.jdbc.driver.OracleStatementWrapper.execute(OracleStatementWrapper.java:328)
	at org.jkiss.dbeaver.model.impl.jdbc.exec.JDBCStatementImpl.execute(JDBCStatementImpl.java:332)
	at org.jkiss.dbeaver.model.impl.jdbc.exec.JDBCStatementImpl.executeStatement(JDBCStatementImpl.java:131)
	at org.jkiss.dbeaver.ui.editors.sql.execute.SQLQueryJob.executeStatement(SQLQueryJob.java:631)
	at org.jkiss.dbeaver.ui.editors.sql.execute.SQLQueryJob.lambda$2(SQLQueryJob.java:522)
	at org.jkiss.dbeaver.model.exec.DBExecUtils.tryExecuteRecover(DBExecUtils.java:192)
	at org.jkiss.dbeaver.ui.editors.sql.execute.SQLQueryJob.executeSingleQuery(SQLQueryJob.java:541)
	at org.jkiss.dbeaver.ui.editors.sql.execute.SQLQueryJob.extractData(SQLQueryJob.java:1001)
	at org.jkiss.dbeaver.ui.editors.sql.SQLEditor$QueryResultsContainer.readData(SQLEditor.java:4231)
	at org.jkiss.dbeaver.ui.controls.resultset.ResultSetJobDataRead.lambda$0(ResultSetJobDataRead.java:128)
	at org.jkiss.dbeaver.model.exec.DBExecUtils.tryExecuteRecover(DBExecUtils.java:192)
	at org.jkiss.dbeaver.ui.controls.resultset.ResultSetJobDataRead.run(ResultSetJobDataRead.java:126)
	at org.jkiss.dbeaver.ui.controls.resultset.ResultSetViewer$ResultSetDataPumpJob.run(ResultSetViewer.java:5160)
	at org.jkiss.dbeaver.model.runtime.AbstractJob.run(AbstractJob.java:117)
	at org.eclipse.core.internal.jobs.Worker.run(Worker.java:63)

!ENTRY org.jkiss.dbeaver.model 4 0 2024-09-11 12:44:38.999
!MESSAGE SQL Error [907] [42000]: ORA-00907: 누락된 우괄호

!SUBENTRY 1 org.jkiss.dbeaver.model 4 0 2024-09-11 12:44:38.999
!MESSAGE Error : 907, Position : 215, Sql = -- 5) CHECK : 값의 범위 또는 패턴을 정의할 때 사용
CREATE TABLE TABLE_CHECK(
	LOGIN_ID VARCHAR2(20)  PRIMARY KEY,
	LOGIN_PWD VARCHAR2(20)  NOT NULL CONSTRAINT TBLCK_LGNPW_CK CHECK (LENGTH(LOGIN_PWD>=3)), -- 길이가 3이상
	TEL VARCHAR2(20)
), OriginalSql = -- 5) CHECK : 값의 범위 또는 패턴을 정의할 때 사용
CREATE TABLE TABLE_CHECK(
	LOGIN_ID VARCHAR2(20)  PRIMARY KEY,
	LOGIN_PWD VARCHAR2(20)  NOT NULL CONSTRAINT TBLCK_LGNPW_CK CHECK (LENGTH(LOGIN_PWD>=3)), -- 길이가 3이상
	TEL VARCHAR2(20)
), Error Msg = ORA-00907: 누락된 우괄호

!STACK 0
Error : 907, Position : 215, Sql = -- 5) CHECK : 값의 범위 또는 패턴을 정의할 때 사용
CREATE TABLE TABLE_CHECK(
	LOGIN_ID VARCHAR2(20)  PRIMARY KEY,
	LOGIN_PWD VARCHAR2(20)  NOT NULL CONSTRAINT TBLCK_LGNPW_CK CHECK (LENGTH(LOGIN_PWD>=3)), -- 길이가 3이상
	TEL VARCHAR2(20)
), OriginalSql = -- 5) CHECK : 값의 범위 또는 패턴을 정의할 때 사용
CREATE TABLE TABLE_CHECK(
	LOGIN_ID VARCHAR2(20)  PRIMARY KEY,
	LOGIN_PWD VARCHAR2(20)  NOT NULL CONSTRAINT TBLCK_LGNPW_CK CHECK (LENGTH(LOGIN_PWD>=3)), -- 길이가 3이상
	TEL VARCHAR2(20)
), Error Msg = ORA-00907: 누락된 우괄호

	at oracle.jdbc.driver.T4CTTIoer11.processError(T4CTTIoer11.java:637)
	at oracle.jdbc.driver.T4CTTIoer11.processError(T4CTTIoer11.java:564)
	at oracle.jdbc.driver.T4C8Oall.processError(T4C8Oall.java:1231)
	at oracle.jdbc.driver.T4CTTIfun.receive(T4CTTIfun.java:772)
	at oracle.jdbc.driver.T4CTTIfun.doRPC(T4CTTIfun.java:299)
	at oracle.jdbc.driver.T4C8Oall.doOALL(T4C8Oall.java:512)
	at oracle.jdbc.driver.T4CStatement.doOall8(T4CStatement.java:123)
	at oracle.jdbc.driver.T4CStatement.executeForRows(T4CStatement.java:1200)
	at oracle.jdbc.driver.OracleStatement.executeSQLStatement(OracleStatement.java:1820)
	at oracle.jdbc.driver.OracleStatement.doExecuteWithTimeout(OracleStatement.java:1472)
	at oracle.jdbc.driver.OracleStatement.executeInternal(OracleStatement.java:2505)
	at oracle.jdbc.driver.OracleStatement.execute(OracleStatement.java:2460)
	at oracle.jdbc.driver.OracleStatementWrapper.execute(OracleStatementWrapper.java:328)
	at org.jkiss.dbeaver.model.impl.jdbc.exec.JDBCStatementImpl.execute(JDBCStatementImpl.java:332)
	at org.jkiss.dbeaver.model.impl.jdbc.exec.JDBCStatementImpl.executeStatement(JDBCStatementImpl.java:131)
	at org.jkiss.dbeaver.ui.editors.sql.execute.SQLQueryJob.executeStatement(SQLQueryJob.java:631)
	at org.jkiss.dbeaver.ui.editors.sql.execute.SQLQueryJob.lambda$2(SQLQueryJob.java:522)
	at org.jkiss.dbeaver.model.exec.DBExecUtils.tryExecuteRecover(DBExecUtils.java:192)
	at org.jkiss.dbeaver.ui.editors.sql.execute.SQLQueryJob.executeSingleQuery(SQLQueryJob.java:541)
	at org.jkiss.dbeaver.ui.editors.sql.execute.SQLQueryJob.extractData(SQLQueryJob.java:1001)
	at org.jkiss.dbeaver.ui.editors.sql.SQLEditor$QueryResultsContainer.readData(SQLEditor.java:4231)
	at org.jkiss.dbeaver.ui.controls.resultset.ResultSetJobDataRead.lambda$0(ResultSetJobDataRead.java:128)
	at org.jkiss.dbeaver.model.exec.DBExecUtils.tryExecuteRecover(DBExecUtils.java:192)
	at org.jkiss.dbeaver.ui.controls.resultset.ResultSetJobDataRead.run(ResultSetJobDataRead.java:126)
	at org.jkiss.dbeaver.ui.controls.resultset.ResultSetViewer$ResultSetDataPumpJob.run(ResultSetViewer.java:5160)
	at org.jkiss.dbeaver.model.runtime.AbstractJob.run(AbstractJob.java:117)
	at org.eclipse.core.internal.jobs.Worker.run(Worker.java:63)

!ENTRY org.jkiss.dbeaver.model 4 0 2024-09-11 12:44:56.357
!MESSAGE SQL Error [907] [42000]: ORA-00907: 누락된 우괄호

!SUBENTRY 1 org.jkiss.dbeaver.model 4 0 2024-09-11 12:44:56.357
!MESSAGE Error : 907, Position : 205, Sql = -- 5) CHECK : 값의 범위 또는 패턴을 정의할 때 사용
CREATE TABLE TABLE_CHECK(
	LOGIN_ID VARCHAR2(20)  PRIMARY KEY,
	LOGIN_PWD VARCHAR2(20) CONSTRAINT TBLCK_LGNPW_CK CHECK (LENGTH(LOGIN_PWD>=3)), -- 길이가 3이상
	TEL VARCHAR2(20)
), OriginalSql = -- 5) CHECK : 값의 범위 또는 패턴을 정의할 때 사용
CREATE TABLE TABLE_CHECK(
	LOGIN_ID VARCHAR2(20)  PRIMARY KEY,
	LOGIN_PWD VARCHAR2(20) CONSTRAINT TBLCK_LGNPW_CK CHECK (LENGTH(LOGIN_PWD>=3)), -- 길이가 3이상
	TEL VARCHAR2(20)
), Error Msg = ORA-00907: 누락된 우괄호

!STACK 0
Error : 907, Position : 205, Sql = -- 5) CHECK : 값의 범위 또는 패턴을 정의할 때 사용
CREATE TABLE TABLE_CHECK(
	LOGIN_ID VARCHAR2(20)  PRIMARY KEY,
	LOGIN_PWD VARCHAR2(20) CONSTRAINT TBLCK_LGNPW_CK CHECK (LENGTH(LOGIN_PWD>=3)), -- 길이가 3이상
	TEL VARCHAR2(20)
), OriginalSql = -- 5) CHECK : 값의 범위 또는 패턴을 정의할 때 사용
CREATE TABLE TABLE_CHECK(
	LOGIN_ID VARCHAR2(20)  PRIMARY KEY,
	LOGIN_PWD VARCHAR2(20) CONSTRAINT TBLCK_LGNPW_CK CHECK (LENGTH(LOGIN_PWD>=3)), -- 길이가 3이상
	TEL VARCHAR2(20)
), Error Msg = ORA-00907: 누락된 우괄호

	at oracle.jdbc.driver.T4CTTIoer11.processError(T4CTTIoer11.java:637)
	at oracle.jdbc.driver.T4CTTIoer11.processError(T4CTTIoer11.java:564)
	at oracle.jdbc.driver.T4C8Oall.processError(T4C8Oall.java:1231)
	at oracle.jdbc.driver.T4CTTIfun.receive(T4CTTIfun.java:772)
	at oracle.jdbc.driver.T4CTTIfun.doRPC(T4CTTIfun.java:299)
	at oracle.jdbc.driver.T4C8Oall.doOALL(T4C8Oall.java:512)
	at oracle.jdbc.driver.T4CStatement.doOall8(T4CStatement.java:123)
	at oracle.jdbc.driver.T4CStatement.executeForRows(T4CStatement.java:1200)
	at oracle.jdbc.driver.OracleStatement.executeSQLStatement(OracleStatement.java:1820)
	at oracle.jdbc.driver.OracleStatement.doExecuteWithTimeout(OracleStatement.java:1472)
	at oracle.jdbc.driver.OracleStatement.executeInternal(OracleStatement.java:2505)
	at oracle.jdbc.driver.OracleStatement.execute(OracleStatement.java:2460)
	at oracle.jdbc.driver.OracleStatementWrapper.execute(OracleStatementWrapper.java:328)
	at org.jkiss.dbeaver.model.impl.jdbc.exec.JDBCStatementImpl.execute(JDBCStatementImpl.java:332)
	at org.jkiss.dbeaver.model.impl.jdbc.exec.JDBCStatementImpl.executeStatement(JDBCStatementImpl.java:131)
	at org.jkiss.dbeaver.ui.editors.sql.execute.SQLQueryJob.executeStatement(SQLQueryJob.java:631)
	at org.jkiss.dbeaver.ui.editors.sql.execute.SQLQueryJob.lambda$2(SQLQueryJob.java:522)
	at org.jkiss.dbeaver.model.exec.DBExecUtils.tryExecuteRecover(DBExecUtils.java:192)
	at org.jkiss.dbeaver.ui.editors.sql.execute.SQLQueryJob.executeSingleQuery(SQLQueryJob.java:541)
	at org.jkiss.dbeaver.ui.editors.sql.execute.SQLQueryJob.extractData(SQLQueryJob.java:1001)
	at org.jkiss.dbeaver.ui.editors.sql.SQLEditor$QueryResultsContainer.readData(SQLEditor.java:4231)
	at org.jkiss.dbeaver.ui.controls.resultset.ResultSetJobDataRead.lambda$0(ResultSetJobDataRead.java:128)
	at org.jkiss.dbeaver.model.exec.DBExecUtils.tryExecuteRecover(DBExecUtils.java:192)
	at org.jkiss.dbeaver.ui.controls.resultset.ResultSetJobDataRead.run(ResultSetJobDataRead.java:126)
	at org.jkiss.dbeaver.ui.controls.resultset.ResultSetViewer$ResultSetDataPumpJob.run(ResultSetViewer.java:5160)
	at org.jkiss.dbeaver.model.runtime.AbstractJob.run(AbstractJob.java:117)
	at org.eclipse.core.internal.jobs.Worker.run(Worker.java:63)

!ENTRY org.jkiss.dbeaver.model 4 0 2024-09-11 12:45:50.334
!MESSAGE SQL Error [2290] [23000]: ORA-02290: 체크 제약조건(SCOTT.TBLCK_LGNPW_CK)이 위배되었습니다


Error position: line: 1551
!SUBENTRY 1 org.jkiss.dbeaver.model 4 0 2024-09-11 12:45:50.334
!MESSAGE SQL Error [2290] [23000]: ORA-02290: 체크 제약조건(SCOTT.TBLCK_LGNPW_CK)이 위배되었습니다

!SUBENTRY 2 org.jkiss.dbeaver.model 4 0 2024-09-11 12:45:50.334
!MESSAGE Error : 2290, Position : 0, Sql = INSERT INTO TABLE_CHECK VALUES ('TEST_ID_01', '12', NULL), OriginalSql = INSERT INTO TABLE_CHECK VALUES ('TEST_ID_01', '12', NULL), Error Msg = ORA-02290: 체크 제약조건(SCOTT.TBLCK_LGNPW_CK)이 위배되었습니다

!STACK 0
Error : 2290, Position : 0, Sql = INSERT INTO TABLE_CHECK VALUES ('TEST_ID_01', '12', NULL), OriginalSql = INSERT INTO TABLE_CHECK VALUES ('TEST_ID_01', '12', NULL), Error Msg = ORA-02290: 체크 제약조건(SCOTT.TBLCK_LGNPW_CK)이 위배되었습니다

	at oracle.jdbc.driver.T4CTTIoer11.processError(T4CTTIoer11.java:637)
	at oracle.jdbc.driver.T4CTTIoer11.processError(T4CTTIoer11.java:564)
	at oracle.jdbc.driver.T4C8Oall.processError(T4C8Oall.java:1231)
	at oracle.jdbc.driver.T4CTTIfun.receive(T4CTTIfun.java:772)
	at oracle.jdbc.driver.T4CTTIfun.doRPC(T4CTTIfun.java:299)
	at oracle.jdbc.driver.T4C8Oall.doOALL(T4C8Oall.java:512)
	at oracle.jdbc.driver.T4CStatement.doOall8(T4CStatement.java:123)
	at oracle.jdbc.driver.T4CStatement.executeForRows(T4CStatement.java:1200)
	at oracle.jdbc.driver.OracleStatement.executeSQLStatement(OracleStatement.java:1820)
	at oracle.jdbc.driver.OracleStatement.doExecuteWithTimeout(OracleStatement.java:1472)
	at oracle.jdbc.driver.OracleStatement.executeInternal(OracleStatement.java:2505)
	at oracle.jdbc.driver.OracleStatement.execute(OracleStatement.java:2460)
	at oracle.jdbc.driver.OracleStatementWrapper.execute(OracleStatementWrapper.java:328)
	at org.jkiss.dbeaver.model.impl.jdbc.exec.JDBCStatementImpl.execute(JDBCStatementImpl.java:332)
	at org.jkiss.dbeaver.model.impl.jdbc.exec.JDBCStatementImpl.executeStatement(JDBCStatementImpl.java:131)
	at org.jkiss.dbeaver.ui.editors.sql.execute.SQLQueryJob.executeStatement(SQLQueryJob.java:631)
	at org.jkiss.dbeaver.ui.editors.sql.execute.SQLQueryJob.lambda$2(SQLQueryJob.java:522)
	at org.jkiss.dbeaver.ui.editors.sql.execute.SQLQueryJob.executeSingleQuery(SQLQueryJob.java:544)
	at org.jkiss.dbeaver.ui.editors.sql.execute.SQLQueryJob.extractData(SQLQueryJob.java:1001)
	at org.jkiss.dbeaver.ui.editors.sql.SQLEditor$QueryResultsContainer.readData(SQLEditor.java:4231)
	at org.jkiss.dbeaver.ui.controls.resultset.ResultSetJobDataRead.lambda$0(ResultSetJobDataRead.java:128)
	at org.jkiss.dbeaver.model.exec.DBExecUtils.tryExecuteRecover(DBExecUtils.java:192)
	at org.jkiss.dbeaver.ui.controls.resultset.ResultSetJobDataRead.run(ResultSetJobDataRead.java:126)
	at org.jkiss.dbeaver.ui.controls.resultset.ResultSetViewer$ResultSetDataPumpJob.run(ResultSetViewer.java:5160)
	at org.jkiss.dbeaver.model.runtime.AbstractJob.run(AbstractJob.java:117)
	at org.eclipse.core.internal.jobs.Worker.run(Worker.java:63)

!ENTRY org.jkiss.dbeaver.model 4 0 2024-09-11 12:50:20.820
!MESSAGE SQL Error [955] [42000]: ORA-00955: 기존의 객체가 이름을 사용하고 있습니다.

!SUBENTRY 1 org.jkiss.dbeaver.model 4 0 2024-09-11 12:50:20.820
!MESSAGE Error : 955, Position : 47, Sql = -- 6) DEFAULT : 기본값 정의
CREATE TABLE TABLE_DEFAULT(
	LOGIN_ID VARCHAR2(20)  PRIMARY KEY,
	LOGIN_PWD VARCHAR2(20) DEFAULT '1234',
	TEL VARCHAR2(20)
), OriginalSql = -- 6) DEFAULT : 기본값 정의
CREATE TABLE TABLE_DEFAULT(
	LOGIN_ID VARCHAR2(20)  PRIMARY KEY,
	LOGIN_PWD VARCHAR2(20) DEFAULT '1234',
	TEL VARCHAR2(20)
), Error Msg = ORA-00955: 기존의 객체가 이름을 사용하고 있습니다.

!STACK 0
Error : 955, Position : 47, Sql = -- 6) DEFAULT : 기본값 정의
CREATE TABLE TABLE_DEFAULT(
	LOGIN_ID VARCHAR2(20)  PRIMARY KEY,
	LOGIN_PWD VARCHAR2(20) DEFAULT '1234',
	TEL VARCHAR2(20)
), OriginalSql = -- 6) DEFAULT : 기본값 정의
CREATE TABLE TABLE_DEFAULT(
	LOGIN_ID VARCHAR2(20)  PRIMARY KEY,
	LOGIN_PWD VARCHAR2(20) DEFAULT '1234',
	TEL VARCHAR2(20)
), Error Msg = ORA-00955: 기존의 객체가 이름을 사용하고 있습니다.

	at oracle.jdbc.driver.T4CTTIoer11.processError(T4CTTIoer11.java:637)
	at oracle.jdbc.driver.T4CTTIoer11.processError(T4CTTIoer11.java:564)
	at oracle.jdbc.driver.T4C8Oall.processError(T4C8Oall.java:1231)
	at oracle.jdbc.driver.T4CTTIfun.receive(T4CTTIfun.java:772)
	at oracle.jdbc.driver.T4CTTIfun.doRPC(T4CTTIfun.java:299)
	at oracle.jdbc.driver.T4C8Oall.doOALL(T4C8Oall.java:512)
	at oracle.jdbc.driver.T4CStatement.doOall8(T4CStatement.java:123)
	at oracle.jdbc.driver.T4CStatement.executeForRows(T4CStatement.java:1200)
	at oracle.jdbc.driver.OracleStatement.executeSQLStatement(OracleStatement.java:1820)
	at oracle.jdbc.driver.OracleStatement.doExecuteWithTimeout(OracleStatement.java:1472)
	at oracle.jdbc.driver.OracleStatement.executeInternal(OracleStatement.java:2505)
	at oracle.jdbc.driver.OracleStatement.execute(OracleStatement.java:2460)
	at oracle.jdbc.driver.OracleStatementWrapper.execute(OracleStatementWrapper.java:328)
	at org.jkiss.dbeaver.model.impl.jdbc.exec.JDBCStatementImpl.execute(JDBCStatementImpl.java:332)
	at org.jkiss.dbeaver.model.impl.jdbc.exec.JDBCStatementImpl.executeStatement(JDBCStatementImpl.java:131)
	at org.jkiss.dbeaver.ui.editors.sql.execute.SQLQueryJob.executeStatement(SQLQueryJob.java:631)
	at org.jkiss.dbeaver.ui.editors.sql.execute.SQLQueryJob.lambda$2(SQLQueryJob.java:522)
	at org.jkiss.dbeaver.model.exec.DBExecUtils.tryExecuteRecover(DBExecUtils.java:192)
	at org.jkiss.dbeaver.ui.editors.sql.execute.SQLQueryJob.executeSingleQuery(SQLQueryJob.java:541)
	at org.jkiss.dbeaver.ui.editors.sql.execute.SQLQueryJob.extractData(SQLQueryJob.java:1001)
	at org.jkiss.dbeaver.ui.editors.sql.SQLEditor$QueryResultsContainer.readData(SQLEditor.java:4231)
	at org.jkiss.dbeaver.ui.controls.resultset.ResultSetJobDataRead.lambda$0(ResultSetJobDataRead.java:128)
	at org.jkiss.dbeaver.model.exec.DBExecUtils.tryExecuteRecover(DBExecUtils.java:192)
	at org.jkiss.dbeaver.ui.controls.resultset.ResultSetJobDataRead.run(ResultSetJobDataRead.java:126)
	at org.jkiss.dbeaver.ui.controls.resultset.ResultSetViewer$ResultSetDataPumpJob.run(ResultSetViewer.java:5160)
	at org.jkiss.dbeaver.model.runtime.AbstractJob.run(AbstractJob.java:117)
	at org.eclipse.core.internal.jobs.Worker.run(Worker.java:63)

!ENTRY org.jkiss.dbeaver.model 4 0 2024-09-11 12:50:23.160
!MESSAGE SQL Error [1] [23000]: ORA-00001: 무결성 제약 조건(SCOTT.SYS_C008383)에 위배됩니다

!SUBENTRY 1 org.jkiss.dbeaver.model 4 0 2024-09-11 12:50:23.160
!MESSAGE Error : 1, Position : 0, Sql = INSERT INTO TABLE_DEFAULT VALUES ('TEST_ID_01', NULL, NULL), OriginalSql = INSERT INTO TABLE_DEFAULT VALUES ('TEST_ID_01', NULL, NULL), Error Msg = ORA-00001: 무결성 제약 조건(SCOTT.SYS_C008383)에 위배됩니다

!STACK 0
Error : 1, Position : 0, Sql = INSERT INTO TABLE_DEFAULT VALUES ('TEST_ID_01', NULL, NULL), OriginalSql = INSERT INTO TABLE_DEFAULT VALUES ('TEST_ID_01', NULL, NULL), Error Msg = ORA-00001: 무결성 제약 조건(SCOTT.SYS_C008383)에 위배됩니다

	at oracle.jdbc.driver.T4CTTIoer11.processError(T4CTTIoer11.java:637)
	at oracle.jdbc.driver.T4CTTIoer11.processError(T4CTTIoer11.java:564)
	at oracle.jdbc.driver.T4C8Oall.processError(T4C8Oall.java:1231)
	at oracle.jdbc.driver.T4CTTIfun.receive(T4CTTIfun.java:772)
	at oracle.jdbc.driver.T4CTTIfun.doRPC(T4CTTIfun.java:299)
	at oracle.jdbc.driver.T4C8Oall.doOALL(T4C8Oall.java:512)
	at oracle.jdbc.driver.T4CStatement.doOall8(T4CStatement.java:123)
	at oracle.jdbc.driver.T4CStatement.executeForRows(T4CStatement.java:1200)
	at oracle.jdbc.driver.OracleStatement.executeSQLStatement(OracleStatement.java:1820)
	at oracle.jdbc.driver.OracleStatement.doExecuteWithTimeout(OracleStatement.java:1472)
	at oracle.jdbc.driver.OracleStatement.executeInternal(OracleStatement.java:2505)
	at oracle.jdbc.driver.OracleStatement.execute(OracleStatement.java:2460)
	at oracle.jdbc.driver.OracleStatementWrapper.execute(OracleStatementWrapper.java:328)
	at org.jkiss.dbeaver.model.impl.jdbc.exec.JDBCStatementImpl.execute(JDBCStatementImpl.java:332)
	at org.jkiss.dbeaver.model.impl.jdbc.exec.JDBCStatementImpl.executeStatement(JDBCStatementImpl.java:131)
	at org.jkiss.dbeaver.ui.editors.sql.execute.SQLQueryJob.executeStatement(SQLQueryJob.java:631)
	at org.jkiss.dbeaver.ui.editors.sql.execute.SQLQueryJob.lambda$2(SQLQueryJob.java:522)
	at org.jkiss.dbeaver.ui.editors.sql.execute.SQLQueryJob.executeSingleQuery(SQLQueryJob.java:544)
	at org.jkiss.dbeaver.ui.editors.sql.execute.SQLQueryJob.extractData(SQLQueryJob.java:1001)
	at org.jkiss.dbeaver.ui.editors.sql.SQLEditor$QueryResultsContainer.readData(SQLEditor.java:4231)
	at org.jkiss.dbeaver.ui.controls.resultset.ResultSetJobDataRead.lambda$0(ResultSetJobDataRead.java:128)
	at org.jkiss.dbeaver.model.exec.DBExecUtils.tryExecuteRecover(DBExecUtils.java:192)
	at org.jkiss.dbeaver.ui.controls.resultset.ResultSetJobDataRead.run(ResultSetJobDataRead.java:126)
	at org.jkiss.dbeaver.ui.controls.resultset.ResultSetViewer$ResultSetDataPumpJob.run(ResultSetViewer.java:5160)
	at org.jkiss.dbeaver.model.runtime.AbstractJob.run(AbstractJob.java:117)
	at org.eclipse.core.internal.jobs.Worker.run(Worker.java:63)

!ENTRY org.jkiss.dbeaver.model 4 0 2024-09-11 12:51:59.248
!MESSAGE SQL Error [936] [42000]: ORA-00936: 누락된 표현식

!SUBENTRY 1 org.jkiss.dbeaver.model 4 0 2024-09-11 12:51:59.248
!MESSAGE Error : 936, Position : 48, Sql = INSERT INTO TABLE_DEFAULT VALUES ('TEST_ID_04', , NULL), OriginalSql = INSERT INTO TABLE_DEFAULT VALUES ('TEST_ID_04', , NULL), Error Msg = ORA-00936: 누락된 표현식

!STACK 0
Error : 936, Position : 48, Sql = INSERT INTO TABLE_DEFAULT VALUES ('TEST_ID_04', , NULL), OriginalSql = INSERT INTO TABLE_DEFAULT VALUES ('TEST_ID_04', , NULL), Error Msg = ORA-00936: 누락된 표현식

	at oracle.jdbc.driver.T4CTTIoer11.processError(T4CTTIoer11.java:637)
	at oracle.jdbc.driver.T4CTTIoer11.processError(T4CTTIoer11.java:564)
	at oracle.jdbc.driver.T4C8Oall.processError(T4C8Oall.java:1231)
	at oracle.jdbc.driver.T4CTTIfun.receive(T4CTTIfun.java:772)
	at oracle.jdbc.driver.T4CTTIfun.doRPC(T4CTTIfun.java:299)
	at oracle.jdbc.driver.T4C8Oall.doOALL(T4C8Oall.java:512)
	at oracle.jdbc.driver.T4CStatement.doOall8(T4CStatement.java:123)
	at oracle.jdbc.driver.T4CStatement.executeForRows(T4CStatement.java:1200)
	at oracle.jdbc.driver.OracleStatement.executeSQLStatement(OracleStatement.java:1820)
	at oracle.jdbc.driver.OracleStatement.doExecuteWithTimeout(OracleStatement.java:1472)
	at oracle.jdbc.driver.OracleStatement.executeInternal(OracleStatement.java:2505)
	at oracle.jdbc.driver.OracleStatement.execute(OracleStatement.java:2460)
	at oracle.jdbc.driver.OracleStatementWrapper.execute(OracleStatementWrapper.java:328)
	at org.jkiss.dbeaver.model.impl.jdbc.exec.JDBCStatementImpl.execute(JDBCStatementImpl.java:332)
	at org.jkiss.dbeaver.model.impl.jdbc.exec.JDBCStatementImpl.executeStatement(JDBCStatementImpl.java:131)
	at org.jkiss.dbeaver.ui.editors.sql.execute.SQLQueryJob.executeStatement(SQLQueryJob.java:631)
	at org.jkiss.dbeaver.ui.editors.sql.execute.SQLQueryJob.lambda$2(SQLQueryJob.java:522)
	at org.jkiss.dbeaver.model.exec.DBExecUtils.tryExecuteRecover(DBExecUtils.java:192)
	at org.jkiss.dbeaver.ui.editors.sql.execute.SQLQueryJob.executeSingleQuery(SQLQueryJob.java:541)
	at org.jkiss.dbeaver.ui.editors.sql.execute.SQLQueryJob.extractData(SQLQueryJob.java:1001)
	at org.jkiss.dbeaver.ui.editors.sql.SQLEditor$QueryResultsContainer.readData(SQLEditor.java:4231)
	at org.jkiss.dbeaver.ui.controls.resultset.ResultSetJobDataRead.lambda$0(ResultSetJobDataRead.java:128)
	at org.jkiss.dbeaver.model.exec.DBExecUtils.tryExecuteRecover(DBExecUtils.java:192)
	at org.jkiss.dbeaver.ui.controls.resultset.ResultSetJobDataRead.run(ResultSetJobDataRead.java:126)
	at org.jkiss.dbeaver.ui.controls.resultset.ResultSetViewer$ResultSetDataPumpJob.run(ResultSetViewer.java:5160)
	at org.jkiss.dbeaver.model.runtime.AbstractJob.run(AbstractJob.java:117)
	at org.eclipse.core.internal.jobs.Worker.run(Worker.java:63)
!SESSION 2024-09-11 13:02:17.139 -----------------------------------------------
eclipse.buildId=unknown
java.version=17.0.6
java.vendor=Eclipse Adoptium
BootLoader constants: OS=win32, ARCH=x86_64, WS=win32, NL=ko
Framework arguments:  -eclipse.keyring C:\Users\soldesk\AppData\Roaming\DBeaverData\secure\secure_storage
Command-line arguments:  -os win32 -ws win32 -arch x86_64

!ENTRY org.eclipse.ui 2 2 2024-09-11 13:02:36.318
!MESSAGE Invalid preference category path: org.eclipse.debug.ui.ConsolePreferencePage (bundle: org.eclipse.ui.console, page: org.eclipse.ui.internal.console.ansi.preferences.AnsiConsolePreferencePage)

!ENTRY org.jkiss.dbeaver.model 4 0 2024-09-11 13:07:20.607
!MESSAGE SQL Error [12899] [72000]: ORA-12899: "SCOTT"."BOARD"."CONTENT" 열에 대한 값이 너무 큼(실제: 16, 최대값: 10)

!SUBENTRY 1 org.jkiss.dbeaver.model 4 0 2024-09-11 13:07:20.607
!MESSAGE Error : 12899, Position : 108, Sql = INSERT INTO BOARD (BON,NAME,PASSWORD,TITLE,CONTENT)
VALUES (BOARD_SEQ.NEXTVAL, 'HONH', '1111','게시판', '게시글 작성'), OriginalSql = INSERT INTO BOARD (BON,NAME,PASSWORD,TITLE,CONTENT)
VALUES (BOARD_SEQ.NEXTVAL, 'HONH', '1111','게시판', '게시글 작성'), Error Msg = ORA-12899: "SCOTT"."BOARD"."CONTENT" 열에 대한 값이 너무 큼(실제: 16, 최대값: 10)

!STACK 0
Error : 12899, Position : 108, Sql = INSERT INTO BOARD (BON,NAME,PASSWORD,TITLE,CONTENT)
VALUES (BOARD_SEQ.NEXTVAL, 'HONH', '1111','게시판', '게시글 작성'), OriginalSql = INSERT INTO BOARD (BON,NAME,PASSWORD,TITLE,CONTENT)
VALUES (BOARD_SEQ.NEXTVAL, 'HONH', '1111','게시판', '게시글 작성'), Error Msg = ORA-12899: "SCOTT"."BOARD"."CONTENT" 열에 대한 값이 너무 큼(실제: 16, 최대값: 10)

	at oracle.jdbc.driver.T4CTTIoer11.processError(T4CTTIoer11.java:637)
	at oracle.jdbc.driver.T4CTTIoer11.processError(T4CTTIoer11.java:564)
	at oracle.jdbc.driver.T4C8Oall.processError(T4C8Oall.java:1231)
	at oracle.jdbc.driver.T4CTTIfun.receive(T4CTTIfun.java:772)
	at oracle.jdbc.driver.T4CTTIfun.doRPC(T4CTTIfun.java:299)
	at oracle.jdbc.driver.T4C8Oall.doOALL(T4C8Oall.java:512)
	at oracle.jdbc.driver.T4CStatement.doOall8(T4CStatement.java:123)
	at oracle.jdbc.driver.T4CStatement.executeForRows(T4CStatement.java:1200)
	at oracle.jdbc.driver.OracleStatement.executeSQLStatement(OracleStatement.java:1820)
	at oracle.jdbc.driver.OracleStatement.doExecuteWithTimeout(OracleStatement.java:1472)
	at oracle.jdbc.driver.OracleStatement.executeInternal(OracleStatement.java:2505)
	at oracle.jdbc.driver.OracleStatement.execute(OracleStatement.java:2460)
	at oracle.jdbc.driver.OracleStatementWrapper.execute(OracleStatementWrapper.java:328)
	at org.jkiss.dbeaver.model.impl.jdbc.exec.JDBCStatementImpl.execute(JDBCStatementImpl.java:332)
	at org.jkiss.dbeaver.model.impl.jdbc.exec.JDBCStatementImpl.executeStatement(JDBCStatementImpl.java:131)
	at org.jkiss.dbeaver.ui.editors.sql.execute.SQLQueryJob.executeStatement(SQLQueryJob.java:631)
	at org.jkiss.dbeaver.ui.editors.sql.execute.SQLQueryJob.lambda$2(SQLQueryJob.java:522)
	at org.jkiss.dbeaver.ui.editors.sql.execute.SQLQueryJob.executeSingleQuery(SQLQueryJob.java:544)
	at org.jkiss.dbeaver.ui.editors.sql.execute.SQLQueryJob.extractData(SQLQueryJob.java:1001)
	at org.jkiss.dbeaver.ui.editors.sql.SQLEditor$QueryResultsContainer.readData(SQLEditor.java:4231)
	at org.jkiss.dbeaver.ui.controls.resultset.ResultSetJobDataRead.lambda$0(ResultSetJobDataRead.java:128)
	at org.jkiss.dbeaver.model.exec.DBExecUtils.tryExecuteRecover(DBExecUtils.java:192)
	at org.jkiss.dbeaver.ui.controls.resultset.ResultSetJobDataRead.run(ResultSetJobDataRead.java:126)
	at org.jkiss.dbeaver.ui.controls.resultset.ResultSetViewer$ResultSetDataPumpJob.run(ResultSetViewer.java:5160)
	at org.jkiss.dbeaver.model.runtime.AbstractJob.run(AbstractJob.java:117)
	at org.eclipse.core.internal.jobs.Worker.run(Worker.java:63)

!ENTRY org.jkiss.dbeaver.model 4 0 2024-09-11 13:07:43.601
!MESSAGE SQL Error [12899] [72000]: ORA-12899: "SCOTT"."BOARD"."CONTENT" 열에 대한 값이 너무 큼(실제: 16, 최대값: 10)


Error position: line: 1585 pos: 108
!SUBENTRY 1 org.jkiss.dbeaver.model 4 0 2024-09-11 13:07:43.601
!MESSAGE SQL Error [12899] [72000]: ORA-12899: "SCOTT"."BOARD"."CONTENT" 열에 대한 값이 너무 큼(실제: 16, 최대값: 10)

!SUBENTRY 2 org.jkiss.dbeaver.model 4 0 2024-09-11 13:07:43.601
!MESSAGE Error : 12899, Position : 108, Sql = INSERT INTO BOARD (BON,NAME,PASSWORD,TITLE,CONTENT)
VALUES (BOARD_SEQ.NEXTVAL, 'HONH', '1111','게시판', '게시글 작성'), OriginalSql = INSERT INTO BOARD (BON,NAME,PASSWORD,TITLE,CONTENT)
VALUES (BOARD_SEQ.NEXTVAL, 'HONH', '1111','게시판', '게시글 작성'), Error Msg = ORA-12899: "SCOTT"."BOARD"."CONTENT" 열에 대한 값이 너무 큼(실제: 16, 최대값: 10)

!STACK 0
Error : 12899, Position : 108, Sql = INSERT INTO BOARD (BON,NAME,PASSWORD,TITLE,CONTENT)
VALUES (BOARD_SEQ.NEXTVAL, 'HONH', '1111','게시판', '게시글 작성'), OriginalSql = INSERT INTO BOARD (BON,NAME,PASSWORD,TITLE,CONTENT)
VALUES (BOARD_SEQ.NEXTVAL, 'HONH', '1111','게시판', '게시글 작성'), Error Msg = ORA-12899: "SCOTT"."BOARD"."CONTENT" 열에 대한 값이 너무 큼(실제: 16, 최대값: 10)

	at oracle.jdbc.driver.T4CTTIoer11.processError(T4CTTIoer11.java:637)
	at oracle.jdbc.driver.T4CTTIoer11.processError(T4CTTIoer11.java:564)
	at oracle.jdbc.driver.T4C8Oall.processError(T4C8Oall.java:1231)
	at oracle.jdbc.driver.T4CTTIfun.receive(T4CTTIfun.java:772)
	at oracle.jdbc.driver.T4CTTIfun.doRPC(T4CTTIfun.java:299)
	at oracle.jdbc.driver.T4C8Oall.doOALL(T4C8Oall.java:512)
	at oracle.jdbc.driver.T4CStatement.doOall8(T4CStatement.java:123)
	at oracle.jdbc.driver.T4CStatement.executeForRows(T4CStatement.java:1200)
	at oracle.jdbc.driver.OracleStatement.executeSQLStatement(OracleStatement.java:1820)
	at oracle.jdbc.driver.OracleStatement.doExecuteWithTimeout(OracleStatement.java:1472)
	at oracle.jdbc.driver.OracleStatement.executeInternal(OracleStatement.java:2505)
	at oracle.jdbc.driver.OracleStatement.execute(OracleStatement.java:2460)
	at oracle.jdbc.driver.OracleStatementWrapper.execute(OracleStatementWrapper.java:328)
	at org.jkiss.dbeaver.model.impl.jdbc.exec.JDBCStatementImpl.execute(JDBCStatementImpl.java:332)
	at org.jkiss.dbeaver.model.impl.jdbc.exec.JDBCStatementImpl.executeStatement(JDBCStatementImpl.java:131)
	at org.jkiss.dbeaver.ui.editors.sql.execute.SQLQueryJob.executeStatement(SQLQueryJob.java:631)
	at org.jkiss.dbeaver.ui.editors.sql.execute.SQLQueryJob.lambda$2(SQLQueryJob.java:522)
	at org.jkiss.dbeaver.ui.editors.sql.execute.SQLQueryJob.executeSingleQuery(SQLQueryJob.java:544)
	at org.jkiss.dbeaver.ui.editors.sql.execute.SQLQueryJob.extractData(SQLQueryJob.java:1001)
	at org.jkiss.dbeaver.ui.editors.sql.SQLEditor$QueryResultsContainer.readData(SQLEditor.java:4231)
	at org.jkiss.dbeaver.ui.controls.resultset.ResultSetJobDataRead.lambda$0(ResultSetJobDataRead.java:128)
	at org.jkiss.dbeaver.model.exec.DBExecUtils.tryExecuteRecover(DBExecUtils.java:192)
	at org.jkiss.dbeaver.ui.controls.resultset.ResultSetJobDataRead.run(ResultSetJobDataRead.java:126)
	at org.jkiss.dbeaver.ui.controls.resultset.ResultSetViewer$ResultSetDataPumpJob.run(ResultSetViewer.java:5160)
	at org.jkiss.dbeaver.model.runtime.AbstractJob.run(AbstractJob.java:117)
	at org.eclipse.core.internal.jobs.Worker.run(Worker.java:63)

!ENTRY org.jkiss.dbeaver.model 4 0 2024-09-11 13:07:59.662
!MESSAGE SQL Error [955] [42000]: ORA-00955: 기존의 객체가 이름을 사용하고 있습니다.


Error position: line: 1572 pos: 13
!SUBENTRY 1 org.jkiss.dbeaver.model 4 0 2024-09-11 13:07:59.662
!MESSAGE SQL Error [955] [42000]: ORA-00955: 기존의 객체가 이름을 사용하고 있습니다.

!SUBENTRY 2 org.jkiss.dbeaver.model 4 0 2024-09-11 13:07:59.662
!MESSAGE Error : 955, Position : 13, Sql = CREATE TABLE BOARD(
	BON NUMBER(8) PRIMARY KEY,
	NAME VARCHAR2(20) NOT NULL,
	PASSWORD VARCHAR2(20) NOT NULL,
	TITLE VARCHAR2(20) NOT NULL,
	CONTENT VARCHAR2(50) NOT NULL,
	READCNT NUMBER(8) DEFAULT 0,
	REGDATE DATE DEFAULT SYSDATE
), OriginalSql = CREATE TABLE BOARD(
	BON NUMBER(8) PRIMARY KEY,
	NAME VARCHAR2(20) NOT NULL,
	PASSWORD VARCHAR2(20) NOT NULL,
	TITLE VARCHAR2(20) NOT NULL,
	CONTENT VARCHAR2(50) NOT NULL,
	READCNT NUMBER(8) DEFAULT 0,
	REGDATE DATE DEFAULT SYSDATE
), Error Msg = ORA-00955: 기존의 객체가 이름을 사용하고 있습니다.

!STACK 0
Error : 955, Position : 13, Sql = CREATE TABLE BOARD(
	BON NUMBER(8) PRIMARY KEY,
	NAME VARCHAR2(20) NOT NULL,
	PASSWORD VARCHAR2(20) NOT NULL,
	TITLE VARCHAR2(20) NOT NULL,
	CONTENT VARCHAR2(50) NOT NULL,
	READCNT NUMBER(8) DEFAULT 0,
	REGDATE DATE DEFAULT SYSDATE
), OriginalSql = CREATE TABLE BOARD(
	BON NUMBER(8) PRIMARY KEY,
	NAME VARCHAR2(20) NOT NULL,
	PASSWORD VARCHAR2(20) NOT NULL,
	TITLE VARCHAR2(20) NOT NULL,
	CONTENT VARCHAR2(50) NOT NULL,
	READCNT NUMBER(8) DEFAULT 0,
	REGDATE DATE DEFAULT SYSDATE
), Error Msg = ORA-00955: 기존의 객체가 이름을 사용하고 있습니다.

	at oracle.jdbc.driver.T4CTTIoer11.processError(T4CTTIoer11.java:637)
	at oracle.jdbc.driver.T4CTTIoer11.processError(T4CTTIoer11.java:564)
	at oracle.jdbc.driver.T4C8Oall.processError(T4C8Oall.java:1231)
	at oracle.jdbc.driver.T4CTTIfun.receive(T4CTTIfun.java:772)
	at oracle.jdbc.driver.T4CTTIfun.doRPC(T4CTTIfun.java:299)
	at oracle.jdbc.driver.T4C8Oall.doOALL(T4C8Oall.java:512)
	at oracle.jdbc.driver.T4CStatement.doOall8(T4CStatement.java:123)
	at oracle.jdbc.driver.T4CStatement.executeForRows(T4CStatement.java:1200)
	at oracle.jdbc.driver.OracleStatement.executeSQLStatement(OracleStatement.java:1820)
	at oracle.jdbc.driver.OracleStatement.doExecuteWithTimeout(OracleStatement.java:1472)
	at oracle.jdbc.driver.OracleStatement.executeInternal(OracleStatement.java:2505)
	at oracle.jdbc.driver.OracleStatement.execute(OracleStatement.java:2460)
	at oracle.jdbc.driver.OracleStatementWrapper.execute(OracleStatementWrapper.java:328)
	at org.jkiss.dbeaver.model.impl.jdbc.exec.JDBCStatementImpl.execute(JDBCStatementImpl.java:332)
	at org.jkiss.dbeaver.model.impl.jdbc.exec.JDBCStatementImpl.executeStatement(JDBCStatementImpl.java:131)
	at org.jkiss.dbeaver.ui.editors.sql.execute.SQLQueryJob.executeStatement(SQLQueryJob.java:631)
	at org.jkiss.dbeaver.ui.editors.sql.execute.SQLQueryJob.lambda$2(SQLQueryJob.java:522)
	at org.jkiss.dbeaver.model.exec.DBExecUtils.tryExecuteRecover(DBExecUtils.java:192)
	at org.jkiss.dbeaver.ui.editors.sql.execute.SQLQueryJob.executeSingleQuery(SQLQueryJob.java:541)
	at org.jkiss.dbeaver.ui.editors.sql.execute.SQLQueryJob.extractData(SQLQueryJob.java:1001)
	at org.jkiss.dbeaver.ui.editors.sql.SQLEditor$QueryResultsContainer.readData(SQLEditor.java:4231)
	at org.jkiss.dbeaver.ui.controls.resultset.ResultSetJobDataRead.lambda$0(ResultSetJobDataRead.java:128)
	at org.jkiss.dbeaver.model.exec.DBExecUtils.tryExecuteRecover(DBExecUtils.java:192)
	at org.jkiss.dbeaver.ui.controls.resultset.ResultSetJobDataRead.run(ResultSetJobDataRead.java:126)
	at org.jkiss.dbeaver.ui.controls.resultset.ResultSetViewer$ResultSetDataPumpJob.run(ResultSetViewer.java:5160)
	at org.jkiss.dbeaver.model.runtime.AbstractJob.run(AbstractJob.java:117)
	at org.eclipse.core.internal.jobs.Worker.run(Worker.java:63)

!ENTRY org.jkiss.dbeaver.model 4 0 2024-09-11 13:08:01.635
!MESSAGE SQL Error [12899] [72000]: ORA-12899: "SCOTT"."BOARD"."CONTENT" 열에 대한 값이 너무 큼(실제: 16, 최대값: 10)


Error position: line: 1585 pos: 108
!SUBENTRY 1 org.jkiss.dbeaver.model 4 0 2024-09-11 13:08:01.635
!MESSAGE SQL Error [12899] [72000]: ORA-12899: "SCOTT"."BOARD"."CONTENT" 열에 대한 값이 너무 큼(실제: 16, 최대값: 10)

!SUBENTRY 2 org.jkiss.dbeaver.model 4 0 2024-09-11 13:08:01.635
!MESSAGE Error : 12899, Position : 108, Sql = INSERT INTO BOARD (BON,NAME,PASSWORD,TITLE,CONTENT)
VALUES (BOARD_SEQ.NEXTVAL, 'HONH', '1111','게시판', '게시글 작성'), OriginalSql = INSERT INTO BOARD (BON,NAME,PASSWORD,TITLE,CONTENT)
VALUES (BOARD_SEQ.NEXTVAL, 'HONH', '1111','게시판', '게시글 작성'), Error Msg = ORA-12899: "SCOTT"."BOARD"."CONTENT" 열에 대한 값이 너무 큼(실제: 16, 최대값: 10)

!STACK 0
Error : 12899, Position : 108, Sql = INSERT INTO BOARD (BON,NAME,PASSWORD,TITLE,CONTENT)
VALUES (BOARD_SEQ.NEXTVAL, 'HONH', '1111','게시판', '게시글 작성'), OriginalSql = INSERT INTO BOARD (BON,NAME,PASSWORD,TITLE,CONTENT)
VALUES (BOARD_SEQ.NEXTVAL, 'HONH', '1111','게시판', '게시글 작성'), Error Msg = ORA-12899: "SCOTT"."BOARD"."CONTENT" 열에 대한 값이 너무 큼(실제: 16, 최대값: 10)

	at oracle.jdbc.driver.T4CTTIoer11.processError(T4CTTIoer11.java:637)
	at oracle.jdbc.driver.T4CTTIoer11.processError(T4CTTIoer11.java:564)
	at oracle.jdbc.driver.T4C8Oall.processError(T4C8Oall.java:1231)
	at oracle.jdbc.driver.T4CTTIfun.receive(T4CTTIfun.java:772)
	at oracle.jdbc.driver.T4CTTIfun.doRPC(T4CTTIfun.java:299)
	at oracle.jdbc.driver.T4C8Oall.doOALL(T4C8Oall.java:512)
	at oracle.jdbc.driver.T4CStatement.doOall8(T4CStatement.java:123)
	at oracle.jdbc.driver.T4CStatement.executeForRows(T4CStatement.java:1200)
	at oracle.jdbc.driver.OracleStatement.executeSQLStatement(OracleStatement.java:1820)
	at oracle.jdbc.driver.OracleStatement.doExecuteWithTimeout(OracleStatement.java:1472)
	at oracle.jdbc.driver.OracleStatement.executeInternal(OracleStatement.java:2505)
	at oracle.jdbc.driver.OracleStatement.execute(OracleStatement.java:2460)
	at oracle.jdbc.driver.OracleStatementWrapper.execute(OracleStatementWrapper.java:328)
	at org.jkiss.dbeaver.model.impl.jdbc.exec.JDBCStatementImpl.execute(JDBCStatementImpl.java:332)
	at org.jkiss.dbeaver.model.impl.jdbc.exec.JDBCStatementImpl.executeStatement(JDBCStatementImpl.java:131)
	at org.jkiss.dbeaver.ui.editors.sql.execute.SQLQueryJob.executeStatement(SQLQueryJob.java:631)
	at org.jkiss.dbeaver.ui.editors.sql.execute.SQLQueryJob.lambda$2(SQLQueryJob.java:522)
	at org.jkiss.dbeaver.ui.editors.sql.execute.SQLQueryJob.executeSingleQuery(SQLQueryJob.java:544)
	at org.jkiss.dbeaver.ui.editors.sql.execute.SQLQueryJob.extractData(SQLQueryJob.java:1001)
	at org.jkiss.dbeaver.ui.editors.sql.SQLEditor$QueryResultsContainer.readData(SQLEditor.java:4231)
	at org.jkiss.dbeaver.ui.controls.resultset.ResultSetJobDataRead.lambda$0(ResultSetJobDataRead.java:128)
	at org.jkiss.dbeaver.model.exec.DBExecUtils.tryExecuteRecover(DBExecUtils.java:192)
	at org.jkiss.dbeaver.ui.controls.resultset.ResultSetJobDataRead.run(ResultSetJobDataRead.java:126)
	at org.jkiss.dbeaver.ui.controls.resultset.ResultSetViewer$ResultSetDataPumpJob.run(ResultSetViewer.java:5160)
	at org.jkiss.dbeaver.model.runtime.AbstractJob.run(AbstractJob.java:117)
	at org.eclipse.core.internal.jobs.Worker.run(Worker.java:63)

!ENTRY org.jkiss.dbeaver.model 4 0 2024-09-11 13:08:17.244
!MESSAGE SQL Error [922] [42000]: ORA-00922: 누락된 또는 부적합한 옵션

!SUBENTRY 1 org.jkiss.dbeaver.model 4 0 2024-09-11 13:08:17.244
!MESSAGE Error : 922, Position : 243, Sql = CREATE TABLE BOARD(
	BON NUMBER(8) PRIMARY KEY,
	NAME VARCHAR2(20) NOT NULL,
	PASSWORD VARCHAR2(20) NOT NULL,
	TITLE VARCHAR2(20) NOT NULL,
	CONTENT VARCHAR2(50) NOT NULL,
	READCNT NUMBER(8) DEFAULT 0,
	REGDATE DATE DEFAULT SYSDATE
)
DELETE FROM BOARD, OriginalSql = CREATE TABLE BOARD(
	BON NUMBER(8) PRIMARY KEY,
	NAME VARCHAR2(20) NOT NULL,
	PASSWORD VARCHAR2(20) NOT NULL,
	TITLE VARCHAR2(20) NOT NULL,
	CONTENT VARCHAR2(50) NOT NULL,
	READCNT NUMBER(8) DEFAULT 0,
	REGDATE DATE DEFAULT SYSDATE
)
DELETE FROM BOARD, Error Msg = ORA-00922: 누락된 또는 부적합한 옵션

!STACK 0
Error : 922, Position : 243, Sql = CREATE TABLE BOARD(
	BON NUMBER(8) PRIMARY KEY,
	NAME VARCHAR2(20) NOT NULL,
	PASSWORD VARCHAR2(20) NOT NULL,
	TITLE VARCHAR2(20) NOT NULL,
	CONTENT VARCHAR2(50) NOT NULL,
	READCNT NUMBER(8) DEFAULT 0,
	REGDATE DATE DEFAULT SYSDATE
)
DELETE FROM BOARD, OriginalSql = CREATE TABLE BOARD(
	BON NUMBER(8) PRIMARY KEY,
	NAME VARCHAR2(20) NOT NULL,
	PASSWORD VARCHAR2(20) NOT NULL,
	TITLE VARCHAR2(20) NOT NULL,
	CONTENT VARCHAR2(50) NOT NULL,
	READCNT NUMBER(8) DEFAULT 0,
	REGDATE DATE DEFAULT SYSDATE
)
DELETE FROM BOARD, Error Msg = ORA-00922: 누락된 또는 부적합한 옵션

	at oracle.jdbc.driver.T4CTTIoer11.processError(T4CTTIoer11.java:637)
	at oracle.jdbc.driver.T4CTTIoer11.processError(T4CTTIoer11.java:564)
	at oracle.jdbc.driver.T4C8Oall.processError(T4C8Oall.java:1231)
	at oracle.jdbc.driver.T4CTTIfun.receive(T4CTTIfun.java:772)
	at oracle.jdbc.driver.T4CTTIfun.doRPC(T4CTTIfun.java:299)
	at oracle.jdbc.driver.T4C8Oall.doOALL(T4C8Oall.java:512)
	at oracle.jdbc.driver.T4CStatement.doOall8(T4CStatement.java:123)
	at oracle.jdbc.driver.T4CStatement.executeForRows(T4CStatement.java:1200)
	at oracle.jdbc.driver.OracleStatement.executeSQLStatement(OracleStatement.java:1820)
	at oracle.jdbc.driver.OracleStatement.doExecuteWithTimeout(OracleStatement.java:1472)
	at oracle.jdbc.driver.OracleStatement.executeInternal(OracleStatement.java:2505)
	at oracle.jdbc.driver.OracleStatement.execute(OracleStatement.java:2460)
	at oracle.jdbc.driver.OracleStatementWrapper.execute(OracleStatementWrapper.java:328)
	at org.jkiss.dbeaver.model.impl.jdbc.exec.JDBCStatementImpl.execute(JDBCStatementImpl.java:332)
	at org.jkiss.dbeaver.model.impl.jdbc.exec.JDBCStatementImpl.executeStatement(JDBCStatementImpl.java:131)
	at org.jkiss.dbeaver.ui.editors.sql.execute.SQLQueryJob.executeStatement(SQLQueryJob.java:631)
	at org.jkiss.dbeaver.ui.editors.sql.execute.SQLQueryJob.lambda$2(SQLQueryJob.java:522)
	at org.jkiss.dbeaver.model.exec.DBExecUtils.tryExecuteRecover(DBExecUtils.java:192)
	at org.jkiss.dbeaver.ui.editors.sql.execute.SQLQueryJob.executeSingleQuery(SQLQueryJob.java:541)
	at org.jkiss.dbeaver.ui.editors.sql.execute.SQLQueryJob.extractData(SQLQueryJob.java:1001)
	at org.jkiss.dbeaver.ui.editors.sql.SQLEditor$QueryResultsContainer.readData(SQLEditor.java:4231)
	at org.jkiss.dbeaver.ui.controls.resultset.ResultSetJobDataRead.lambda$0(ResultSetJobDataRead.java:128)
	at org.jkiss.dbeaver.model.exec.DBExecUtils.tryExecuteRecover(DBExecUtils.java:192)
	at org.jkiss.dbeaver.ui.controls.resultset.ResultSetJobDataRead.run(ResultSetJobDataRead.java:126)
	at org.jkiss.dbeaver.ui.controls.resultset.ResultSetViewer$ResultSetDataPumpJob.run(ResultSetViewer.java:5160)
	at org.jkiss.dbeaver.model.runtime.AbstractJob.run(AbstractJob.java:117)
	at org.eclipse.core.internal.jobs.Worker.run(Worker.java:63)

!ENTRY org.jkiss.dbeaver.model 4 0 2024-09-11 13:08:26.875
!MESSAGE SQL Error [922] [42000]: ORA-00922: 누락된 또는 부적합한 옵션

!SUBENTRY 1 org.jkiss.dbeaver.model 4 0 2024-09-11 13:08:26.875
!MESSAGE Error : 922, Position : 243, Sql = CREATE TABLE BOARD(
	BON NUMBER(8) PRIMARY KEY,
	NAME VARCHAR2(20) NOT NULL,
	PASSWORD VARCHAR2(20) NOT NULL,
	TITLE VARCHAR2(20) NOT NULL,
	CONTENT VARCHAR2(50) NOT NULL,
	READCNT NUMBER(8) DEFAULT 0,
	REGDATE DATE DEFAULT SYSDATE
)
DELETE TABLE BOARD, OriginalSql = CREATE TABLE BOARD(
	BON NUMBER(8) PRIMARY KEY,
	NAME VARCHAR2(20) NOT NULL,
	PASSWORD VARCHAR2(20) NOT NULL,
	TITLE VARCHAR2(20) NOT NULL,
	CONTENT VARCHAR2(50) NOT NULL,
	READCNT NUMBER(8) DEFAULT 0,
	REGDATE DATE DEFAULT SYSDATE
)
DELETE TABLE BOARD, Error Msg = ORA-00922: 누락된 또는 부적합한 옵션

!STACK 0
Error : 922, Position : 243, Sql = CREATE TABLE BOARD(
	BON NUMBER(8) PRIMARY KEY,
	NAME VARCHAR2(20) NOT NULL,
	PASSWORD VARCHAR2(20) NOT NULL,
	TITLE VARCHAR2(20) NOT NULL,
	CONTENT VARCHAR2(50) NOT NULL,
	READCNT NUMBER(8) DEFAULT 0,
	REGDATE DATE DEFAULT SYSDATE
)
DELETE TABLE BOARD, OriginalSql = CREATE TABLE BOARD(
	BON NUMBER(8) PRIMARY KEY,
	NAME VARCHAR2(20) NOT NULL,
	PASSWORD VARCHAR2(20) NOT NULL,
	TITLE VARCHAR2(20) NOT NULL,
	CONTENT VARCHAR2(50) NOT NULL,
	READCNT NUMBER(8) DEFAULT 0,
	REGDATE DATE DEFAULT SYSDATE
)
DELETE TABLE BOARD, Error Msg = ORA-00922: 누락된 또는 부적합한 옵션

	at oracle.jdbc.driver.T4CTTIoer11.processError(T4CTTIoer11.java:637)
	at oracle.jdbc.driver.T4CTTIoer11.processError(T4CTTIoer11.java:564)
	at oracle.jdbc.driver.T4C8Oall.processError(T4C8Oall.java:1231)
	at oracle.jdbc.driver.T4CTTIfun.receive(T4CTTIfun.java:772)
	at oracle.jdbc.driver.T4CTTIfun.doRPC(T4CTTIfun.java:299)
	at oracle.jdbc.driver.T4C8Oall.doOALL(T4C8Oall.java:512)
	at oracle.jdbc.driver.T4CStatement.doOall8(T4CStatement.java:123)
	at oracle.jdbc.driver.T4CStatement.executeForRows(T4CStatement.java:1200)
	at oracle.jdbc.driver.OracleStatement.executeSQLStatement(OracleStatement.java:1820)
	at oracle.jdbc.driver.OracleStatement.doExecuteWithTimeout(OracleStatement.java:1472)
	at oracle.jdbc.driver.OracleStatement.executeInternal(OracleStatement.java:2505)
	at oracle.jdbc.driver.OracleStatement.execute(OracleStatement.java:2460)
	at oracle.jdbc.driver.OracleStatementWrapper.execute(OracleStatementWrapper.java:328)
	at org.jkiss.dbeaver.model.impl.jdbc.exec.JDBCStatementImpl.execute(JDBCStatementImpl.java:332)
	at org.jkiss.dbeaver.model.impl.jdbc.exec.JDBCStatementImpl.executeStatement(JDBCStatementImpl.java:131)
	at org.jkiss.dbeaver.ui.editors.sql.execute.SQLQueryJob.executeStatement(SQLQueryJob.java:631)
	at org.jkiss.dbeaver.ui.editors.sql.execute.SQLQueryJob.lambda$2(SQLQueryJob.java:522)
	at org.jkiss.dbeaver.model.exec.DBExecUtils.tryExecuteRecover(DBExecUtils.java:192)
	at org.jkiss.dbeaver.ui.editors.sql.execute.SQLQueryJob.executeSingleQuery(SQLQueryJob.java:541)
	at org.jkiss.dbeaver.ui.editors.sql.execute.SQLQueryJob.extractData(SQLQueryJob.java:1001)
	at org.jkiss.dbeaver.ui.editors.sql.SQLEditor$QueryResultsContainer.readData(SQLEditor.java:4231)
	at org.jkiss.dbeaver.ui.controls.resultset.ResultSetJobDataRead.lambda$0(ResultSetJobDataRead.java:128)
	at org.jkiss.dbeaver.model.exec.DBExecUtils.tryExecuteRecover(DBExecUtils.java:192)
	at org.jkiss.dbeaver.ui.controls.resultset.ResultSetJobDataRead.run(ResultSetJobDataRead.java:126)
	at org.jkiss.dbeaver.ui.controls.resultset.ResultSetViewer$ResultSetDataPumpJob.run(ResultSetViewer.java:5160)
	at org.jkiss.dbeaver.model.runtime.AbstractJob.run(AbstractJob.java:117)
	at org.eclipse.core.internal.jobs.Worker.run(Worker.java:63)
!SESSION 2024-09-11 13:10:20.654 -----------------------------------------------
eclipse.buildId=unknown
java.version=17.0.6
java.vendor=Eclipse Adoptium
BootLoader constants: OS=win32, ARCH=x86_64, WS=win32, NL=ko
Framework arguments:  -eclipse.keyring C:\Users\soldesk\AppData\Roaming\DBeaverData\secure\secure_storage
Command-line arguments:  -os win32 -ws win32 -arch x86_64

!ENTRY org.eclipse.ui 2 2 2024-09-11 13:10:25.704
!MESSAGE Invalid preference category path: org.eclipse.debug.ui.ConsolePreferencePage (bundle: org.eclipse.ui.console, page: org.eclipse.ui.internal.console.ansi.preferences.AnsiConsolePreferencePage)

!ENTRY org.jkiss.dbeaver.model 4 0 2024-09-11 13:14:44.152
!MESSAGE SQL Error [1907] [42000]: ORA-01907: 키워드 TABLESPACE를 지정해 주십시오

!SUBENTRY 1 org.jkiss.dbeaver.model 4 0 2024-09-11 13:14:44.152
!MESSAGE Error : 1907, Position : 75, Sql = CREATE USER TEST1 IDENTIFIED BY 12345
DEFAULT TABLESPACE USERS
TEMPORARY TABLESPQCE TEMP
QUOTA 10M ON USERS, OriginalSql = CREATE USER TEST1 IDENTIFIED BY 12345
DEFAULT TABLESPACE USERS
TEMPORARY TABLESPQCE TEMP
QUOTA 10M ON USERS, Error Msg = ORA-01907: 키워드 TABLESPACE를 지정해 주십시오

!STACK 0
Error : 1907, Position : 75, Sql = CREATE USER TEST1 IDENTIFIED BY 12345
DEFAULT TABLESPACE USERS
TEMPORARY TABLESPQCE TEMP
QUOTA 10M ON USERS, OriginalSql = CREATE USER TEST1 IDENTIFIED BY 12345
DEFAULT TABLESPACE USERS
TEMPORARY TABLESPQCE TEMP
QUOTA 10M ON USERS, Error Msg = ORA-01907: 키워드 TABLESPACE를 지정해 주십시오

	at oracle.jdbc.driver.T4CTTIoer11.processError(T4CTTIoer11.java:637)
	at oracle.jdbc.driver.T4CTTIoer11.processError(T4CTTIoer11.java:564)
	at oracle.jdbc.driver.T4C8Oall.processError(T4C8Oall.java:1231)
	at oracle.jdbc.driver.T4CTTIfun.receive(T4CTTIfun.java:772)
	at oracle.jdbc.driver.T4CTTIfun.doRPC(T4CTTIfun.java:299)
	at oracle.jdbc.driver.T4C8Oall.doOALL(T4C8Oall.java:512)
	at oracle.jdbc.driver.T4CStatement.doOall8(T4CStatement.java:123)
	at oracle.jdbc.driver.T4CStatement.executeForRows(T4CStatement.java:1200)
	at oracle.jdbc.driver.OracleStatement.executeSQLStatement(OracleStatement.java:1820)
	at oracle.jdbc.driver.OracleStatement.doExecuteWithTimeout(OracleStatement.java:1472)
	at oracle.jdbc.driver.OracleStatement.executeInternal(OracleStatement.java:2505)
	at oracle.jdbc.driver.OracleStatement.execute(OracleStatement.java:2460)
	at oracle.jdbc.driver.OracleStatementWrapper.execute(OracleStatementWrapper.java:328)
	at org.jkiss.dbeaver.model.impl.jdbc.exec.JDBCStatementImpl.execute(JDBCStatementImpl.java:332)
	at org.jkiss.dbeaver.model.impl.jdbc.exec.JDBCStatementImpl.executeStatement(JDBCStatementImpl.java:131)
	at org.jkiss.dbeaver.ui.editors.sql.execute.SQLQueryJob.executeStatement(SQLQueryJob.java:631)
	at org.jkiss.dbeaver.ui.editors.sql.execute.SQLQueryJob.lambda$2(SQLQueryJob.java:522)
	at org.jkiss.dbeaver.model.exec.DBExecUtils.tryExecuteRecover(DBExecUtils.java:192)
	at org.jkiss.dbeaver.ui.editors.sql.execute.SQLQueryJob.executeSingleQuery(SQLQueryJob.java:541)
	at org.jkiss.dbeaver.ui.editors.sql.execute.SQLQueryJob.extractData(SQLQueryJob.java:1001)
	at org.jkiss.dbeaver.ui.editors.sql.SQLEditor$QueryResultsContainer.readData(SQLEditor.java:4231)
	at org.jkiss.dbeaver.ui.controls.resultset.ResultSetJobDataRead.lambda$0(ResultSetJobDataRead.java:128)
	at org.jkiss.dbeaver.model.exec.DBExecUtils.tryExecuteRecover(DBExecUtils.java:192)
	at org.jkiss.dbeaver.ui.controls.resultset.ResultSetJobDataRead.run(ResultSetJobDataRead.java:126)
	at org.jkiss.dbeaver.ui.controls.resultset.ResultSetViewer$ResultSetDataPumpJob.run(ResultSetViewer.java:5160)
	at org.jkiss.dbeaver.model.runtime.AbstractJob.run(AbstractJob.java:117)
	at org.eclipse.core.internal.jobs.Worker.run(Worker.java:63)

!ENTRY org.jkiss.dbeaver.model 4 0 2024-09-11 13:14:58.036
!MESSAGE SQL Error [65096] [99999]: ORA-65096: 공통 사용자 또는 롤 이름이 부적합합니다.


Error position: line: 13 pos: 12
!SUBENTRY 1 org.jkiss.dbeaver.model 4 0 2024-09-11 13:14:58.036
!MESSAGE SQL Error [65096] [99999]: ORA-65096: 공통 사용자 또는 롤 이름이 부적합합니다.

!SUBENTRY 2 org.jkiss.dbeaver.model 4 0 2024-09-11 13:14:58.036
!MESSAGE Error : 65096, Position : 12, Sql = CREATE USER TEST1 IDENTIFIED BY 12345
DEFAULT TABLESPACE USERS
TEMPORARY TABLESPACE TEMP
QUOTA 10M ON USERS, OriginalSql = CREATE USER TEST1 IDENTIFIED BY 12345
DEFAULT TABLESPACE USERS
TEMPORARY TABLESPACE TEMP
QUOTA 10M ON USERS, Error Msg = ORA-65096: 공통 사용자 또는 롤 이름이 부적합합니다.

!STACK 0
Error : 65096, Position : 12, Sql = CREATE USER TEST1 IDENTIFIED BY 12345
DEFAULT TABLESPACE USERS
TEMPORARY TABLESPACE TEMP
QUOTA 10M ON USERS, OriginalSql = CREATE USER TEST1 IDENTIFIED BY 12345
DEFAULT TABLESPACE USERS
TEMPORARY TABLESPACE TEMP
QUOTA 10M ON USERS, Error Msg = ORA-65096: 공통 사용자 또는 롤 이름이 부적합합니다.

	at oracle.jdbc.driver.T4CTTIoer11.processError(T4CTTIoer11.java:637)
	at oracle.jdbc.driver.T4CTTIoer11.processError(T4CTTIoer11.java:564)
	at oracle.jdbc.driver.T4C8Oall.processError(T4C8Oall.java:1231)
	at oracle.jdbc.driver.T4CTTIfun.receive(T4CTTIfun.java:772)
	at oracle.jdbc.driver.T4CTTIfun.doRPC(T4CTTIfun.java:299)
	at oracle.jdbc.driver.T4C8Oall.doOALL(T4C8Oall.java:512)
	at oracle.jdbc.driver.T4CStatement.doOall8(T4CStatement.java:123)
	at oracle.jdbc.driver.T4CStatement.executeForRows(T4CStatement.java:1200)
	at oracle.jdbc.driver.OracleStatement.executeSQLStatement(OracleStatement.java:1820)
	at oracle.jdbc.driver.OracleStatement.doExecuteWithTimeout(OracleStatement.java:1472)
	at oracle.jdbc.driver.OracleStatement.executeInternal(OracleStatement.java:2505)
	at oracle.jdbc.driver.OracleStatement.execute(OracleStatement.java:2460)
	at oracle.jdbc.driver.OracleStatementWrapper.execute(OracleStatementWrapper.java:328)
	at org.jkiss.dbeaver.model.impl.jdbc.exec.JDBCStatementImpl.execute(JDBCStatementImpl.java:332)
	at org.jkiss.dbeaver.model.impl.jdbc.exec.JDBCStatementImpl.executeStatement(JDBCStatementImpl.java:131)
	at org.jkiss.dbeaver.ui.editors.sql.execute.SQLQueryJob.executeStatement(SQLQueryJob.java:631)
	at org.jkiss.dbeaver.ui.editors.sql.execute.SQLQueryJob.lambda$2(SQLQueryJob.java:522)
	at org.jkiss.dbeaver.model.exec.DBExecUtils.tryExecuteRecover(DBExecUtils.java:192)
	at org.jkiss.dbeaver.ui.editors.sql.execute.SQLQueryJob.executeSingleQuery(SQLQueryJob.java:541)
	at org.jkiss.dbeaver.ui.editors.sql.execute.SQLQueryJob.extractData(SQLQueryJob.java:1001)
	at org.jkiss.dbeaver.ui.editors.sql.SQLEditor$QueryResultsContainer.readData(SQLEditor.java:4231)
	at org.jkiss.dbeaver.ui.controls.resultset.ResultSetJobDataRead.lambda$0(ResultSetJobDataRead.java:128)
	at org.jkiss.dbeaver.model.exec.DBExecUtils.tryExecuteRecover(DBExecUtils.java:192)
	at org.jkiss.dbeaver.ui.controls.resultset.ResultSetJobDataRead.run(ResultSetJobDataRead.java:126)
	at org.jkiss.dbeaver.ui.controls.resultset.ResultSetViewer$ResultSetDataPumpJob.run(ResultSetViewer.java:5160)
	at org.jkiss.dbeaver.model.runtime.AbstractJob.run(AbstractJob.java:117)
	at org.eclipse.core.internal.jobs.Worker.run(Worker.java:63)
!SESSION 2024-09-12 09:16:10.975 -----------------------------------------------
eclipse.buildId=unknown
java.version=17.0.6
java.vendor=Eclipse Adoptium
BootLoader constants: OS=win32, ARCH=x86_64, WS=win32, NL=ko
Framework arguments:  -eclipse.keyring C:\Users\soldesk\AppData\Roaming\DBeaverData\secure\secure_storage
Command-line arguments:  -os win32 -ws win32 -arch x86_64

!ENTRY org.eclipse.ui 2 2 2024-09-12 09:16:28.388
!MESSAGE Invalid preference category path: org.eclipse.debug.ui.ConsolePreferencePage (bundle: org.eclipse.ui.console, page: org.eclipse.ui.internal.console.ansi.preferences.AnsiConsolePreferencePage)

!ENTRY org.jkiss.dbeaver.model 4 0 2024-09-12 09:17:44.797
!MESSAGE SQL Error [1920] [42000]: ORA-01920: 사용자명 'C##TEST1'(이)가 다른 사용자나 롤 이름과 상충됩니다

!SUBENTRY 1 org.jkiss.dbeaver.model 4 0 2024-09-12 09:17:44.797
!MESSAGE Error : 1920, Position : 12, Sql = CREATE USER C##TEST1 IDENTIFIED BY 12345
DEFAULT TABLESPACE USERS
TEMPORARY TABLESPACE TEMP
QUOTA 10M ON USERS, OriginalSql = CREATE USER C##TEST1 IDENTIFIED BY 12345
DEFAULT TABLESPACE USERS
TEMPORARY TABLESPACE TEMP
QUOTA 10M ON USERS, Error Msg = ORA-01920: 사용자명 'C##TEST1'(이)가 다른 사용자나 롤 이름과 상충됩니다

!STACK 0
Error : 1920, Position : 12, Sql = CREATE USER C##TEST1 IDENTIFIED BY 12345
DEFAULT TABLESPACE USERS
TEMPORARY TABLESPACE TEMP
QUOTA 10M ON USERS, OriginalSql = CREATE USER C##TEST1 IDENTIFIED BY 12345
DEFAULT TABLESPACE USERS
TEMPORARY TABLESPACE TEMP
QUOTA 10M ON USERS, Error Msg = ORA-01920: 사용자명 'C##TEST1'(이)가 다른 사용자나 롤 이름과 상충됩니다

	at oracle.jdbc.driver.T4CTTIoer11.processError(T4CTTIoer11.java:637)
	at oracle.jdbc.driver.T4CTTIoer11.processError(T4CTTIoer11.java:564)
	at oracle.jdbc.driver.T4C8Oall.processError(T4C8Oall.java:1231)
	at oracle.jdbc.driver.T4CTTIfun.receive(T4CTTIfun.java:772)
	at oracle.jdbc.driver.T4CTTIfun.doRPC(T4CTTIfun.java:299)
	at oracle.jdbc.driver.T4C8Oall.doOALL(T4C8Oall.java:512)
	at oracle.jdbc.driver.T4CStatement.doOall8(T4CStatement.java:123)
	at oracle.jdbc.driver.T4CStatement.executeForRows(T4CStatement.java:1200)
	at oracle.jdbc.driver.OracleStatement.executeSQLStatement(OracleStatement.java:1820)
	at oracle.jdbc.driver.OracleStatement.doExecuteWithTimeout(OracleStatement.java:1472)
	at oracle.jdbc.driver.OracleStatement.executeInternal(OracleStatement.java:2505)
	at oracle.jdbc.driver.OracleStatement.execute(OracleStatement.java:2460)
	at oracle.jdbc.driver.OracleStatementWrapper.execute(OracleStatementWrapper.java:328)
	at org.jkiss.dbeaver.model.impl.jdbc.exec.JDBCStatementImpl.execute(JDBCStatementImpl.java:332)
	at org.jkiss.dbeaver.model.impl.jdbc.exec.JDBCStatementImpl.executeStatement(JDBCStatementImpl.java:131)
	at org.jkiss.dbeaver.ui.editors.sql.execute.SQLQueryJob.executeStatement(SQLQueryJob.java:631)
	at org.jkiss.dbeaver.ui.editors.sql.execute.SQLQueryJob.lambda$2(SQLQueryJob.java:522)
	at org.jkiss.dbeaver.model.exec.DBExecUtils.tryExecuteRecover(DBExecUtils.java:192)
	at org.jkiss.dbeaver.ui.editors.sql.execute.SQLQueryJob.executeSingleQuery(SQLQueryJob.java:541)
	at org.jkiss.dbeaver.ui.editors.sql.execute.SQLQueryJob.extractData(SQLQueryJob.java:1001)
	at org.jkiss.dbeaver.ui.editors.sql.SQLEditor$QueryResultsContainer.readData(SQLEditor.java:4231)
	at org.jkiss.dbeaver.ui.controls.resultset.ResultSetJobDataRead.lambda$0(ResultSetJobDataRead.java:128)
	at org.jkiss.dbeaver.model.exec.DBExecUtils.tryExecuteRecover(DBExecUtils.java:192)
	at org.jkiss.dbeaver.ui.controls.resultset.ResultSetJobDataRead.run(ResultSetJobDataRead.java:126)
	at org.jkiss.dbeaver.ui.controls.resultset.ResultSetViewer$ResultSetDataPumpJob.run(ResultSetViewer.java:5160)
	at org.jkiss.dbeaver.model.runtime.AbstractJob.run(AbstractJob.java:117)
	at org.eclipse.core.internal.jobs.Worker.run(Worker.java:63)

!ENTRY org.jkiss.dbeaver.model 4 0 2024-09-12 09:19:35.756
!MESSAGE ORA-01045: 사용자 C##TEST1는 CREATE SESSION 권한을 가지고있지 않음; 로그온이 거절되었습니다

!STACK 0
java.sql.SQLException: ORA-01045: 사용자 C##TEST1는 CREATE SESSION 권한을 가지고있지 않음; 로그온이 거절되었습니다

	at oracle.jdbc.driver.T4CTTIoer11.processError(T4CTTIoer11.java:630)
	at oracle.jdbc.driver.T4CTTIoer11.processError(T4CTTIoer11.java:559)
	at oracle.jdbc.driver.T4CTTIoer11.processError(T4CTTIoer11.java:554)
	at oracle.jdbc.driver.T4CTTIfun.processError(T4CTTIfun.java:1377)
	at oracle.jdbc.driver.T4CTTIoauthenticate.processError(T4CTTIoauthenticate.java:700)
	at oracle.jdbc.driver.T4CTTIfun.receive(T4CTTIfun.java:772)
	at oracle.jdbc.driver.T4CTTIfun.doRPC(T4CTTIfun.java:299)
	at oracle.jdbc.driver.T4CTTIoauthenticate.doOAUTH(T4CTTIoauthenticate.java:390)
	at oracle.jdbc.driver.T4CTTIoauthenticate.doOAUTHWithO5Logon(T4CTTIoauthenticate.java:1471)
	at oracle.jdbc.driver.T4CTTIoauthenticate.doOAUTH(T4CTTIoauthenticate.java:1220)
	at oracle.jdbc.driver.T4CTTIoauthenticate.doOAUTH(T4CTTIoauthenticate.java:1174)
	at oracle.jdbc.driver.T4CConnection.authenticateUserForLogon(T4CConnection.java:1042)
	at oracle.jdbc.driver.T4CConnection.logon(T4CConnection.java:658)
	at oracle.jdbc.driver.PhysicalConnection.connect(PhysicalConnection.java:1086)
	at oracle.jdbc.driver.T4CDriverExtension.getConnection(T4CDriverExtension.java:90)
	at oracle.jdbc.driver.OracleDriver.connect(OracleDriver.java:728)
	at oracle.jdbc.driver.OracleDriver.connect(OracleDriver.java:649)
	at org.jkiss.dbeaver.model.impl.jdbc.JDBCConnectionOpener.run(JDBCConnectionOpener.java:109)
	at org.jkiss.dbeaver.model.impl.jdbc.JDBCConnectionOpener.run(JDBCConnectionOpener.java:83)
	at org.jkiss.dbeaver.model.impl.jdbc.JDBCDataSource.openConnection(JDBCDataSource.java:223)
	at org.jkiss.dbeaver.ext.oracle.model.OracleDataSource.openConnection(OracleDataSource.java:177)
	at org.jkiss.dbeaver.model.impl.jdbc.JDBCExecutionContext.connect(JDBCExecutionContext.java:119)
	at org.jkiss.dbeaver.model.impl.jdbc.JDBCRemoteInstance.initializeMainContext(JDBCRemoteInstance.java:102)
	at org.jkiss.dbeaver.model.impl.jdbc.JDBCRemoteInstance.<init>(JDBCRemoteInstance.java:61)
	at org.jkiss.dbeaver.model.impl.jdbc.JDBCDataSource.initializeRemoteInstance(JDBCDataSource.java:121)
	at org.jkiss.dbeaver.model.impl.jdbc.JDBCDataSource.<init>(JDBCDataSource.java:105)
	at org.jkiss.dbeaver.model.impl.jdbc.JDBCDataSource.<init>(JDBCDataSource.java:96)
	at org.jkiss.dbeaver.ext.oracle.model.OracleDataSource.<init>(OracleDataSource.java:95)
	at org.jkiss.dbeaver.ext.oracle.OracleDataSourceProvider.openDataSource(OracleDataSourceProvider.java:143)
	at org.jkiss.dbeaver.registry.DataSourceDescriptor.openDataSource(DataSourceDescriptor.java:1406)
	at org.jkiss.dbeaver.registry.DataSourceDescriptor.connect0(DataSourceDescriptor.java:1276)
	at org.jkiss.dbeaver.registry.DataSourceDescriptor.connect(DataSourceDescriptor.java:1061)
	at org.jkiss.dbeaver.runtime.jobs.ConnectJob.run(ConnectJob.java:78)
	at org.jkiss.dbeaver.runtime.jobs.ConnectJob.runSync(ConnectJob.java:109)
	at org.jkiss.dbeaver.ui.actions.datasource.DataSourceHandler.connectToDataSource(DataSourceHandler.java:122)
	at org.jkiss.dbeaver.ui.actions.datasource.UIServiceConnectionsImpl.initConnection(UIServiceConnectionsImpl.java:87)
	at org.jkiss.dbeaver.model.DBUtils.initDataSource(DBUtils.java:2414)
	at org.jkiss.dbeaver.model.navigator.DBNDataSource.initializeNode(DBNDataSource.java:159)
	at org.jkiss.dbeaver.model.navigator.DBNDatabaseNode.getChildren(DBNDatabaseNode.java:226)
	at org.jkiss.dbeaver.model.navigator.DBNDatabaseNode.getChildren(DBNDatabaseNode.java:1)
	at org.jkiss.dbeaver.model.navigator.DBNUtils.getNodeChildrenFiltered(DBNUtils.java:92)
	at org.jkiss.dbeaver.ui.navigator.database.load.TreeLoadService.evaluate(TreeLoadService.java:49)
	at org.jkiss.dbeaver.ui.navigator.database.load.TreeLoadService.evaluate(TreeLoadService.java:1)
	at org.jkiss.dbeaver.ui.LoadingJob.run(LoadingJob.java:88)
	at org.jkiss.dbeaver.model.runtime.AbstractJob.run(AbstractJob.java:117)
	at org.eclipse.core.internal.jobs.Worker.run(Worker.java:63)

!ENTRY org.jkiss.dbeaver.model 4 0 2024-09-12 09:20:11.267
!MESSAGE ORA-01045: 사용자 C##TEST1는 CREATE SESSION 권한을 가지고있지 않음; 로그온이 거절되었습니다

!STACK 0
java.sql.SQLException: ORA-01045: 사용자 C##TEST1는 CREATE SESSION 권한을 가지고있지 않음; 로그온이 거절되었습니다

	at oracle.jdbc.driver.T4CTTIoer11.processError(T4CTTIoer11.java:630)
	at oracle.jdbc.driver.T4CTTIoer11.processError(T4CTTIoer11.java:559)
	at oracle.jdbc.driver.T4CTTIoer11.processError(T4CTTIoer11.java:554)
	at oracle.jdbc.driver.T4CTTIfun.processError(T4CTTIfun.java:1377)
	at oracle.jdbc.driver.T4CTTIoauthenticate.processError(T4CTTIoauthenticate.java:700)
	at oracle.jdbc.driver.T4CTTIfun.receive(T4CTTIfun.java:772)
	at oracle.jdbc.driver.T4CTTIfun.doRPC(T4CTTIfun.java:299)
	at oracle.jdbc.driver.T4CTTIoauthenticate.doOAUTH(T4CTTIoauthenticate.java:390)
	at oracle.jdbc.driver.T4CTTIoauthenticate.doOAUTHWithO5Logon(T4CTTIoauthenticate.java:1471)
	at oracle.jdbc.driver.T4CTTIoauthenticate.doOAUTH(T4CTTIoauthenticate.java:1220)
	at oracle.jdbc.driver.T4CTTIoauthenticate.doOAUTH(T4CTTIoauthenticate.java:1174)
	at oracle.jdbc.driver.T4CConnection.authenticateUserForLogon(T4CConnection.java:1042)
	at oracle.jdbc.driver.T4CConnection.logon(T4CConnection.java:658)
	at oracle.jdbc.driver.PhysicalConnection.connect(PhysicalConnection.java:1086)
	at oracle.jdbc.driver.T4CDriverExtension.getConnection(T4CDriverExtension.java:90)
	at oracle.jdbc.driver.OracleDriver.connect(OracleDriver.java:728)
	at oracle.jdbc.driver.OracleDriver.connect(OracleDriver.java:649)
	at org.jkiss.dbeaver.model.impl.jdbc.JDBCConnectionOpener.run(JDBCConnectionOpener.java:109)
	at org.jkiss.dbeaver.model.impl.jdbc.JDBCConnectionOpener.run(JDBCConnectionOpener.java:83)
	at org.jkiss.dbeaver.model.impl.jdbc.JDBCDataSource.openConnection(JDBCDataSource.java:223)
	at org.jkiss.dbeaver.ext.oracle.model.OracleDataSource.openConnection(OracleDataSource.java:177)
	at org.jkiss.dbeaver.model.impl.jdbc.JDBCExecutionContext.connect(JDBCExecutionContext.java:119)
	at org.jkiss.dbeaver.model.impl.jdbc.JDBCRemoteInstance.initializeMainContext(JDBCRemoteInstance.java:102)
	at org.jkiss.dbeaver.model.impl.jdbc.JDBCRemoteInstance.<init>(JDBCRemoteInstance.java:61)
	at org.jkiss.dbeaver.model.impl.jdbc.JDBCDataSource.initializeRemoteInstance(JDBCDataSource.java:121)
	at org.jkiss.dbeaver.model.impl.jdbc.JDBCDataSource.<init>(JDBCDataSource.java:105)
	at org.jkiss.dbeaver.model.impl.jdbc.JDBCDataSource.<init>(JDBCDataSource.java:96)
	at org.jkiss.dbeaver.ext.oracle.model.OracleDataSource.<init>(OracleDataSource.java:95)
	at org.jkiss.dbeaver.ext.oracle.OracleDataSourceProvider.openDataSource(OracleDataSourceProvider.java:143)
	at org.jkiss.dbeaver.registry.DataSourceDescriptor.openDataSource(DataSourceDescriptor.java:1406)
	at org.jkiss.dbeaver.registry.DataSourceDescriptor.connect0(DataSourceDescriptor.java:1276)
	at org.jkiss.dbeaver.registry.DataSourceDescriptor.connect(DataSourceDescriptor.java:1061)
	at org.jkiss.dbeaver.runtime.jobs.ConnectJob.run(ConnectJob.java:78)
	at org.jkiss.dbeaver.runtime.jobs.ConnectJob.runSync(ConnectJob.java:109)
	at org.jkiss.dbeaver.ui.actions.datasource.DataSourceHandler.connectToDataSource(DataSourceHandler.java:122)
	at org.jkiss.dbeaver.ui.actions.datasource.UIServiceConnectionsImpl.initConnection(UIServiceConnectionsImpl.java:87)
	at org.jkiss.dbeaver.model.DBUtils.initDataSource(DBUtils.java:2414)
	at org.jkiss.dbeaver.model.navigator.DBNDataSource.initializeNode(DBNDataSource.java:159)
	at org.jkiss.dbeaver.model.navigator.DBNDatabaseNode.getChildren(DBNDatabaseNode.java:226)
	at org.jkiss.dbeaver.model.navigator.DBNDatabaseNode.getChildren(DBNDatabaseNode.java:1)
	at org.jkiss.dbeaver.model.navigator.DBNUtils.getNodeChildrenFiltered(DBNUtils.java:92)
	at org.jkiss.dbeaver.ui.navigator.database.load.TreeLoadService.evaluate(TreeLoadService.java:49)
	at org.jkiss.dbeaver.ui.navigator.database.load.TreeLoadService.evaluate(TreeLoadService.java:1)
	at org.jkiss.dbeaver.ui.LoadingJob.run(LoadingJob.java:88)
	at org.jkiss.dbeaver.model.runtime.AbstractJob.run(AbstractJob.java:117)
	at org.eclipse.core.internal.jobs.Worker.run(Worker.java:63)

!ENTRY org.jkiss.dbeaver.model 4 0 2024-09-12 09:21:37.404
!MESSAGE SQL Error [1031] [42000]: ORA-01031: 권한이 불충분합니다


Error position: line: 1
!SUBENTRY 1 org.jkiss.dbeaver.model 4 0 2024-09-12 09:21:37.404
!MESSAGE SQL Error [1031] [42000]: ORA-01031: 권한이 불충분합니다

!SUBENTRY 2 org.jkiss.dbeaver.model 4 0 2024-09-12 09:21:37.404
!MESSAGE Error : 1031, Position : 0, Sql = CREATE TABLE board(
	bno number(8) PRIMARY KEY,
	name varchar2(20) NOT NULL,
	password varchar2(20) NOT NULL,
	title varchar2(20) NOT NULL,
	content varchar2(20) NOT NULL,
	readcnt number(8) DEFAULT 0,
	regdate DATE DEFAULT sysdate
), OriginalSql = CREATE TABLE board(
	bno number(8) PRIMARY KEY,
	name varchar2(20) NOT NULL,
	password varchar2(20) NOT NULL,
	title varchar2(20) NOT NULL,
	content varchar2(20) NOT NULL,
	readcnt number(8) DEFAULT 0,
	regdate DATE DEFAULT sysdate
), Error Msg = ORA-01031: 권한이 불충분합니다

!STACK 0
Error : 1031, Position : 0, Sql = CREATE TABLE board(
	bno number(8) PRIMARY KEY,
	name varchar2(20) NOT NULL,
	password varchar2(20) NOT NULL,
	title varchar2(20) NOT NULL,
	content varchar2(20) NOT NULL,
	readcnt number(8) DEFAULT 0,
	regdate DATE DEFAULT sysdate
), OriginalSql = CREATE TABLE board(
	bno number(8) PRIMARY KEY,
	name varchar2(20) NOT NULL,
	password varchar2(20) NOT NULL,
	title varchar2(20) NOT NULL,
	content varchar2(20) NOT NULL,
	readcnt number(8) DEFAULT 0,
	regdate DATE DEFAULT sysdate
), Error Msg = ORA-01031: 권한이 불충분합니다

	at oracle.jdbc.driver.T4CTTIoer11.processError(T4CTTIoer11.java:637)
	at oracle.jdbc.driver.T4CTTIoer11.processError(T4CTTIoer11.java:564)
	at oracle.jdbc.driver.T4C8Oall.processError(T4C8Oall.java:1231)
	at oracle.jdbc.driver.T4CTTIfun.receive(T4CTTIfun.java:772)
	at oracle.jdbc.driver.T4CTTIfun.doRPC(T4CTTIfun.java:299)
	at oracle.jdbc.driver.T4C8Oall.doOALL(T4C8Oall.java:512)
	at oracle.jdbc.driver.T4CStatement.doOall8(T4CStatement.java:123)
	at oracle.jdbc.driver.T4CStatement.executeForRows(T4CStatement.java:1200)
	at oracle.jdbc.driver.OracleStatement.executeSQLStatement(OracleStatement.java:1820)
	at oracle.jdbc.driver.OracleStatement.doExecuteWithTimeout(OracleStatement.java:1472)
	at oracle.jdbc.driver.OracleStatement.executeInternal(OracleStatement.java:2505)
	at oracle.jdbc.driver.OracleStatement.execute(OracleStatement.java:2460)
	at oracle.jdbc.driver.OracleStatementWrapper.execute(OracleStatementWrapper.java:328)
	at org.jkiss.dbeaver.model.impl.jdbc.exec.JDBCStatementImpl.execute(JDBCStatementImpl.java:332)
	at org.jkiss.dbeaver.model.impl.jdbc.exec.JDBCStatementImpl.executeStatement(JDBCStatementImpl.java:131)
	at org.jkiss.dbeaver.ui.editors.sql.execute.SQLQueryJob.executeStatement(SQLQueryJob.java:631)
	at org.jkiss.dbeaver.ui.editors.sql.execute.SQLQueryJob.lambda$2(SQLQueryJob.java:522)
	at org.jkiss.dbeaver.model.exec.DBExecUtils.tryExecuteRecover(DBExecUtils.java:192)
	at org.jkiss.dbeaver.ui.editors.sql.execute.SQLQueryJob.executeSingleQuery(SQLQueryJob.java:541)
	at org.jkiss.dbeaver.ui.editors.sql.execute.SQLQueryJob.extractData(SQLQueryJob.java:1001)
	at org.jkiss.dbeaver.ui.editors.sql.SQLEditor$QueryResultsContainer.readData(SQLEditor.java:4231)
	at org.jkiss.dbeaver.ui.controls.resultset.ResultSetJobDataRead.lambda$0(ResultSetJobDataRead.java:128)
	at org.jkiss.dbeaver.model.exec.DBExecUtils.tryExecuteRecover(DBExecUtils.java:192)
	at org.jkiss.dbeaver.ui.controls.resultset.ResultSetJobDataRead.run(ResultSetJobDataRead.java:126)
	at org.jkiss.dbeaver.ui.controls.resultset.ResultSetViewer$ResultSetDataPumpJob.run(ResultSetViewer.java:5160)
	at org.jkiss.dbeaver.model.runtime.AbstractJob.run(AbstractJob.java:117)
	at org.eclipse.core.internal.jobs.Worker.run(Worker.java:63)

!ENTRY org.eclipse.ui 4 0 2024-09-12 09:21:47.830
!MESSAGE Unhandled event loop exception
!STACK 0
java.lang.IllegalArgumentException: org.eclipse.jface.text.BadLocationException: -1
	at org.eclipse.jface.text.source.projection.ProjectionViewer.lambda$0(ProjectionViewer.java:897)
	at org.eclipse.swt.widgets.RunnableLock.run(RunnableLock.java:40)
	at org.eclipse.swt.widgets.Synchronizer.runAsyncMessages(Synchronizer.java:132)
	at org.eclipse.swt.widgets.Display.runAsyncMessages(Display.java:4058)
	at org.eclipse.swt.widgets.Display.readAndDispatch(Display.java:3676)
	at org.eclipse.e4.ui.internal.workbench.swt.PartRenderingEngine$5.run(PartRenderingEngine.java:1151)
	at org.eclipse.core.databinding.observable.Realm.runWithDefault(Realm.java:339)
	at org.eclipse.e4.ui.internal.workbench.swt.PartRenderingEngine.run(PartRenderingEngine.java:1042)
	at org.eclipse.e4.ui.internal.workbench.E4Workbench.createAndRunUI(E4Workbench.java:152)
	at org.eclipse.ui.internal.Workbench.lambda$3(Workbench.java:639)
	at org.eclipse.core.databinding.observable.Realm.runWithDefault(Realm.java:339)
	at org.eclipse.ui.internal.Workbench.createAndRunWorkbench(Workbench.java:546)
	at org.eclipse.ui.PlatformUI.createAndRunWorkbench(PlatformUI.java:173)
	at org.jkiss.dbeaver.ui.app.standalone.DBeaverApplication.start(DBeaverApplication.java:292)
	at org.eclipse.equinox.internal.app.EclipseAppHandle.run(EclipseAppHandle.java:208)
	at org.eclipse.core.runtime.internal.adaptor.EclipseAppLauncher.runApplication(EclipseAppLauncher.java:143)
	at org.eclipse.core.runtime.internal.adaptor.EclipseAppLauncher.start(EclipseAppLauncher.java:109)
	at org.eclipse.core.runtime.adaptor.EclipseStarter.run(EclipseStarter.java:439)
	at org.eclipse.core.runtime.adaptor.EclipseStarter.run(EclipseStarter.java:271)
	at java.base/jdk.internal.reflect.NativeMethodAccessorImpl.invoke0(Native Method)
	at java.base/jdk.internal.reflect.NativeMethodAccessorImpl.invoke(Unknown Source)
	at java.base/jdk.internal.reflect.DelegatingMethodAccessorImpl.invoke(Unknown Source)
	at java.base/java.lang.reflect.Method.invoke(Unknown Source)
	at org.jkiss.dbeaver.launcher.DBeaverLauncher.invokeFramework(DBeaverLauncher.java:648)
	at org.jkiss.dbeaver.launcher.DBeaverLauncher.basicRun(DBeaverLauncher.java:608)
	at org.jkiss.dbeaver.launcher.DBeaverLauncher.run(DBeaverLauncher.java:1459)
Caused by: org.eclipse.jface.text.BadLocationException: -1
	at org.eclipse.jface.text.TreeLineTracker.getLineInformationOfOffset(TreeLineTracker.java:1124)
	at org.eclipse.jface.text.AbstractLineTracker.getLineInformationOfOffset(AbstractLineTracker.java:234)
	at org.eclipse.jface.text.AbstractDocument.getLineInformationOfOffset(AbstractDocument.java:878)
	at org.eclipse.core.internal.filebuffers.SynchronizableDocument.getLineInformationOfOffset(SynchronizableDocument.java:301)
	at org.eclipse.jface.text.source.projection.ProjectionViewer.toLineStart(ProjectionViewer.java:678)
	at org.eclipse.jface.text.source.projection.ProjectionViewer.addMasterDocumentRange(ProjectionViewer.java:625)
	at org.eclipse.jface.text.source.projection.ProjectionViewer.reinitializeProjection(ProjectionViewer.java:1198)
	at org.eclipse.jface.text.source.projection.ProjectionViewer.catchupWithProjectionAnnotationModel(ProjectionViewer.java:937)
	at org.eclipse.jface.text.source.projection.ProjectionViewer.lambda$0(ProjectionViewer.java:895)
	... 25 more

!ENTRY org.jkiss.dbeaver.model 4 0 2024-09-12 09:21:47.839
!MESSAGE Event loop exception
!SUBENTRY 1 org.jkiss.dbeaver.model 4 0 2024-09-12 09:21:47.839
!MESSAGE org.eclipse.jface.text.BadLocationException: -1
!SUBENTRY 2 org.jkiss.dbeaver.model 4 0 2024-09-12 09:21:47.839
!MESSAGE -1
!STACK 0
org.eclipse.jface.text.BadLocationException: -1
	at org.eclipse.jface.text.TreeLineTracker.getLineInformationOfOffset(TreeLineTracker.java:1124)
	at org.eclipse.jface.text.AbstractLineTracker.getLineInformationOfOffset(AbstractLineTracker.java:234)
	at org.eclipse.jface.text.AbstractDocument.getLineInformationOfOffset(AbstractDocument.java:878)
	at org.eclipse.core.internal.filebuffers.SynchronizableDocument.getLineInformationOfOffset(SynchronizableDocument.java:301)
	at org.eclipse.jface.text.source.projection.ProjectionViewer.toLineStart(ProjectionViewer.java:678)
	at org.eclipse.jface.text.source.projection.ProjectionViewer.addMasterDocumentRange(ProjectionViewer.java:625)
	at org.eclipse.jface.text.source.projection.ProjectionViewer.reinitializeProjection(ProjectionViewer.java:1198)
	at org.eclipse.jface.text.source.projection.ProjectionViewer.catchupWithProjectionAnnotationModel(ProjectionViewer.java:937)
	at org.eclipse.jface.text.source.projection.ProjectionViewer.lambda$0(ProjectionViewer.java:895)
	at org.eclipse.swt.widgets.RunnableLock.run(RunnableLock.java:40)
	at org.eclipse.swt.widgets.Synchronizer.runAsyncMessages(Synchronizer.java:132)
	at org.eclipse.swt.widgets.Display.runAsyncMessages(Display.java:4058)
	at org.eclipse.swt.widgets.Display.readAndDispatch(Display.java:3676)
	at org.eclipse.e4.ui.internal.workbench.swt.PartRenderingEngine$5.run(PartRenderingEngine.java:1151)
	at org.eclipse.core.databinding.observable.Realm.runWithDefault(Realm.java:339)
	at org.eclipse.e4.ui.internal.workbench.swt.PartRenderingEngine.run(PartRenderingEngine.java:1042)
	at org.eclipse.e4.ui.internal.workbench.E4Workbench.createAndRunUI(E4Workbench.java:152)
	at org.eclipse.ui.internal.Workbench.lambda$3(Workbench.java:639)
	at org.eclipse.core.databinding.observable.Realm.runWithDefault(Realm.java:339)
	at org.eclipse.ui.internal.Workbench.createAndRunWorkbench(Workbench.java:546)
	at org.eclipse.ui.PlatformUI.createAndRunWorkbench(PlatformUI.java:173)
	at org.jkiss.dbeaver.ui.app.standalone.DBeaverApplication.start(DBeaverApplication.java:292)
	at org.eclipse.equinox.internal.app.EclipseAppHandle.run(EclipseAppHandle.java:208)
	at org.eclipse.core.runtime.internal.adaptor.EclipseAppLauncher.runApplication(EclipseAppLauncher.java:143)
	at org.eclipse.core.runtime.internal.adaptor.EclipseAppLauncher.start(EclipseAppLauncher.java:109)
	at org.eclipse.core.runtime.adaptor.EclipseStarter.run(EclipseStarter.java:439)
	at org.eclipse.core.runtime.adaptor.EclipseStarter.run(EclipseStarter.java:271)
	at java.base/jdk.internal.reflect.NativeMethodAccessorImpl.invoke0(Native Method)
	at java.base/jdk.internal.reflect.NativeMethodAccessorImpl.invoke(Unknown Source)
	at java.base/jdk.internal.reflect.DelegatingMethodAccessorImpl.invoke(Unknown Source)
	at java.base/java.lang.reflect.Method.invoke(Unknown Source)
	at org.jkiss.dbeaver.launcher.DBeaverLauncher.invokeFramework(DBeaverLauncher.java:648)
	at org.jkiss.dbeaver.launcher.DBeaverLauncher.basicRun(DBeaverLauncher.java:608)
	at org.jkiss.dbeaver.launcher.DBeaverLauncher.run(DBeaverLauncher.java:1459)
!SESSION 2024-09-12 09:38:37.165 -----------------------------------------------
eclipse.buildId=unknown
java.version=17.0.6
java.vendor=Eclipse Adoptium
BootLoader constants: OS=win32, ARCH=x86_64, WS=win32, NL=ko
Framework arguments:  -eclipse.keyring C:\Users\soldesk\AppData\Roaming\DBeaverData\secure\secure_storage
Command-line arguments:  -os win32 -ws win32 -arch x86_64

!ENTRY org.eclipse.ui 2 2 2024-09-12 09:38:42.115
!MESSAGE Invalid preference category path: org.eclipse.debug.ui.ConsolePreferencePage (bundle: org.eclipse.ui.console, page: org.eclipse.ui.internal.console.ansi.preferences.AnsiConsolePreferencePage)
!SESSION 2024-09-12 12:36:51.769 -----------------------------------------------
eclipse.buildId=unknown
java.version=17.0.6
java.vendor=Eclipse Adoptium
BootLoader constants: OS=win32, ARCH=x86_64, WS=win32, NL=ko
Framework arguments:  -eclipse.keyring C:\Users\soldesk\AppData\Roaming\DBeaverData\secure\secure_storage
Command-line arguments:  -os win32 -ws win32 -arch x86_64

!ENTRY org.eclipse.ui 2 2 2024-09-12 12:37:08.870
!MESSAGE Invalid preference category path: org.eclipse.debug.ui.ConsolePreferencePage (bundle: org.eclipse.ui.console, page: org.eclipse.ui.internal.console.ansi.preferences.AnsiConsolePreferencePage)
!SESSION 2024-09-12 15:58:57.152 -----------------------------------------------
eclipse.buildId=unknown
java.version=17.0.6
java.vendor=Eclipse Adoptium
BootLoader constants: OS=win32, ARCH=x86_64, WS=win32, NL=ko
Framework arguments:  -eclipse.keyring C:\Users\soldesk\AppData\Roaming\DBeaverData\secure\secure_storage
Command-line arguments:  -os win32 -ws win32 -arch x86_64

!ENTRY org.eclipse.ui 2 2 2024-09-12 15:59:02.432
!MESSAGE Invalid preference category path: org.eclipse.debug.ui.ConsolePreferencePage (bundle: org.eclipse.ui.console, page: org.eclipse.ui.internal.console.ansi.preferences.AnsiConsolePreferencePage)
!SESSION 2024-09-13 14:30:54.604 -----------------------------------------------
eclipse.buildId=unknown
java.version=17.0.6
java.vendor=Eclipse Adoptium
BootLoader constants: OS=win32, ARCH=x86_64, WS=win32, NL=ko
Framework arguments:  -eclipse.keyring C:\Users\soldesk\AppData\Roaming\DBeaverData\secure\secure_storage
Command-line arguments:  -os win32 -ws win32 -arch x86_64

!ENTRY org.eclipse.ui 2 2 2024-09-13 14:31:12.345
!MESSAGE Invalid preference category path: org.eclipse.debug.ui.ConsolePreferencePage (bundle: org.eclipse.ui.console, page: org.eclipse.ui.internal.console.ansi.preferences.AnsiConsolePreferencePage)

!ENTRY org.jkiss.dbeaver.model 4 0 2024-09-13 14:34:57.687
!MESSAGE ORA-01017: 사용자명/비밀번호가 부적합, 로그온할 수 없습니다.

!STACK 0
java.sql.SQLException: ORA-01017: 사용자명/비밀번호가 부적합, 로그온할 수 없습니다.

	at oracle.jdbc.driver.T4CTTIoer11.processError(T4CTTIoer11.java:630)
	at oracle.jdbc.driver.T4CTTIoer11.processError(T4CTTIoer11.java:559)
	at oracle.jdbc.driver.T4CTTIoer11.processError(T4CTTIoer11.java:554)
	at oracle.jdbc.driver.T4CTTIfun.processError(T4CTTIfun.java:1377)
	at oracle.jdbc.driver.T4CTTIoauthenticate.processError(T4CTTIoauthenticate.java:700)
	at oracle.jdbc.driver.T4CTTIfun.receive(T4CTTIfun.java:772)
	at oracle.jdbc.driver.T4CTTIfun.doRPC(T4CTTIfun.java:299)
	at oracle.jdbc.driver.T4CTTIoauthenticate.doOAUTH(T4CTTIoauthenticate.java:390)
	at oracle.jdbc.driver.T4CTTIoauthenticate.doOAUTHWithO5Logon(T4CTTIoauthenticate.java:1471)
	at oracle.jdbc.driver.T4CTTIoauthenticate.doOAUTH(T4CTTIoauthenticate.java:1220)
	at oracle.jdbc.driver.T4CTTIoauthenticate.doOAUTH(T4CTTIoauthenticate.java:1174)
	at oracle.jdbc.driver.T4CConnection.authenticateUserForLogon(T4CConnection.java:1042)
	at oracle.jdbc.driver.T4CConnection.logon(T4CConnection.java:658)
	at oracle.jdbc.driver.PhysicalConnection.connect(PhysicalConnection.java:1086)
	at oracle.jdbc.driver.T4CDriverExtension.getConnection(T4CDriverExtension.java:90)
	at oracle.jdbc.driver.OracleDriver.connect(OracleDriver.java:728)
	at oracle.jdbc.driver.OracleDriver.connect(OracleDriver.java:649)
	at org.jkiss.dbeaver.model.impl.jdbc.JDBCConnectionOpener.run(JDBCConnectionOpener.java:109)
	at org.jkiss.dbeaver.model.impl.jdbc.JDBCConnectionOpener.run(JDBCConnectionOpener.java:83)
	at org.jkiss.dbeaver.model.impl.jdbc.JDBCDataSource.openConnection(JDBCDataSource.java:223)
	at org.jkiss.dbeaver.ext.oracle.model.OracleDataSource.openConnection(OracleDataSource.java:177)
	at org.jkiss.dbeaver.model.impl.jdbc.JDBCExecutionContext.connect(JDBCExecutionContext.java:119)
	at org.jkiss.dbeaver.model.impl.jdbc.JDBCRemoteInstance.initializeMainContext(JDBCRemoteInstance.java:102)
	at org.jkiss.dbeaver.model.impl.jdbc.JDBCRemoteInstance.<init>(JDBCRemoteInstance.java:61)
	at org.jkiss.dbeaver.model.impl.jdbc.JDBCDataSource.initializeRemoteInstance(JDBCDataSource.java:121)
	at org.jkiss.dbeaver.model.impl.jdbc.JDBCDataSource.<init>(JDBCDataSource.java:105)
	at org.jkiss.dbeaver.model.impl.jdbc.JDBCDataSource.<init>(JDBCDataSource.java:96)
	at org.jkiss.dbeaver.ext.oracle.model.OracleDataSource.<init>(OracleDataSource.java:95)
	at org.jkiss.dbeaver.ext.oracle.OracleDataSourceProvider.openDataSource(OracleDataSourceProvider.java:143)
	at org.jkiss.dbeaver.registry.DataSourceDescriptor.openDataSource(DataSourceDescriptor.java:1406)
	at org.jkiss.dbeaver.registry.DataSourceDescriptor.connect0(DataSourceDescriptor.java:1276)
	at org.jkiss.dbeaver.registry.DataSourceDescriptor.connect(DataSourceDescriptor.java:1061)
	at org.jkiss.dbeaver.runtime.jobs.ConnectJob.run(ConnectJob.java:78)
	at org.jkiss.dbeaver.runtime.jobs.ConnectionTestJob.run(ConnectionTestJob.java:103)
	at org.jkiss.dbeaver.model.runtime.AbstractJob.run(AbstractJob.java:117)
	at org.eclipse.core.internal.jobs.Worker.run(Worker.java:63)

!ENTRY org.jkiss.dbeaver.model 4 0 2024-09-13 14:35:16.365
!MESSAGE ORA-01017: 사용자명/비밀번호가 부적합, 로그온할 수 없습니다.

!STACK 0
java.sql.SQLException: ORA-01017: 사용자명/비밀번호가 부적합, 로그온할 수 없습니다.

	at oracle.jdbc.driver.T4CTTIoer11.processError(T4CTTIoer11.java:630)
	at oracle.jdbc.driver.T4CTTIoer11.processError(T4CTTIoer11.java:559)
	at oracle.jdbc.driver.T4CTTIoer11.processError(T4CTTIoer11.java:554)
	at oracle.jdbc.driver.T4CTTIfun.processError(T4CTTIfun.java:1377)
	at oracle.jdbc.driver.T4CTTIoauthenticate.processError(T4CTTIoauthenticate.java:700)
	at oracle.jdbc.driver.T4CTTIfun.receive(T4CTTIfun.java:772)
	at oracle.jdbc.driver.T4CTTIfun.doRPC(T4CTTIfun.java:299)
	at oracle.jdbc.driver.T4CTTIoauthenticate.doOAUTH(T4CTTIoauthenticate.java:390)
	at oracle.jdbc.driver.T4CTTIoauthenticate.doOAUTHWithO5Logon(T4CTTIoauthenticate.java:1471)
	at oracle.jdbc.driver.T4CTTIoauthenticate.doOAUTH(T4CTTIoauthenticate.java:1220)
	at oracle.jdbc.driver.T4CTTIoauthenticate.doOAUTH(T4CTTIoauthenticate.java:1174)
	at oracle.jdbc.driver.T4CConnection.authenticateUserForLogon(T4CConnection.java:1042)
	at oracle.jdbc.driver.T4CConnection.logon(T4CConnection.java:658)
	at oracle.jdbc.driver.PhysicalConnection.connect(PhysicalConnection.java:1086)
	at oracle.jdbc.driver.T4CDriverExtension.getConnection(T4CDriverExtension.java:90)
	at oracle.jdbc.driver.OracleDriver.connect(OracleDriver.java:728)
	at oracle.jdbc.driver.OracleDriver.connect(OracleDriver.java:649)
	at org.jkiss.dbeaver.model.impl.jdbc.JDBCConnectionOpener.run(JDBCConnectionOpener.java:109)
	at org.jkiss.dbeaver.model.impl.jdbc.JDBCConnectionOpener.run(JDBCConnectionOpener.java:83)
	at org.jkiss.dbeaver.model.impl.jdbc.JDBCDataSource.openConnection(JDBCDataSource.java:223)
	at org.jkiss.dbeaver.ext.oracle.model.OracleDataSource.openConnection(OracleDataSource.java:177)
	at org.jkiss.dbeaver.model.impl.jdbc.JDBCExecutionContext.connect(JDBCExecutionContext.java:119)
	at org.jkiss.dbeaver.model.impl.jdbc.JDBCRemoteInstance.initializeMainContext(JDBCRemoteInstance.java:102)
	at org.jkiss.dbeaver.model.impl.jdbc.JDBCRemoteInstance.<init>(JDBCRemoteInstance.java:61)
	at org.jkiss.dbeaver.model.impl.jdbc.JDBCDataSource.initializeRemoteInstance(JDBCDataSource.java:121)
	at org.jkiss.dbeaver.model.impl.jdbc.JDBCDataSource.<init>(JDBCDataSource.java:105)
	at org.jkiss.dbeaver.model.impl.jdbc.JDBCDataSource.<init>(JDBCDataSource.java:96)
	at org.jkiss.dbeaver.ext.oracle.model.OracleDataSource.<init>(OracleDataSource.java:95)
	at org.jkiss.dbeaver.ext.oracle.OracleDataSourceProvider.openDataSource(OracleDataSourceProvider.java:143)
	at org.jkiss.dbeaver.registry.DataSourceDescriptor.openDataSource(DataSourceDescriptor.java:1406)
	at org.jkiss.dbeaver.registry.DataSourceDescriptor.connect0(DataSourceDescriptor.java:1276)
	at org.jkiss.dbeaver.registry.DataSourceDescriptor.connect(DataSourceDescriptor.java:1061)
	at org.jkiss.dbeaver.runtime.jobs.ConnectJob.run(ConnectJob.java:78)
	at org.jkiss.dbeaver.runtime.jobs.ConnectionTestJob.run(ConnectionTestJob.java:103)
	at org.jkiss.dbeaver.model.runtime.AbstractJob.run(AbstractJob.java:117)
	at org.eclipse.core.internal.jobs.Worker.run(Worker.java:63)

!ENTRY org.jkiss.dbeaver.model 4 0 2024-09-13 14:37:13.512
!MESSAGE SQL Error [942] [42000]: ORA-00942: 테이블 또는 뷰가 존재하지 않습니다

!SUBENTRY 1 org.jkiss.dbeaver.model 4 0 2024-09-13 14:37:13.512
!MESSAGE Error : 942, Position : 0, Sql = ALTER TABLE hotIce
  ADD CONSTRAINT FK_menu_TO_hotIce
    FOREIGN KEY (menuNo)
    REFERENCES menu (menuNo), OriginalSql = ALTER TABLE hotIce
  ADD CONSTRAINT FK_menu_TO_hotIce
    FOREIGN KEY (menuNo)
    REFERENCES menu (menuNo), Error Msg = ORA-00942: 테이블 또는 뷰가 존재하지 않습니다

!STACK 0
Error : 942, Position : 0, Sql = ALTER TABLE hotIce
  ADD CONSTRAINT FK_menu_TO_hotIce
    FOREIGN KEY (menuNo)
    REFERENCES menu (menuNo), OriginalSql = ALTER TABLE hotIce
  ADD CONSTRAINT FK_menu_TO_hotIce
    FOREIGN KEY (menuNo)
    REFERENCES menu (menuNo), Error Msg = ORA-00942: 테이블 또는 뷰가 존재하지 않습니다

	at oracle.jdbc.driver.T4CTTIoer11.processError(T4CTTIoer11.java:637)
	at oracle.jdbc.driver.T4CTTIoer11.processError(T4CTTIoer11.java:564)
	at oracle.jdbc.driver.T4C8Oall.processError(T4C8Oall.java:1231)
	at oracle.jdbc.driver.T4CTTIfun.receive(T4CTTIfun.java:772)
	at oracle.jdbc.driver.T4CTTIfun.doRPC(T4CTTIfun.java:299)
	at oracle.jdbc.driver.T4C8Oall.doOALL(T4C8Oall.java:512)
	at oracle.jdbc.driver.T4CStatement.doOall8(T4CStatement.java:123)
	at oracle.jdbc.driver.T4CStatement.executeForRows(T4CStatement.java:1200)
	at oracle.jdbc.driver.OracleStatement.executeSQLStatement(OracleStatement.java:1820)
	at oracle.jdbc.driver.OracleStatement.doExecuteWithTimeout(OracleStatement.java:1472)
	at oracle.jdbc.driver.OracleStatement.executeInternal(OracleStatement.java:2505)
	at oracle.jdbc.driver.OracleStatement.execute(OracleStatement.java:2460)
	at oracle.jdbc.driver.OracleStatementWrapper.execute(OracleStatementWrapper.java:328)
	at org.jkiss.dbeaver.model.impl.jdbc.exec.JDBCStatementImpl.execute(JDBCStatementImpl.java:332)
	at org.jkiss.dbeaver.model.impl.jdbc.exec.JDBCStatementImpl.executeStatement(JDBCStatementImpl.java:131)
	at org.jkiss.dbeaver.ui.editors.sql.execute.SQLQueryJob.executeStatement(SQLQueryJob.java:631)
	at org.jkiss.dbeaver.ui.editors.sql.execute.SQLQueryJob.lambda$2(SQLQueryJob.java:522)
	at org.jkiss.dbeaver.model.exec.DBExecUtils.tryExecuteRecover(DBExecUtils.java:192)
	at org.jkiss.dbeaver.ui.editors.sql.execute.SQLQueryJob.executeSingleQuery(SQLQueryJob.java:541)
	at org.jkiss.dbeaver.ui.editors.sql.execute.SQLQueryJob.extractData(SQLQueryJob.java:1001)
	at org.jkiss.dbeaver.ui.editors.sql.SQLEditor$QueryResultsContainer.readData(SQLEditor.java:4231)
	at org.jkiss.dbeaver.ui.controls.resultset.ResultSetJobDataRead.lambda$0(ResultSetJobDataRead.java:128)
	at org.jkiss.dbeaver.model.exec.DBExecUtils.tryExecuteRecover(DBExecUtils.java:192)
	at org.jkiss.dbeaver.ui.controls.resultset.ResultSetJobDataRead.run(ResultSetJobDataRead.java:126)
	at org.jkiss.dbeaver.ui.controls.resultset.ResultSetViewer$ResultSetDataPumpJob.run(ResultSetViewer.java:5160)
	at org.jkiss.dbeaver.model.runtime.AbstractJob.run(AbstractJob.java:117)
	at org.eclipse.core.internal.jobs.Worker.run(Worker.java:63)

!ENTRY org.jkiss.dbeaver.model 4 0 2024-09-13 14:37:31.524
!MESSAGE SQL Error [906] [42000]: ORA-00906: 누락된 좌괄호

!SUBENTRY 1 org.jkiss.dbeaver.model 4 0 2024-09-13 14:37:31.524
!MESSAGE Error : 906, Position : 17, Sql = CREATE TABLE cafe, OriginalSql = CREATE TABLE cafe, Error Msg = ORA-00906: 누락된 좌괄호

!STACK 0
Error : 906, Position : 17, Sql = CREATE TABLE cafe, OriginalSql = CREATE TABLE cafe, Error Msg = ORA-00906: 누락된 좌괄호

	at oracle.jdbc.driver.T4CTTIoer11.processError(T4CTTIoer11.java:637)
	at oracle.jdbc.driver.T4CTTIoer11.processError(T4CTTIoer11.java:564)
	at oracle.jdbc.driver.T4C8Oall.processError(T4C8Oall.java:1231)
	at oracle.jdbc.driver.T4CTTIfun.receive(T4CTTIfun.java:772)
	at oracle.jdbc.driver.T4CTTIfun.doRPC(T4CTTIfun.java:299)
	at oracle.jdbc.driver.T4C8Oall.doOALL(T4C8Oall.java:512)
	at oracle.jdbc.driver.T4CStatement.doOall8(T4CStatement.java:123)
	at oracle.jdbc.driver.T4CStatement.executeForRows(T4CStatement.java:1200)
	at oracle.jdbc.driver.OracleStatement.executeSQLStatement(OracleStatement.java:1820)
	at oracle.jdbc.driver.OracleStatement.doExecuteWithTimeout(OracleStatement.java:1472)
	at oracle.jdbc.driver.OracleStatement.executeInternal(OracleStatement.java:2505)
	at oracle.jdbc.driver.OracleStatement.execute(OracleStatement.java:2460)
	at oracle.jdbc.driver.OracleStatementWrapper.execute(OracleStatementWrapper.java:328)
	at org.jkiss.dbeaver.model.impl.jdbc.exec.JDBCStatementImpl.execute(JDBCStatementImpl.java:332)
	at org.jkiss.dbeaver.model.impl.jdbc.exec.JDBCStatementImpl.executeStatement(JDBCStatementImpl.java:131)
	at org.jkiss.dbeaver.ui.editors.sql.execute.SQLQueryJob.executeStatement(SQLQueryJob.java:631)
	at org.jkiss.dbeaver.ui.editors.sql.execute.SQLQueryJob.lambda$2(SQLQueryJob.java:522)
	at org.jkiss.dbeaver.model.exec.DBExecUtils.tryExecuteRecover(DBExecUtils.java:192)
	at org.jkiss.dbeaver.ui.editors.sql.execute.SQLQueryJob.executeSingleQuery(SQLQueryJob.java:541)
	at org.jkiss.dbeaver.ui.editors.sql.execute.SQLQueryJob.extractData(SQLQueryJob.java:1001)
	at org.jkiss.dbeaver.ui.editors.sql.SQLEditor$QueryResultsContainer.readData(SQLEditor.java:4231)
	at org.jkiss.dbeaver.ui.controls.resultset.ResultSetJobDataRead.lambda$0(ResultSetJobDataRead.java:128)
	at org.jkiss.dbeaver.model.exec.DBExecUtils.tryExecuteRecover(DBExecUtils.java:192)
	at org.jkiss.dbeaver.ui.controls.resultset.ResultSetJobDataRead.run(ResultSetJobDataRead.java:126)
	at org.jkiss.dbeaver.ui.controls.resultset.ResultSetViewer$ResultSetDataPumpJob.run(ResultSetViewer.java:5160)
	at org.jkiss.dbeaver.model.runtime.AbstractJob.run(AbstractJob.java:117)
	at org.eclipse.core.internal.jobs.Worker.run(Worker.java:63)

!ENTRY org.jkiss.dbeaver.model 4 0 2024-09-13 14:37:35.891
!MESSAGE SQL Error [906] [42000]: ORA-00906: 누락된 좌괄호

!SUBENTRY 1 org.jkiss.dbeaver.model 4 0 2024-09-13 14:37:35.891
!MESSAGE Error : 906, Position : 44, Sql = CREATE TABLE cafe
(
  cafeCode  NVARCHAR2 NOT NULL,
  name      NVARCHAR2 NOT NULL,
  president VARCHAR2  NOT NULL,
  tel       NVARCHAR2 NOT NULL,
  loc       NVARCHAR2 NOT NULL,
  CONSTRAINT PK_cafe PRIMARY KEY (cafeCode)
), OriginalSql = CREATE TABLE cafe
(
  cafeCode  NVARCHAR2 NOT NULL,
  name      NVARCHAR2 NOT NULL,
  president VARCHAR2  NOT NULL,
  tel       NVARCHAR2 NOT NULL,
  loc       NVARCHAR2 NOT NULL,
  CONSTRAINT PK_cafe PRIMARY KEY (cafeCode)
), Error Msg = ORA-00906: 누락된 좌괄호

!STACK 0
Error : 906, Position : 44, Sql = CREATE TABLE cafe
(
  cafeCode  NVARCHAR2 NOT NULL,
  name      NVARCHAR2 NOT NULL,
  president VARCHAR2  NOT NULL,
  tel       NVARCHAR2 NOT NULL,
  loc       NVARCHAR2 NOT NULL,
  CONSTRAINT PK_cafe PRIMARY KEY (cafeCode)
), OriginalSql = CREATE TABLE cafe
(
  cafeCode  NVARCHAR2 NOT NULL,
  name      NVARCHAR2 NOT NULL,
  president VARCHAR2  NOT NULL,
  tel       NVARCHAR2 NOT NULL,
  loc       NVARCHAR2 NOT NULL,
  CONSTRAINT PK_cafe PRIMARY KEY (cafeCode)
), Error Msg = ORA-00906: 누락된 좌괄호

	at oracle.jdbc.driver.T4CTTIoer11.processError(T4CTTIoer11.java:637)
	at oracle.jdbc.driver.T4CTTIoer11.processError(T4CTTIoer11.java:564)
	at oracle.jdbc.driver.T4C8Oall.processError(T4C8Oall.java:1231)
	at oracle.jdbc.driver.T4CTTIfun.receive(T4CTTIfun.java:772)
	at oracle.jdbc.driver.T4CTTIfun.doRPC(T4CTTIfun.java:299)
	at oracle.jdbc.driver.T4C8Oall.doOALL(T4C8Oall.java:512)
	at oracle.jdbc.driver.T4CStatement.doOall8(T4CStatement.java:123)
	at oracle.jdbc.driver.T4CStatement.executeForRows(T4CStatement.java:1200)
	at oracle.jdbc.driver.OracleStatement.executeSQLStatement(OracleStatement.java:1820)
	at oracle.jdbc.driver.OracleStatement.doExecuteWithTimeout(OracleStatement.java:1472)
	at oracle.jdbc.driver.OracleStatement.executeInternal(OracleStatement.java:2505)
	at oracle.jdbc.driver.OracleStatement.execute(OracleStatement.java:2460)
	at oracle.jdbc.driver.OracleStatementWrapper.execute(OracleStatementWrapper.java:328)
	at org.jkiss.dbeaver.model.impl.jdbc.exec.JDBCStatementImpl.execute(JDBCStatementImpl.java:332)
	at org.jkiss.dbeaver.model.impl.jdbc.exec.JDBCStatementImpl.executeStatement(JDBCStatementImpl.java:131)
	at org.jkiss.dbeaver.ui.editors.sql.execute.SQLQueryJob.executeStatement(SQLQueryJob.java:631)
	at org.jkiss.dbeaver.ui.editors.sql.execute.SQLQueryJob.lambda$2(SQLQueryJob.java:522)
	at org.jkiss.dbeaver.model.exec.DBExecUtils.tryExecuteRecover(DBExecUtils.java:192)
	at org.jkiss.dbeaver.ui.editors.sql.execute.SQLQueryJob.executeSingleQuery(SQLQueryJob.java:541)
	at org.jkiss.dbeaver.ui.editors.sql.execute.SQLQueryJob.extractData(SQLQueryJob.java:1001)
	at org.jkiss.dbeaver.ui.editors.sql.SQLEditor$QueryResultsContainer.readData(SQLEditor.java:4231)
	at org.jkiss.dbeaver.ui.controls.resultset.ResultSetJobDataRead.lambda$0(ResultSetJobDataRead.java:128)
	at org.jkiss.dbeaver.model.exec.DBExecUtils.tryExecuteRecover(DBExecUtils.java:192)
	at org.jkiss.dbeaver.ui.controls.resultset.ResultSetJobDataRead.run(ResultSetJobDataRead.java:126)
	at org.jkiss.dbeaver.ui.controls.resultset.ResultSetViewer$ResultSetDataPumpJob.run(ResultSetViewer.java:5160)
	at org.jkiss.dbeaver.model.runtime.AbstractJob.run(AbstractJob.java:117)
	at org.eclipse.core.internal.jobs.Worker.run(Worker.java:63)
!SESSION 2024-09-13 14:38:30.724 -----------------------------------------------
eclipse.buildId=unknown
java.version=17.0.6
java.vendor=Eclipse Adoptium
BootLoader constants: OS=win32, ARCH=x86_64, WS=win32, NL=ko
Framework arguments:  -eclipse.keyring C:\Users\soldesk\AppData\Roaming\DBeaverData\secure\secure_storage
Command-line arguments:  -os win32 -ws win32 -arch x86_64

!ENTRY org.eclipse.ui 2 2 2024-09-13 14:38:35.928
!MESSAGE Invalid preference category path: org.eclipse.debug.ui.ConsolePreferencePage (bundle: org.eclipse.ui.console, page: org.eclipse.ui.internal.console.ansi.preferences.AnsiConsolePreferencePage)
!SESSION 2024-09-13 14:38:59.373 -----------------------------------------------
eclipse.buildId=unknown
java.version=17.0.6
java.vendor=Eclipse Adoptium
BootLoader constants: OS=win32, ARCH=x86_64, WS=win32, NL=ko
Framework arguments:  -eclipse.keyring C:\Users\soldesk\AppData\Roaming\DBeaverData\secure\secure_storage
Command-line arguments:  -os win32 -ws win32 -arch x86_64

!ENTRY org.eclipse.ui 2 2 2024-09-13 14:39:04.425
!MESSAGE Invalid preference category path: org.eclipse.debug.ui.ConsolePreferencePage (bundle: org.eclipse.ui.console, page: org.eclipse.ui.internal.console.ansi.preferences.AnsiConsolePreferencePage)

!ENTRY org.jkiss.dbeaver.model 2 0 2024-09-13 14:43:40.644
!MESSAGE Error parsing query
!SUBENTRY 1 org.jkiss.dbeaver.model 2 0 2024-09-13 14:43:40.644
!MESSAGE BadLocationException
!STACK 0
org.eclipse.jface.text.BadLocationException
	at org.eclipse.jface.text.AbstractDocument.get(AbstractDocument.java:958)
	at org.eclipse.core.internal.filebuffers.SynchronizableDocument.get(SynchronizableDocument.java:130)
	at org.jkiss.dbeaver.model.sql.parser.SQLScriptParser.parseQueryImpl(SQLScriptParser.java:135)
	at org.jkiss.dbeaver.model.sql.parser.SQLScriptParser.extractScriptQueries(SQLScriptParser.java:943)
	at org.jkiss.dbeaver.ui.editors.sql.SQLEditorBase.extractScriptQueries(SQLEditorBase.java:952)
	at org.jkiss.dbeaver.ui.editors.sql.syntax.SQLReconcilingStrategy.extractQueries(SQLReconcilingStrategy.java:284)
	at org.jkiss.dbeaver.ui.editors.sql.syntax.SQLReconcilingStrategy.reconcile(SQLReconcilingStrategy.java:218)
	at org.jkiss.dbeaver.ui.editors.sql.syntax.SQLReconcilingStrategy.reconcile(SQLReconcilingStrategy.java:100)
	at org.eclipse.jface.text.reconciler.MonoReconciler.process(MonoReconciler.java:74)
	at org.eclipse.jface.text.reconciler.AbstractReconciler$BackgroundThread.run(AbstractReconciler.java:207)

!ENTRY org.jkiss.dbeaver.model 4 0 2024-09-13 14:49:09.513
!MESSAGE SQL Error [906] [42000]: ORA-00906: 누락된 좌괄호

!SUBENTRY 1 org.jkiss.dbeaver.model 4 0 2024-09-13 14:49:09.514
!MESSAGE Error : 906, Position : 44, Sql = CREATE TABLE cafe
(
  cafeCode  NVARCHAR2 NOT NULL,
  name      NVARCHAR2 NOT NULL,
  president VARCHAR2  NOT NULL,
  tel       NVARCHAR2 NOT NULL,
  loc       NVARCHAR2 NOT NULL,
  CONSTRAINT PK_cafe PRIMARY KEY (cafeCode)
);

ALTER TABLE cafe
  ADD CONSTRAINT UQ_cafeCode UNIQUE (cafeCode);

ALTER TABLE cafe
  ADD CONSTRAINT UQ_name UNIQUE (name);

ALTER TABLE cafe
  ADD CONSTRAINT UQ_president UNIQUE (president);

ALTER TABLE cafe
  ADD CONSTRAINT UQ_tel UNIQUE (tel);

ALTER TABLE cafe
  ADD CONSTRAINT UQ_loc UNIQUE (loc), OriginalSql = CREATE TABLE cafe
(
  cafeCode  NVARCHAR2 NOT NULL,
  name      NVARCHAR2 NOT NULL,
  president VARCHAR2  NOT NULL,
  tel       NVARCHAR2 NOT NULL,
  loc       NVARCHAR2 NOT NULL,
  CONSTRAINT PK_cafe PRIMARY KEY (cafeCode)
);

ALTER TABLE cafe
  ADD CONSTRAINT UQ_cafeCode UNIQUE (cafeCode);

ALTER TABLE cafe
  ADD CONSTRAINT UQ_name UNIQUE (name);

ALTER TABLE cafe
  ADD CONSTRAINT UQ_president UNIQUE (president);

ALTER TABLE cafe
  ADD CONSTRAINT UQ_tel UNIQUE (tel);

ALTER TABLE cafe
  ADD CONSTRAINT UQ_loc UNIQUE (loc), Error Msg = ORA-00906: 누락된 좌괄호

!STACK 0
Error : 906, Position : 44, Sql = CREATE TABLE cafe
(
  cafeCode  NVARCHAR2 NOT NULL,
  name      NVARCHAR2 NOT NULL,
  president VARCHAR2  NOT NULL,
  tel       NVARCHAR2 NOT NULL,
  loc       NVARCHAR2 NOT NULL,
  CONSTRAINT PK_cafe PRIMARY KEY (cafeCode)
);

ALTER TABLE cafe
  ADD CONSTRAINT UQ_cafeCode UNIQUE (cafeCode);

ALTER TABLE cafe
  ADD CONSTRAINT UQ_name UNIQUE (name);

ALTER TABLE cafe
  ADD CONSTRAINT UQ_president UNIQUE (president);

ALTER TABLE cafe
  ADD CONSTRAINT UQ_tel UNIQUE (tel);

ALTER TABLE cafe
  ADD CONSTRAINT UQ_loc UNIQUE (loc), OriginalSql = CREATE TABLE cafe
(
  cafeCode  NVARCHAR2 NOT NULL,
  name      NVARCHAR2 NOT NULL,
  president VARCHAR2  NOT NULL,
  tel       NVARCHAR2 NOT NULL,
  loc       NVARCHAR2 NOT NULL,
  CONSTRAINT PK_cafe PRIMARY KEY (cafeCode)
);

ALTER TABLE cafe
  ADD CONSTRAINT UQ_cafeCode UNIQUE (cafeCode);

ALTER TABLE cafe
  ADD CONSTRAINT UQ_name UNIQUE (name);

ALTER TABLE cafe
  ADD CONSTRAINT UQ_president UNIQUE (president);

ALTER TABLE cafe
  ADD CONSTRAINT UQ_tel UNIQUE (tel);

ALTER TABLE cafe
  ADD CONSTRAINT UQ_loc UNIQUE (loc), Error Msg = ORA-00906: 누락된 좌괄호

	at oracle.jdbc.driver.T4CTTIoer11.processError(T4CTTIoer11.java:637)
	at oracle.jdbc.driver.T4CTTIoer11.processError(T4CTTIoer11.java:564)
	at oracle.jdbc.driver.T4C8Oall.processError(T4C8Oall.java:1231)
	at oracle.jdbc.driver.T4CTTIfun.receive(T4CTTIfun.java:772)
	at oracle.jdbc.driver.T4CTTIfun.doRPC(T4CTTIfun.java:299)
	at oracle.jdbc.driver.T4C8Oall.doOALL(T4C8Oall.java:512)
	at oracle.jdbc.driver.T4CStatement.doOall8(T4CStatement.java:123)
	at oracle.jdbc.driver.T4CStatement.executeForRows(T4CStatement.java:1200)
	at oracle.jdbc.driver.OracleStatement.executeSQLStatement(OracleStatement.java:1820)
	at oracle.jdbc.driver.OracleStatement.doExecuteWithTimeout(OracleStatement.java:1472)
	at oracle.jdbc.driver.OracleStatement.executeInternal(OracleStatement.java:2505)
	at oracle.jdbc.driver.OracleStatement.execute(OracleStatement.java:2460)
	at oracle.jdbc.driver.OracleStatementWrapper.execute(OracleStatementWrapper.java:328)
	at org.jkiss.dbeaver.model.impl.jdbc.exec.JDBCStatementImpl.execute(JDBCStatementImpl.java:332)
	at org.jkiss.dbeaver.model.impl.jdbc.exec.JDBCStatementImpl.executeStatement(JDBCStatementImpl.java:131)
	at org.jkiss.dbeaver.ui.editors.sql.execute.SQLQueryJob.executeStatement(SQLQueryJob.java:631)
	at org.jkiss.dbeaver.ui.editors.sql.execute.SQLQueryJob.lambda$2(SQLQueryJob.java:522)
	at org.jkiss.dbeaver.model.exec.DBExecUtils.tryExecuteRecover(DBExecUtils.java:192)
	at org.jkiss.dbeaver.ui.editors.sql.execute.SQLQueryJob.executeSingleQuery(SQLQueryJob.java:541)
	at org.jkiss.dbeaver.ui.editors.sql.execute.SQLQueryJob.extractData(SQLQueryJob.java:1001)
	at org.jkiss.dbeaver.ui.editors.sql.SQLEditor$QueryResultsContainer.readData(SQLEditor.java:4231)
	at org.jkiss.dbeaver.ui.controls.resultset.ResultSetJobDataRead.lambda$0(ResultSetJobDataRead.java:128)
	at org.jkiss.dbeaver.model.exec.DBExecUtils.tryExecuteRecover(DBExecUtils.java:192)
	at org.jkiss.dbeaver.ui.controls.resultset.ResultSetJobDataRead.run(ResultSetJobDataRead.java:126)
	at org.jkiss.dbeaver.ui.controls.resultset.ResultSetViewer$ResultSetDataPumpJob.run(ResultSetViewer.java:5160)
	at org.jkiss.dbeaver.model.runtime.AbstractJob.run(AbstractJob.java:117)
	at org.eclipse.core.internal.jobs.Worker.run(Worker.java:63)

!ENTRY org.jkiss.dbeaver.model 4 0 2024-09-13 14:49:50.394
!MESSAGE SQL Error [906] [42000]: ORA-00906: 누락된 좌괄호

!SUBENTRY 1 org.jkiss.dbeaver.model 4 0 2024-09-13 14:49:50.394
!MESSAGE Error : 906, Position : 44, Sql = CREATE TABLE cafe
(
  cafeCode  NVARCHAR2 NOT NULL,
  name      NVARCHAR2 NOT NULL,
  president VARCHAR2  NOT NULL,
  tel       NVARCHAR2 NOT NULL,
  loc       NVARCHAR2 NOT NULL,
  CONSTRAINT PK_cafe PRIMARY KEY (cafeCode)
);

ALTER TABLE cafe
  ADD CONSTRAINT UQ_name UNIQUE (name);

ALTER TABLE cafe
  ADD CONSTRAINT UQ_president UNIQUE (president);

ALTER TABLE cafe
  ADD CONSTRAINT UQ_tel UNIQUE (tel);

ALTER TABLE cafe
  ADD CONSTRAINT UQ_loc UNIQUE (loc), OriginalSql = CREATE TABLE cafe
(
  cafeCode  NVARCHAR2 NOT NULL,
  name      NVARCHAR2 NOT NULL,
  president VARCHAR2  NOT NULL,
  tel       NVARCHAR2 NOT NULL,
  loc       NVARCHAR2 NOT NULL,
  CONSTRAINT PK_cafe PRIMARY KEY (cafeCode)
);

ALTER TABLE cafe
  ADD CONSTRAINT UQ_name UNIQUE (name);

ALTER TABLE cafe
  ADD CONSTRAINT UQ_president UNIQUE (president);

ALTER TABLE cafe
  ADD CONSTRAINT UQ_tel UNIQUE (tel);

ALTER TABLE cafe
  ADD CONSTRAINT UQ_loc UNIQUE (loc), Error Msg = ORA-00906: 누락된 좌괄호

!STACK 0
Error : 906, Position : 44, Sql = CREATE TABLE cafe
(
  cafeCode  NVARCHAR2 NOT NULL,
  name      NVARCHAR2 NOT NULL,
  president VARCHAR2  NOT NULL,
  tel       NVARCHAR2 NOT NULL,
  loc       NVARCHAR2 NOT NULL,
  CONSTRAINT PK_cafe PRIMARY KEY (cafeCode)
);

ALTER TABLE cafe
  ADD CONSTRAINT UQ_name UNIQUE (name);

ALTER TABLE cafe
  ADD CONSTRAINT UQ_president UNIQUE (president);

ALTER TABLE cafe
  ADD CONSTRAINT UQ_tel UNIQUE (tel);

ALTER TABLE cafe
  ADD CONSTRAINT UQ_loc UNIQUE (loc), OriginalSql = CREATE TABLE cafe
(
  cafeCode  NVARCHAR2 NOT NULL,
  name      NVARCHAR2 NOT NULL,
  president VARCHAR2  NOT NULL,
  tel       NVARCHAR2 NOT NULL,
  loc       NVARCHAR2 NOT NULL,
  CONSTRAINT PK_cafe PRIMARY KEY (cafeCode)
);

ALTER TABLE cafe
  ADD CONSTRAINT UQ_name UNIQUE (name);

ALTER TABLE cafe
  ADD CONSTRAINT UQ_president UNIQUE (president);

ALTER TABLE cafe
  ADD CONSTRAINT UQ_tel UNIQUE (tel);

ALTER TABLE cafe
  ADD CONSTRAINT UQ_loc UNIQUE (loc), Error Msg = ORA-00906: 누락된 좌괄호

	at oracle.jdbc.driver.T4CTTIoer11.processError(T4CTTIoer11.java:637)
	at oracle.jdbc.driver.T4CTTIoer11.processError(T4CTTIoer11.java:564)
	at oracle.jdbc.driver.T4C8Oall.processError(T4C8Oall.java:1231)
	at oracle.jdbc.driver.T4CTTIfun.receive(T4CTTIfun.java:772)
	at oracle.jdbc.driver.T4CTTIfun.doRPC(T4CTTIfun.java:299)
	at oracle.jdbc.driver.T4C8Oall.doOALL(T4C8Oall.java:512)
	at oracle.jdbc.driver.T4CStatement.doOall8(T4CStatement.java:123)
	at oracle.jdbc.driver.T4CStatement.executeForRows(T4CStatement.java:1200)
	at oracle.jdbc.driver.OracleStatement.executeSQLStatement(OracleStatement.java:1820)
	at oracle.jdbc.driver.OracleStatement.doExecuteWithTimeout(OracleStatement.java:1472)
	at oracle.jdbc.driver.OracleStatement.executeInternal(OracleStatement.java:2505)
	at oracle.jdbc.driver.OracleStatement.execute(OracleStatement.java:2460)
	at oracle.jdbc.driver.OracleStatementWrapper.execute(OracleStatementWrapper.java:328)
	at org.jkiss.dbeaver.model.impl.jdbc.exec.JDBCStatementImpl.execute(JDBCStatementImpl.java:332)
	at org.jkiss.dbeaver.model.impl.jdbc.exec.JDBCStatementImpl.executeStatement(JDBCStatementImpl.java:131)
	at org.jkiss.dbeaver.ui.editors.sql.execute.SQLQueryJob.executeStatement(SQLQueryJob.java:631)
	at org.jkiss.dbeaver.ui.editors.sql.execute.SQLQueryJob.lambda$2(SQLQueryJob.java:522)
	at org.jkiss.dbeaver.model.exec.DBExecUtils.tryExecuteRecover(DBExecUtils.java:192)
	at org.jkiss.dbeaver.ui.editors.sql.execute.SQLQueryJob.executeSingleQuery(SQLQueryJob.java:541)
	at org.jkiss.dbeaver.ui.editors.sql.execute.SQLQueryJob.extractData(SQLQueryJob.java:1001)
	at org.jkiss.dbeaver.ui.editors.sql.SQLEditor$QueryResultsContainer.readData(SQLEditor.java:4231)
	at org.jkiss.dbeaver.ui.controls.resultset.ResultSetJobDataRead.lambda$0(ResultSetJobDataRead.java:128)
	at org.jkiss.dbeaver.model.exec.DBExecUtils.tryExecuteRecover(DBExecUtils.java:192)
	at org.jkiss.dbeaver.ui.controls.resultset.ResultSetJobDataRead.run(ResultSetJobDataRead.java:126)
	at org.jkiss.dbeaver.ui.controls.resultset.ResultSetViewer$ResultSetDataPumpJob.run(ResultSetViewer.java:5160)
	at org.jkiss.dbeaver.model.runtime.AbstractJob.run(AbstractJob.java:117)
	at org.eclipse.core.internal.jobs.Worker.run(Worker.java:63)

!ENTRY org.jkiss.dbeaver.model 4 0 2024-09-13 14:50:08.845
!MESSAGE SQL Error [942] [42000]: ORA-00942: 테이블 또는 뷰가 존재하지 않습니다

!SUBENTRY 1 org.jkiss.dbeaver.model 4 0 2024-09-13 14:50:08.845
!MESSAGE Error : 942, Position : 0, Sql = ALTER TABLE cafe
  ADD CONSTRAINT UQ_loc UNIQUE (loc), OriginalSql = ALTER TABLE cafe
  ADD CONSTRAINT UQ_loc UNIQUE (loc), Error Msg = ORA-00942: 테이블 또는 뷰가 존재하지 않습니다

!STACK 0
Error : 942, Position : 0, Sql = ALTER TABLE cafe
  ADD CONSTRAINT UQ_loc UNIQUE (loc), OriginalSql = ALTER TABLE cafe
  ADD CONSTRAINT UQ_loc UNIQUE (loc), Error Msg = ORA-00942: 테이블 또는 뷰가 존재하지 않습니다

	at oracle.jdbc.driver.T4CTTIoer11.processError(T4CTTIoer11.java:637)
	at oracle.jdbc.driver.T4CTTIoer11.processError(T4CTTIoer11.java:564)
	at oracle.jdbc.driver.T4C8Oall.processError(T4C8Oall.java:1231)
	at oracle.jdbc.driver.T4CTTIfun.receive(T4CTTIfun.java:772)
	at oracle.jdbc.driver.T4CTTIfun.doRPC(T4CTTIfun.java:299)
	at oracle.jdbc.driver.T4C8Oall.doOALL(T4C8Oall.java:512)
	at oracle.jdbc.driver.T4CStatement.doOall8(T4CStatement.java:123)
	at oracle.jdbc.driver.T4CStatement.executeForRows(T4CStatement.java:1200)
	at oracle.jdbc.driver.OracleStatement.executeSQLStatement(OracleStatement.java:1820)
	at oracle.jdbc.driver.OracleStatement.doExecuteWithTimeout(OracleStatement.java:1472)
	at oracle.jdbc.driver.OracleStatement.executeInternal(OracleStatement.java:2505)
	at oracle.jdbc.driver.OracleStatement.execute(OracleStatement.java:2460)
	at oracle.jdbc.driver.OracleStatementWrapper.execute(OracleStatementWrapper.java:328)
	at org.jkiss.dbeaver.model.impl.jdbc.exec.JDBCStatementImpl.execute(JDBCStatementImpl.java:332)
	at org.jkiss.dbeaver.model.impl.jdbc.exec.JDBCStatementImpl.executeStatement(JDBCStatementImpl.java:131)
	at org.jkiss.dbeaver.ui.editors.sql.execute.SQLQueryJob.executeStatement(SQLQueryJob.java:631)
	at org.jkiss.dbeaver.ui.editors.sql.execute.SQLQueryJob.lambda$2(SQLQueryJob.java:522)
	at org.jkiss.dbeaver.model.exec.DBExecUtils.tryExecuteRecover(DBExecUtils.java:192)
	at org.jkiss.dbeaver.ui.editors.sql.execute.SQLQueryJob.executeSingleQuery(SQLQueryJob.java:541)
	at org.jkiss.dbeaver.ui.editors.sql.execute.SQLQueryJob.extractData(SQLQueryJob.java:1001)
	at org.jkiss.dbeaver.ui.editors.sql.SQLEditor$QueryResultsContainer.readData(SQLEditor.java:4231)
	at org.jkiss.dbeaver.ui.controls.resultset.ResultSetJobDataRead.lambda$0(ResultSetJobDataRead.java:128)
	at org.jkiss.dbeaver.model.exec.DBExecUtils.tryExecuteRecover(DBExecUtils.java:192)
	at org.jkiss.dbeaver.ui.controls.resultset.ResultSetJobDataRead.run(ResultSetJobDataRead.java:126)
	at org.jkiss.dbeaver.ui.controls.resultset.ResultSetViewer$ResultSetDataPumpJob.run(ResultSetViewer.java:5160)
	at org.jkiss.dbeaver.model.runtime.AbstractJob.run(AbstractJob.java:117)
	at org.eclipse.core.internal.jobs.Worker.run(Worker.java:63)

!ENTRY org.jkiss.dbeaver.model 4 0 2024-09-13 14:50:24.033
!MESSAGE SQL Error [906] [42000]: ORA-00906: 누락된 좌괄호


Error position: line: 3 pos: 44
!SUBENTRY 1 org.jkiss.dbeaver.model 4 0 2024-09-13 14:50:24.033
!MESSAGE SQL Error [906] [42000]: ORA-00906: 누락된 좌괄호

!SUBENTRY 2 org.jkiss.dbeaver.model 4 0 2024-09-13 14:50:24.033
!MESSAGE Error : 906, Position : 44, Sql = CREATE TABLE cafe
(
  cafeCode  NVARCHAR2 NOT NULL,
  name      NVARCHAR2 NOT NULL,
  president VARCHAR2  NOT NULL,
  tel       NVARCHAR2 NOT NULL,
  loc       NVARCHAR2 NOT NULL,
  CONSTRAINT PK_cafe PRIMARY KEY (cafeCode)
), OriginalSql = CREATE TABLE cafe
(
  cafeCode  NVARCHAR2 NOT NULL,
  name      NVARCHAR2 NOT NULL,
  president VARCHAR2  NOT NULL,
  tel       NVARCHAR2 NOT NULL,
  loc       NVARCHAR2 NOT NULL,
  CONSTRAINT PK_cafe PRIMARY KEY (cafeCode)
), Error Msg = ORA-00906: 누락된 좌괄호

!STACK 0
Error : 906, Position : 44, Sql = CREATE TABLE cafe
(
  cafeCode  NVARCHAR2 NOT NULL,
  name      NVARCHAR2 NOT NULL,
  president VARCHAR2  NOT NULL,
  tel       NVARCHAR2 NOT NULL,
  loc       NVARCHAR2 NOT NULL,
  CONSTRAINT PK_cafe PRIMARY KEY (cafeCode)
), OriginalSql = CREATE TABLE cafe
(
  cafeCode  NVARCHAR2 NOT NULL,
  name      NVARCHAR2 NOT NULL,
  president VARCHAR2  NOT NULL,
  tel       NVARCHAR2 NOT NULL,
  loc       NVARCHAR2 NOT NULL,
  CONSTRAINT PK_cafe PRIMARY KEY (cafeCode)
), Error Msg = ORA-00906: 누락된 좌괄호

	at oracle.jdbc.driver.T4CTTIoer11.processError(T4CTTIoer11.java:637)
	at oracle.jdbc.driver.T4CTTIoer11.processError(T4CTTIoer11.java:564)
	at oracle.jdbc.driver.T4C8Oall.processError(T4C8Oall.java:1231)
	at oracle.jdbc.driver.T4CTTIfun.receive(T4CTTIfun.java:772)
	at oracle.jdbc.driver.T4CTTIfun.doRPC(T4CTTIfun.java:299)
	at oracle.jdbc.driver.T4C8Oall.doOALL(T4C8Oall.java:512)
	at oracle.jdbc.driver.T4CStatement.doOall8(T4CStatement.java:123)
	at oracle.jdbc.driver.T4CStatement.executeForRows(T4CStatement.java:1200)
	at oracle.jdbc.driver.OracleStatement.executeSQLStatement(OracleStatement.java:1820)
	at oracle.jdbc.driver.OracleStatement.doExecuteWithTimeout(OracleStatement.java:1472)
	at oracle.jdbc.driver.OracleStatement.executeInternal(OracleStatement.java:2505)
	at oracle.jdbc.driver.OracleStatement.execute(OracleStatement.java:2460)
	at oracle.jdbc.driver.OracleStatementWrapper.execute(OracleStatementWrapper.java:328)
	at org.jkiss.dbeaver.model.impl.jdbc.exec.JDBCStatementImpl.execute(JDBCStatementImpl.java:332)
	at org.jkiss.dbeaver.model.impl.jdbc.exec.JDBCStatementImpl.executeStatement(JDBCStatementImpl.java:131)
	at org.jkiss.dbeaver.ui.editors.sql.execute.SQLQueryJob.executeStatement(SQLQueryJob.java:631)
	at org.jkiss.dbeaver.ui.editors.sql.execute.SQLQueryJob.lambda$2(SQLQueryJob.java:522)
	at org.jkiss.dbeaver.model.exec.DBExecUtils.tryExecuteRecover(DBExecUtils.java:192)
	at org.jkiss.dbeaver.ui.editors.sql.execute.SQLQueryJob.executeSingleQuery(SQLQueryJob.java:541)
	at org.jkiss.dbeaver.ui.editors.sql.execute.SQLQueryJob.extractData(SQLQueryJob.java:1001)
	at org.jkiss.dbeaver.ui.editors.sql.SQLEditor$QueryResultsContainer.readData(SQLEditor.java:4231)
	at org.jkiss.dbeaver.ui.controls.resultset.ResultSetJobDataRead.lambda$0(ResultSetJobDataRead.java:128)
	at org.jkiss.dbeaver.model.exec.DBExecUtils.tryExecuteRecover(DBExecUtils.java:192)
	at org.jkiss.dbeaver.ui.controls.resultset.ResultSetJobDataRead.run(ResultSetJobDataRead.java:126)
	at org.jkiss.dbeaver.ui.controls.resultset.ResultSetViewer$ResultSetDataPumpJob.run(ResultSetViewer.java:5160)
	at org.jkiss.dbeaver.model.runtime.AbstractJob.run(AbstractJob.java:117)
	at org.eclipse.core.internal.jobs.Worker.run(Worker.java:63)

!ENTRY org.jkiss.dbeaver.model 4 0 2024-09-13 14:51:55.912
!MESSAGE SQL Error [6550] [65000]: ORA-06550: 줄 4, 열0:PLS-00103: 심볼 "end-of-file"를 만났습니다 다음 중 하나가 기대될 때:
   ; <식별자> <큰 따옴표로 구분된 식별자>
심볼이 ";" 계속하기 위하여 "end-of-file"로 치환되었습니다

!SUBENTRY 1 org.jkiss.dbeaver.model 4 0 2024-09-13 14:51:55.913
!MESSAGE Error : 6550, Position : 0, Sql = BEGIN 
	DMBS_OUPPUT.PUT_LINE('HELLO PL/SQL');
END
, OriginalSql = BEGIN 
	DMBS_OUPPUT.PUT_LINE('HELLO PL/SQL');
END
, Error Msg = ORA-06550: 줄 4, 열0:PLS-00103: 심볼 "end-of-file"를 만났습니다 다음 중 하나가 기대될 때:
   ; <식별자> <큰 따옴표로 구분된 식별자>
심볼이 ";" 계속하기 위하여 "end-of-file"로 치환되었습니다

!STACK 0
Error : 6550, Position : 0, Sql = BEGIN 
	DMBS_OUPPUT.PUT_LINE('HELLO PL/SQL');
END
, OriginalSql = BEGIN 
	DMBS_OUPPUT.PUT_LINE('HELLO PL/SQL');
END
, Error Msg = ORA-06550: 줄 4, 열0:PLS-00103: 심볼 "end-of-file"를 만났습니다 다음 중 하나가 기대될 때:
   ; <식별자> <큰 따옴표로 구분된 식별자>
심볼이 ";" 계속하기 위하여 "end-of-file"로 치환되었습니다

	at oracle.jdbc.driver.T4CTTIoer11.processError(T4CTTIoer11.java:637)
	at oracle.jdbc.driver.T4CTTIoer11.processError(T4CTTIoer11.java:564)
	at oracle.jdbc.driver.T4C8Oall.processError(T4C8Oall.java:1231)
	at oracle.jdbc.driver.T4CTTIfun.receive(T4CTTIfun.java:772)
	at oracle.jdbc.driver.T4CTTIfun.doRPC(T4CTTIfun.java:299)
	at oracle.jdbc.driver.T4C8Oall.doOALL(T4C8Oall.java:512)
	at oracle.jdbc.driver.T4CStatement.doOall8(T4CStatement.java:123)
	at oracle.jdbc.driver.T4CStatement.executeForRows(T4CStatement.java:1200)
	at oracle.jdbc.driver.OracleStatement.executeSQLStatement(OracleStatement.java:1820)
	at oracle.jdbc.driver.OracleStatement.doExecuteWithTimeout(OracleStatement.java:1472)
	at oracle.jdbc.driver.OracleStatement.executeInternal(OracleStatement.java:2505)
	at oracle.jdbc.driver.OracleStatement.execute(OracleStatement.java:2460)
	at oracle.jdbc.driver.OracleStatementWrapper.execute(OracleStatementWrapper.java:328)
	at org.jkiss.dbeaver.model.impl.jdbc.exec.JDBCStatementImpl.execute(JDBCStatementImpl.java:332)
	at org.jkiss.dbeaver.model.impl.jdbc.exec.JDBCStatementImpl.executeStatement(JDBCStatementImpl.java:131)
	at org.jkiss.dbeaver.ui.editors.sql.execute.SQLQueryJob.executeStatement(SQLQueryJob.java:631)
	at org.jkiss.dbeaver.ui.editors.sql.execute.SQLQueryJob.lambda$2(SQLQueryJob.java:522)
	at org.jkiss.dbeaver.model.exec.DBExecUtils.tryExecuteRecover(DBExecUtils.java:192)
	at org.jkiss.dbeaver.ui.editors.sql.execute.SQLQueryJob.executeSingleQuery(SQLQueryJob.java:541)
	at org.jkiss.dbeaver.ui.editors.sql.execute.SQLQueryJob.extractData(SQLQueryJob.java:1001)
	at org.jkiss.dbeaver.ui.editors.sql.SQLEditor$QueryResultsContainer.readData(SQLEditor.java:4231)
	at org.jkiss.dbeaver.ui.controls.resultset.ResultSetJobDataRead.lambda$0(ResultSetJobDataRead.java:128)
	at org.jkiss.dbeaver.model.exec.DBExecUtils.tryExecuteRecover(DBExecUtils.java:192)
	at org.jkiss.dbeaver.ui.controls.resultset.ResultSetJobDataRead.run(ResultSetJobDataRead.java:126)
	at org.jkiss.dbeaver.ui.controls.resultset.ResultSetViewer$ResultSetDataPumpJob.run(ResultSetViewer.java:5160)
	at org.jkiss.dbeaver.model.runtime.AbstractJob.run(AbstractJob.java:117)
	at org.eclipse.core.internal.jobs.Worker.run(Worker.java:63)

!ENTRY org.jkiss.dbeaver.model 4 0 2024-09-13 14:52:29.856
!MESSAGE SQL Error [6550] [65000]: ORA-06550: 줄 4, 열0:PLS-00103: 심볼 "end-of-file"를 만났습니다 다음 중 하나가 기대될 때:
   ; <식별자> <큰 따옴표로 구분된 식별자>
심볼이 ";" 계속하기 위하여 "end-of-file"로 치환되었습니다

!SUBENTRY 1 org.jkiss.dbeaver.model 4 0 2024-09-13 14:52:29.856
!MESSAGE Error : 6550, Position : 0, Sql = BEGIN 
	DMBS_OUPPUT.PUT_LINE("HELLO PL/SQL");
END
, OriginalSql = BEGIN 
	DMBS_OUPPUT.PUT_LINE("HELLO PL/SQL");
END
, Error Msg = ORA-06550: 줄 4, 열0:PLS-00103: 심볼 "end-of-file"를 만났습니다 다음 중 하나가 기대될 때:
   ; <식별자> <큰 따옴표로 구분된 식별자>
심볼이 ";" 계속하기 위하여 "end-of-file"로 치환되었습니다

!STACK 0
Error : 6550, Position : 0, Sql = BEGIN 
	DMBS_OUPPUT.PUT_LINE("HELLO PL/SQL");
END
, OriginalSql = BEGIN 
	DMBS_OUPPUT.PUT_LINE("HELLO PL/SQL");
END
, Error Msg = ORA-06550: 줄 4, 열0:PLS-00103: 심볼 "end-of-file"를 만났습니다 다음 중 하나가 기대될 때:
   ; <식별자> <큰 따옴표로 구분된 식별자>
심볼이 ";" 계속하기 위하여 "end-of-file"로 치환되었습니다

	at oracle.jdbc.driver.T4CTTIoer11.processError(T4CTTIoer11.java:637)
	at oracle.jdbc.driver.T4CTTIoer11.processError(T4CTTIoer11.java:564)
	at oracle.jdbc.driver.T4C8Oall.processError(T4C8Oall.java:1231)
	at oracle.jdbc.driver.T4CTTIfun.receive(T4CTTIfun.java:772)
	at oracle.jdbc.driver.T4CTTIfun.doRPC(T4CTTIfun.java:299)
	at oracle.jdbc.driver.T4C8Oall.doOALL(T4C8Oall.java:512)
	at oracle.jdbc.driver.T4CStatement.doOall8(T4CStatement.java:123)
	at oracle.jdbc.driver.T4CStatement.executeForRows(T4CStatement.java:1200)
	at oracle.jdbc.driver.OracleStatement.executeSQLStatement(OracleStatement.java:1820)
	at oracle.jdbc.driver.OracleStatement.doExecuteWithTimeout(OracleStatement.java:1472)
	at oracle.jdbc.driver.OracleStatement.executeInternal(OracleStatement.java:2505)
	at oracle.jdbc.driver.OracleStatement.execute(OracleStatement.java:2460)
	at oracle.jdbc.driver.OracleStatementWrapper.execute(OracleStatementWrapper.java:328)
	at org.jkiss.dbeaver.model.impl.jdbc.exec.JDBCStatementImpl.execute(JDBCStatementImpl.java:332)
	at org.jkiss.dbeaver.model.impl.jdbc.exec.JDBCStatementImpl.executeStatement(JDBCStatementImpl.java:131)
	at org.jkiss.dbeaver.ui.editors.sql.execute.SQLQueryJob.executeStatement(SQLQueryJob.java:631)
	at org.jkiss.dbeaver.ui.editors.sql.execute.SQLQueryJob.lambda$2(SQLQueryJob.java:522)
	at org.jkiss.dbeaver.model.exec.DBExecUtils.tryExecuteRecover(DBExecUtils.java:192)
	at org.jkiss.dbeaver.ui.editors.sql.execute.SQLQueryJob.executeSingleQuery(SQLQueryJob.java:541)
	at org.jkiss.dbeaver.ui.editors.sql.execute.SQLQueryJob.extractData(SQLQueryJob.java:1001)
	at org.jkiss.dbeaver.ui.editors.sql.SQLEditor$QueryResultsContainer.readData(SQLEditor.java:4231)
	at org.jkiss.dbeaver.ui.controls.resultset.ResultSetJobDataRead.lambda$0(ResultSetJobDataRead.java:128)
	at org.jkiss.dbeaver.model.exec.DBExecUtils.tryExecuteRecover(DBExecUtils.java:192)
	at org.jkiss.dbeaver.ui.controls.resultset.ResultSetJobDataRead.run(ResultSetJobDataRead.java:126)
	at org.jkiss.dbeaver.ui.controls.resultset.ResultSetViewer$ResultSetDataPumpJob.run(ResultSetViewer.java:5160)
	at org.jkiss.dbeaver.model.runtime.AbstractJob.run(AbstractJob.java:117)
	at org.eclipse.core.internal.jobs.Worker.run(Worker.java:63)

!ENTRY org.jkiss.dbeaver.model 4 0 2024-09-13 14:52:39.108
!MESSAGE SQL Error [922] [42000]: ORA-00922: 누락된 또는 부적합한 옵션


Error position: line: 4 pos: 41
!SUBENTRY 1 org.jkiss.dbeaver.model 4 0 2024-09-13 14:52:39.108
!MESSAGE SQL Error [922] [42000]: ORA-00922: 누락된 또는 부적합한 옵션

!SUBENTRY 2 org.jkiss.dbeaver.model 4 0 2024-09-13 14:52:39.108
!MESSAGE Error : 922, Position : 41, Sql = -- 실행결과를 화면에 출력
SET SERVEROUTPUT ON, OriginalSql = -- 실행결과를 화면에 출력
SET SERVEROUTPUT ON, Error Msg = ORA-00922: 누락된 또는 부적합한 옵션

!STACK 0
Error : 922, Position : 41, Sql = -- 실행결과를 화면에 출력
SET SERVEROUTPUT ON, OriginalSql = -- 실행결과를 화면에 출력
SET SERVEROUTPUT ON, Error Msg = ORA-00922: 누락된 또는 부적합한 옵션

	at oracle.jdbc.driver.T4CTTIoer11.processError(T4CTTIoer11.java:637)
	at oracle.jdbc.driver.T4CTTIoer11.processError(T4CTTIoer11.java:564)
	at oracle.jdbc.driver.T4C8Oall.processError(T4C8Oall.java:1231)
	at oracle.jdbc.driver.T4CTTIfun.receive(T4CTTIfun.java:772)
	at oracle.jdbc.driver.T4CTTIfun.doRPC(T4CTTIfun.java:299)
	at oracle.jdbc.driver.T4C8Oall.doOALL(T4C8Oall.java:512)
	at oracle.jdbc.driver.T4CStatement.doOall8(T4CStatement.java:123)
	at oracle.jdbc.driver.T4CStatement.executeForRows(T4CStatement.java:1200)
	at oracle.jdbc.driver.OracleStatement.executeSQLStatement(OracleStatement.java:1820)
	at oracle.jdbc.driver.OracleStatement.doExecuteWithTimeout(OracleStatement.java:1472)
	at oracle.jdbc.driver.OracleStatement.executeInternal(OracleStatement.java:2505)
	at oracle.jdbc.driver.OracleStatement.execute(OracleStatement.java:2460)
	at oracle.jdbc.driver.OracleStatementWrapper.execute(OracleStatementWrapper.java:328)
	at org.jkiss.dbeaver.model.impl.jdbc.exec.JDBCStatementImpl.execute(JDBCStatementImpl.java:332)
	at org.jkiss.dbeaver.model.impl.jdbc.exec.JDBCStatementImpl.executeStatement(JDBCStatementImpl.java:131)
	at org.jkiss.dbeaver.ui.editors.sql.execute.SQLQueryJob.executeStatement(SQLQueryJob.java:631)
	at org.jkiss.dbeaver.ui.editors.sql.execute.SQLQueryJob.lambda$2(SQLQueryJob.java:522)
	at org.jkiss.dbeaver.model.exec.DBExecUtils.tryExecuteRecover(DBExecUtils.java:192)
	at org.jkiss.dbeaver.ui.editors.sql.execute.SQLQueryJob.executeSingleQuery(SQLQueryJob.java:541)
	at org.jkiss.dbeaver.ui.editors.sql.execute.SQLQueryJob.extractData(SQLQueryJob.java:1001)
	at org.jkiss.dbeaver.ui.editors.sql.SQLEditor$QueryResultsContainer.readData(SQLEditor.java:4231)
	at org.jkiss.dbeaver.ui.controls.resultset.ResultSetJobDataRead.lambda$0(ResultSetJobDataRead.java:128)
	at org.jkiss.dbeaver.model.exec.DBExecUtils.tryExecuteRecover(DBExecUtils.java:192)
	at org.jkiss.dbeaver.ui.controls.resultset.ResultSetJobDataRead.run(ResultSetJobDataRead.java:126)
	at org.jkiss.dbeaver.ui.controls.resultset.ResultSetViewer$ResultSetDataPumpJob.run(ResultSetViewer.java:5160)
	at org.jkiss.dbeaver.model.runtime.AbstractJob.run(AbstractJob.java:117)
	at org.eclipse.core.internal.jobs.Worker.run(Worker.java:63)

!ENTRY org.jkiss.dbeaver.model 4 0 2024-09-13 14:56:39.869
!MESSAGE SQL Error [6550] [65000]: ORA-06550: 줄 4, 열0:PLS-00103: 심볼 "end-of-file"를 만났습니다 다음 중 하나가 기대될 때:
   ; <식별자> <큰 따옴표로 구분된 식별자>
심볼이 ";" 계속하기 위하여 "end-of-file"로 치환되었습니다


Error position: line: 4
!SUBENTRY 1 org.jkiss.dbeaver.model 4 0 2024-09-13 14:56:39.869
!MESSAGE SQL Error [6550] [65000]: ORA-06550: 줄 4, 열0:PLS-00103: 심볼 "end-of-file"를 만났습니다 다음 중 하나가 기대될 때:
   ; <식별자> <큰 따옴표로 구분된 식별자>
심볼이 ";" 계속하기 위하여 "end-of-file"로 치환되었습니다

!SUBENTRY 2 org.jkiss.dbeaver.model 4 0 2024-09-13 14:56:39.870
!MESSAGE Error : 6550, Position : 0, Sql = BEGIN 
	DMBS_OUTPUT.PUT_LINE('HELLO PL/SQL');
END
, OriginalSql = BEGIN 
	DMBS_OUTPUT.PUT_LINE('HELLO PL/SQL');
END
, Error Msg = ORA-06550: 줄 4, 열0:PLS-00103: 심볼 "end-of-file"를 만났습니다 다음 중 하나가 기대될 때:
   ; <식별자> <큰 따옴표로 구분된 식별자>
심볼이 ";" 계속하기 위하여 "end-of-file"로 치환되었습니다

!STACK 0
Error : 6550, Position : 0, Sql = BEGIN 
	DMBS_OUTPUT.PUT_LINE('HELLO PL/SQL');
END
, OriginalSql = BEGIN 
	DMBS_OUTPUT.PUT_LINE('HELLO PL/SQL');
END
, Error Msg = ORA-06550: 줄 4, 열0:PLS-00103: 심볼 "end-of-file"를 만났습니다 다음 중 하나가 기대될 때:
   ; <식별자> <큰 따옴표로 구분된 식별자>
심볼이 ";" 계속하기 위하여 "end-of-file"로 치환되었습니다

	at oracle.jdbc.driver.T4CTTIoer11.processError(T4CTTIoer11.java:637)
	at oracle.jdbc.driver.T4CTTIoer11.processError(T4CTTIoer11.java:564)
	at oracle.jdbc.driver.T4C8Oall.processError(T4C8Oall.java:1231)
	at oracle.jdbc.driver.T4CTTIfun.receive(T4CTTIfun.java:772)
	at oracle.jdbc.driver.T4CTTIfun.doRPC(T4CTTIfun.java:299)
	at oracle.jdbc.driver.T4C8Oall.doOALL(T4C8Oall.java:512)
	at oracle.jdbc.driver.T4CStatement.doOall8(T4CStatement.java:123)
	at oracle.jdbc.driver.T4CStatement.executeForRows(T4CStatement.java:1200)
	at oracle.jdbc.driver.OracleStatement.executeSQLStatement(OracleStatement.java:1820)
	at oracle.jdbc.driver.OracleStatement.doExecuteWithTimeout(OracleStatement.java:1472)
	at oracle.jdbc.driver.OracleStatement.executeInternal(OracleStatement.java:2505)
	at oracle.jdbc.driver.OracleStatement.execute(OracleStatement.java:2460)
	at oracle.jdbc.driver.OracleStatementWrapper.execute(OracleStatementWrapper.java:328)
	at org.jkiss.dbeaver.model.impl.jdbc.exec.JDBCStatementImpl.execute(JDBCStatementImpl.java:332)
	at org.jkiss.dbeaver.model.impl.jdbc.exec.JDBCStatementImpl.executeStatement(JDBCStatementImpl.java:131)
	at org.jkiss.dbeaver.ui.editors.sql.execute.SQLQueryJob.executeStatement(SQLQueryJob.java:631)
	at org.jkiss.dbeaver.ui.editors.sql.execute.SQLQueryJob.lambda$2(SQLQueryJob.java:522)
	at org.jkiss.dbeaver.model.exec.DBExecUtils.tryExecuteRecover(DBExecUtils.java:192)
	at org.jkiss.dbeaver.ui.editors.sql.execute.SQLQueryJob.executeSingleQuery(SQLQueryJob.java:541)
	at org.jkiss.dbeaver.ui.editors.sql.execute.SQLQueryJob.extractData(SQLQueryJob.java:1001)
	at org.jkiss.dbeaver.ui.editors.sql.SQLEditor$QueryResultsContainer.readData(SQLEditor.java:4231)
	at org.jkiss.dbeaver.ui.controls.resultset.ResultSetJobDataRead.lambda$0(ResultSetJobDataRead.java:128)
	at org.jkiss.dbeaver.model.exec.DBExecUtils.tryExecuteRecover(DBExecUtils.java:192)
	at org.jkiss.dbeaver.ui.controls.resultset.ResultSetJobDataRead.run(ResultSetJobDataRead.java:126)
	at org.jkiss.dbeaver.ui.controls.resultset.ResultSetViewer$ResultSetDataPumpJob.run(ResultSetViewer.java:5160)
	at org.jkiss.dbeaver.model.runtime.AbstractJob.run(AbstractJob.java:117)
	at org.eclipse.core.internal.jobs.Worker.run(Worker.java:63)

!ENTRY org.jkiss.dbeaver.model 4 0 2024-09-13 14:56:49.444
!MESSAGE SQL Error [6550] [65000]: ORA-06550: 줄 4, 열1:PLS-00103: 심볼 "/"를 만났습니다 다음 중 하나가 기대될 때:
   ; <식별자> <큰 따옴표로 구분된 식별자>
심볼이 "; 계속하기 위해 "/" 전에 삽입되었음

!SUBENTRY 1 org.jkiss.dbeaver.model 4 0 2024-09-13 14:56:49.444
!MESSAGE Error : 6550, Position : 53, Sql = BEGIN 
	DMBS_OUTPUT.PUT_LINE('HELLO PL/SQL');
END
/, OriginalSql = BEGIN 
	DMBS_OUTPUT.PUT_LINE('HELLO PL/SQL');
END
/, Error Msg = ORA-06550: 줄 4, 열1:PLS-00103: 심볼 "/"를 만났습니다 다음 중 하나가 기대될 때:
   ; <식별자> <큰 따옴표로 구분된 식별자>
심볼이 "; 계속하기 위해 "/" 전에 삽입되었음

!STACK 0
Error : 6550, Position : 53, Sql = BEGIN 
	DMBS_OUTPUT.PUT_LINE('HELLO PL/SQL');
END
/, OriginalSql = BEGIN 
	DMBS_OUTPUT.PUT_LINE('HELLO PL/SQL');
END
/, Error Msg = ORA-06550: 줄 4, 열1:PLS-00103: 심볼 "/"를 만났습니다 다음 중 하나가 기대될 때:
   ; <식별자> <큰 따옴표로 구분된 식별자>
심볼이 "; 계속하기 위해 "/" 전에 삽입되었음

	at oracle.jdbc.driver.T4CTTIoer11.processError(T4CTTIoer11.java:637)
	at oracle.jdbc.driver.T4CTTIoer11.processError(T4CTTIoer11.java:564)
	at oracle.jdbc.driver.T4C8Oall.processError(T4C8Oall.java:1231)
	at oracle.jdbc.driver.T4CTTIfun.receive(T4CTTIfun.java:772)
	at oracle.jdbc.driver.T4CTTIfun.doRPC(T4CTTIfun.java:299)
	at oracle.jdbc.driver.T4C8Oall.doOALL(T4C8Oall.java:512)
	at oracle.jdbc.driver.T4CStatement.doOall8(T4CStatement.java:123)
	at oracle.jdbc.driver.T4CStatement.executeForRows(T4CStatement.java:1200)
	at oracle.jdbc.driver.OracleStatement.executeSQLStatement(OracleStatement.java:1820)
	at oracle.jdbc.driver.OracleStatement.doExecuteWithTimeout(OracleStatement.java:1472)
	at oracle.jdbc.driver.OracleStatement.executeInternal(OracleStatement.java:2505)
	at oracle.jdbc.driver.OracleStatement.execute(OracleStatement.java:2460)
	at oracle.jdbc.driver.OracleStatementWrapper.execute(OracleStatementWrapper.java:328)
	at org.jkiss.dbeaver.model.impl.jdbc.exec.JDBCStatementImpl.execute(JDBCStatementImpl.java:332)
	at org.jkiss.dbeaver.model.impl.jdbc.exec.JDBCStatementImpl.executeStatement(JDBCStatementImpl.java:131)
	at org.jkiss.dbeaver.ui.editors.sql.execute.SQLQueryJob.executeStatement(SQLQueryJob.java:631)
	at org.jkiss.dbeaver.ui.editors.sql.execute.SQLQueryJob.lambda$2(SQLQueryJob.java:522)
	at org.jkiss.dbeaver.model.exec.DBExecUtils.tryExecuteRecover(DBExecUtils.java:192)
	at org.jkiss.dbeaver.ui.editors.sql.execute.SQLQueryJob.executeSingleQuery(SQLQueryJob.java:541)
	at org.jkiss.dbeaver.ui.editors.sql.execute.SQLQueryJob.extractData(SQLQueryJob.java:1001)
	at org.jkiss.dbeaver.ui.editors.sql.SQLEditor$QueryResultsContainer.readData(SQLEditor.java:4231)
	at org.jkiss.dbeaver.ui.controls.resultset.ResultSetJobDataRead.lambda$0(ResultSetJobDataRead.java:128)
	at org.jkiss.dbeaver.model.exec.DBExecUtils.tryExecuteRecover(DBExecUtils.java:192)
	at org.jkiss.dbeaver.ui.controls.resultset.ResultSetJobDataRead.run(ResultSetJobDataRead.java:126)
	at org.jkiss.dbeaver.ui.controls.resultset.ResultSetViewer$ResultSetDataPumpJob.run(ResultSetViewer.java:5160)
	at org.jkiss.dbeaver.model.runtime.AbstractJob.run(AbstractJob.java:117)
	at org.eclipse.core.internal.jobs.Worker.run(Worker.java:63)

!ENTRY org.jkiss.dbeaver.model 4 0 2024-09-13 14:56:50.348
!MESSAGE SQL Error [6550] [65000]: ORA-06550: 줄 4, 열1:PLS-00103: 심볼 "/"를 만났습니다 다음 중 하나가 기대될 때:
   ; <식별자> <큰 따옴표로 구분된 식별자>
심볼이 "; 계속하기 위해 "/" 전에 삽입되었음

!SUBENTRY 1 org.jkiss.dbeaver.model 4 0 2024-09-13 14:56:50.348
!MESSAGE Error : 6550, Position : 53, Sql = BEGIN 
	DMBS_OUTPUT.PUT_LINE('HELLO PL/SQL');
END
/, OriginalSql = BEGIN 
	DMBS_OUTPUT.PUT_LINE('HELLO PL/SQL');
END
/, Error Msg = ORA-06550: 줄 4, 열1:PLS-00103: 심볼 "/"를 만났습니다 다음 중 하나가 기대될 때:
   ; <식별자> <큰 따옴표로 구분된 식별자>
심볼이 "; 계속하기 위해 "/" 전에 삽입되었음

!STACK 0
Error : 6550, Position : 53, Sql = BEGIN 
	DMBS_OUTPUT.PUT_LINE('HELLO PL/SQL');
END
/, OriginalSql = BEGIN 
	DMBS_OUTPUT.PUT_LINE('HELLO PL/SQL');
END
/, Error Msg = ORA-06550: 줄 4, 열1:PLS-00103: 심볼 "/"를 만났습니다 다음 중 하나가 기대될 때:
   ; <식별자> <큰 따옴표로 구분된 식별자>
심볼이 "; 계속하기 위해 "/" 전에 삽입되었음

	at oracle.jdbc.driver.T4CTTIoer11.processError(T4CTTIoer11.java:637)
	at oracle.jdbc.driver.T4CTTIoer11.processError(T4CTTIoer11.java:564)
	at oracle.jdbc.driver.T4C8Oall.processError(T4C8Oall.java:1231)
	at oracle.jdbc.driver.T4CTTIfun.receive(T4CTTIfun.java:772)
	at oracle.jdbc.driver.T4CTTIfun.doRPC(T4CTTIfun.java:299)
	at oracle.jdbc.driver.T4C8Oall.doOALL(T4C8Oall.java:512)
	at oracle.jdbc.driver.T4CStatement.doOall8(T4CStatement.java:123)
	at oracle.jdbc.driver.T4CStatement.executeForRows(T4CStatement.java:1200)
	at oracle.jdbc.driver.OracleStatement.executeSQLStatement(OracleStatement.java:1820)
	at oracle.jdbc.driver.OracleStatement.doExecuteWithTimeout(OracleStatement.java:1472)
	at oracle.jdbc.driver.OracleStatement.executeInternal(OracleStatement.java:2505)
	at oracle.jdbc.driver.OracleStatement.execute(OracleStatement.java:2460)
	at oracle.jdbc.driver.OracleStatementWrapper.execute(OracleStatementWrapper.java:328)
	at org.jkiss.dbeaver.model.impl.jdbc.exec.JDBCStatementImpl.execute(JDBCStatementImpl.java:332)
	at org.jkiss.dbeaver.model.impl.jdbc.exec.JDBCStatementImpl.executeStatement(JDBCStatementImpl.java:131)
	at org.jkiss.dbeaver.ui.editors.sql.execute.SQLQueryJob.executeStatement(SQLQueryJob.java:631)
	at org.jkiss.dbeaver.ui.editors.sql.execute.SQLQueryJob.lambda$2(SQLQueryJob.java:522)
	at org.jkiss.dbeaver.model.exec.DBExecUtils.tryExecuteRecover(DBExecUtils.java:192)
	at org.jkiss.dbeaver.ui.editors.sql.execute.SQLQueryJob.executeSingleQuery(SQLQueryJob.java:541)
	at org.jkiss.dbeaver.ui.editors.sql.execute.SQLQueryJob.extractData(SQLQueryJob.java:1001)
	at org.jkiss.dbeaver.ui.editors.sql.SQLEditor$QueryResultsContainer.readData(SQLEditor.java:4231)
	at org.jkiss.dbeaver.ui.controls.resultset.ResultSetJobDataRead.lambda$0(ResultSetJobDataRead.java:128)
	at org.jkiss.dbeaver.model.exec.DBExecUtils.tryExecuteRecover(DBExecUtils.java:192)
	at org.jkiss.dbeaver.ui.controls.resultset.ResultSetJobDataRead.run(ResultSetJobDataRead.java:126)
	at org.jkiss.dbeaver.ui.controls.resultset.ResultSetViewer$ResultSetDataPumpJob.run(ResultSetViewer.java:5160)
	at org.jkiss.dbeaver.model.runtime.AbstractJob.run(AbstractJob.java:117)
	at org.eclipse.core.internal.jobs.Worker.run(Worker.java:63)

!ENTRY org.jkiss.dbeaver.model 4 0 2024-09-13 14:56:55.769
!MESSAGE SQL Error [900] [42000]: ORA-00900: SQL 문이 부적합합니다

!SUBENTRY 1 org.jkiss.dbeaver.model 4 0 2024-09-13 14:56:55.769
!MESSAGE Error : 900, Position : 0, Sql = /
, OriginalSql = /
, Error Msg = ORA-00900: SQL 문이 부적합합니다

!STACK 0
Error : 900, Position : 0, Sql = /
, OriginalSql = /
, Error Msg = ORA-00900: SQL 문이 부적합합니다

	at oracle.jdbc.driver.T4CTTIoer11.processError(T4CTTIoer11.java:637)
	at oracle.jdbc.driver.T4CTTIoer11.processError(T4CTTIoer11.java:564)
	at oracle.jdbc.driver.T4C8Oall.processError(T4C8Oall.java:1231)
	at oracle.jdbc.driver.T4CTTIfun.receive(T4CTTIfun.java:772)
	at oracle.jdbc.driver.T4CTTIfun.doRPC(T4CTTIfun.java:299)
	at oracle.jdbc.driver.T4C8Oall.doOALL(T4C8Oall.java:512)
	at oracle.jdbc.driver.T4CStatement.doOall8(T4CStatement.java:123)
	at oracle.jdbc.driver.T4CStatement.executeForRows(T4CStatement.java:1200)
	at oracle.jdbc.driver.OracleStatement.executeSQLStatement(OracleStatement.java:1820)
	at oracle.jdbc.driver.OracleStatement.doExecuteWithTimeout(OracleStatement.java:1472)
	at oracle.jdbc.driver.OracleStatement.executeInternal(OracleStatement.java:2505)
	at oracle.jdbc.driver.OracleStatement.execute(OracleStatement.java:2460)
	at oracle.jdbc.driver.OracleStatementWrapper.execute(OracleStatementWrapper.java:328)
	at org.jkiss.dbeaver.model.impl.jdbc.exec.JDBCStatementImpl.execute(JDBCStatementImpl.java:332)
	at org.jkiss.dbeaver.model.impl.jdbc.exec.JDBCStatementImpl.executeStatement(JDBCStatementImpl.java:131)
	at org.jkiss.dbeaver.ui.editors.sql.execute.SQLQueryJob.executeStatement(SQLQueryJob.java:631)
	at org.jkiss.dbeaver.ui.editors.sql.execute.SQLQueryJob.lambda$2(SQLQueryJob.java:522)
	at org.jkiss.dbeaver.model.exec.DBExecUtils.tryExecuteRecover(DBExecUtils.java:192)
	at org.jkiss.dbeaver.ui.editors.sql.execute.SQLQueryJob.executeSingleQuery(SQLQueryJob.java:541)
	at org.jkiss.dbeaver.ui.editors.sql.execute.SQLQueryJob.extractData(SQLQueryJob.java:1001)
	at org.jkiss.dbeaver.ui.editors.sql.SQLEditor$QueryResultsContainer.readData(SQLEditor.java:4231)
	at org.jkiss.dbeaver.ui.controls.resultset.ResultSetJobDataRead.lambda$0(ResultSetJobDataRead.java:128)
	at org.jkiss.dbeaver.model.exec.DBExecUtils.tryExecuteRecover(DBExecUtils.java:192)
	at org.jkiss.dbeaver.ui.controls.resultset.ResultSetJobDataRead.run(ResultSetJobDataRead.java:126)
	at org.jkiss.dbeaver.ui.controls.resultset.ResultSetViewer$ResultSetDataPumpJob.run(ResultSetViewer.java:5160)
	at org.jkiss.dbeaver.model.runtime.AbstractJob.run(AbstractJob.java:117)
	at org.eclipse.core.internal.jobs.Worker.run(Worker.java:63)

!ENTRY org.jkiss.dbeaver.model 4 0 2024-09-13 14:57:01.637
!MESSAGE SQL Error [900] [42000]: ORA-00900: SQL 문이 부적합합니다

!SUBENTRY 1 org.jkiss.dbeaver.model 4 0 2024-09-13 14:57:01.637
!MESSAGE Error : 900, Position : 0, Sql = /
, OriginalSql = /
, Error Msg = ORA-00900: SQL 문이 부적합합니다

!STACK 0
Error : 900, Position : 0, Sql = /
, OriginalSql = /
, Error Msg = ORA-00900: SQL 문이 부적합합니다

	at oracle.jdbc.driver.T4CTTIoer11.processError(T4CTTIoer11.java:637)
	at oracle.jdbc.driver.T4CTTIoer11.processError(T4CTTIoer11.java:564)
	at oracle.jdbc.driver.T4C8Oall.processError(T4C8Oall.java:1231)
	at oracle.jdbc.driver.T4CTTIfun.receive(T4CTTIfun.java:772)
	at oracle.jdbc.driver.T4CTTIfun.doRPC(T4CTTIfun.java:299)
	at oracle.jdbc.driver.T4C8Oall.doOALL(T4C8Oall.java:512)
	at oracle.jdbc.driver.T4CStatement.doOall8(T4CStatement.java:123)
	at oracle.jdbc.driver.T4CStatement.executeForRows(T4CStatement.java:1200)
	at oracle.jdbc.driver.OracleStatement.executeSQLStatement(OracleStatement.java:1820)
	at oracle.jdbc.driver.OracleStatement.doExecuteWithTimeout(OracleStatement.java:1472)
	at oracle.jdbc.driver.OracleStatement.executeInternal(OracleStatement.java:2505)
	at oracle.jdbc.driver.OracleStatement.execute(OracleStatement.java:2460)
	at oracle.jdbc.driver.OracleStatementWrapper.execute(OracleStatementWrapper.java:328)
	at org.jkiss.dbeaver.model.impl.jdbc.exec.JDBCStatementImpl.execute(JDBCStatementImpl.java:332)
	at org.jkiss.dbeaver.model.impl.jdbc.exec.JDBCStatementImpl.executeStatement(JDBCStatementImpl.java:131)
	at org.jkiss.dbeaver.ui.editors.sql.execute.SQLQueryJob.executeStatement(SQLQueryJob.java:631)
	at org.jkiss.dbeaver.ui.editors.sql.execute.SQLQueryJob.lambda$2(SQLQueryJob.java:522)
	at org.jkiss.dbeaver.model.exec.DBExecUtils.tryExecuteRecover(DBExecUtils.java:192)
	at org.jkiss.dbeaver.ui.editors.sql.execute.SQLQueryJob.executeSingleQuery(SQLQueryJob.java:541)
	at org.jkiss.dbeaver.ui.editors.sql.execute.SQLQueryJob.extractData(SQLQueryJob.java:1001)
	at org.jkiss.dbeaver.ui.editors.sql.SQLEditor$QueryResultsContainer.readData(SQLEditor.java:4231)
	at org.jkiss.dbeaver.ui.controls.resultset.ResultSetJobDataRead.lambda$0(ResultSetJobDataRead.java:128)
	at org.jkiss.dbeaver.model.exec.DBExecUtils.tryExecuteRecover(DBExecUtils.java:192)
	at org.jkiss.dbeaver.ui.controls.resultset.ResultSetJobDataRead.run(ResultSetJobDataRead.java:126)
	at org.jkiss.dbeaver.ui.controls.resultset.ResultSetViewer$ResultSetDataPumpJob.run(ResultSetViewer.java:5160)
	at org.jkiss.dbeaver.model.runtime.AbstractJob.run(AbstractJob.java:117)
	at org.eclipse.core.internal.jobs.Worker.run(Worker.java:63)

!ENTRY org.jkiss.dbeaver.model 4 0 2024-09-13 14:57:22.128
!MESSAGE SQL Error [922] [42000]: ORA-00922: 누락된 또는 부적합한 옵션

!SUBENTRY 1 org.jkiss.dbeaver.model 4 0 2024-09-13 14:57:22.128
!MESSAGE Error : 922, Position : 41, Sql = -- 실행결과를 화면에 출력
SET SERVEROUTPUT ON, OriginalSql = -- 실행결과를 화면에 출력
SET SERVEROUTPUT ON, Error Msg = ORA-00922: 누락된 또는 부적합한 옵션

!STACK 0
Error : 922, Position : 41, Sql = -- 실행결과를 화면에 출력
SET SERVEROUTPUT ON, OriginalSql = -- 실행결과를 화면에 출력
SET SERVEROUTPUT ON, Error Msg = ORA-00922: 누락된 또는 부적합한 옵션

	at oracle.jdbc.driver.T4CTTIoer11.processError(T4CTTIoer11.java:637)
	at oracle.jdbc.driver.T4CTTIoer11.processError(T4CTTIoer11.java:564)
	at oracle.jdbc.driver.T4C8Oall.processError(T4C8Oall.java:1231)
	at oracle.jdbc.driver.T4CTTIfun.receive(T4CTTIfun.java:772)
	at oracle.jdbc.driver.T4CTTIfun.doRPC(T4CTTIfun.java:299)
	at oracle.jdbc.driver.T4C8Oall.doOALL(T4C8Oall.java:512)
	at oracle.jdbc.driver.T4CStatement.doOall8(T4CStatement.java:123)
	at oracle.jdbc.driver.T4CStatement.executeForRows(T4CStatement.java:1200)
	at oracle.jdbc.driver.OracleStatement.executeSQLStatement(OracleStatement.java:1820)
	at oracle.jdbc.driver.OracleStatement.doExecuteWithTimeout(OracleStatement.java:1472)
	at oracle.jdbc.driver.OracleStatement.executeInternal(OracleStatement.java:2505)
	at oracle.jdbc.driver.OracleStatement.execute(OracleStatement.java:2460)
	at oracle.jdbc.driver.OracleStatementWrapper.execute(OracleStatementWrapper.java:328)
	at org.jkiss.dbeaver.model.impl.jdbc.exec.JDBCStatementImpl.execute(JDBCStatementImpl.java:332)
	at org.jkiss.dbeaver.model.impl.jdbc.exec.JDBCStatementImpl.executeStatement(JDBCStatementImpl.java:131)
	at org.jkiss.dbeaver.ui.editors.sql.execute.SQLQueryJob.executeStatement(SQLQueryJob.java:631)
	at org.jkiss.dbeaver.ui.editors.sql.execute.SQLQueryJob.lambda$2(SQLQueryJob.java:522)
	at org.jkiss.dbeaver.model.exec.DBExecUtils.tryExecuteRecover(DBExecUtils.java:192)
	at org.jkiss.dbeaver.ui.editors.sql.execute.SQLQueryJob.executeSingleQuery(SQLQueryJob.java:541)
	at org.jkiss.dbeaver.ui.editors.sql.execute.SQLQueryJob.extractData(SQLQueryJob.java:1001)
	at org.jkiss.dbeaver.ui.editors.sql.SQLEditor$QueryResultsContainer.readData(SQLEditor.java:4231)
	at org.jkiss.dbeaver.ui.controls.resultset.ResultSetJobDataRead.lambda$0(ResultSetJobDataRead.java:128)
	at org.jkiss.dbeaver.model.exec.DBExecUtils.tryExecuteRecover(DBExecUtils.java:192)
	at org.jkiss.dbeaver.ui.controls.resultset.ResultSetJobDataRead.run(ResultSetJobDataRead.java:126)
	at org.jkiss.dbeaver.ui.controls.resultset.ResultSetViewer$ResultSetDataPumpJob.run(ResultSetViewer.java:5160)
	at org.jkiss.dbeaver.model.runtime.AbstractJob.run(AbstractJob.java:117)
	at org.eclipse.core.internal.jobs.Worker.run(Worker.java:63)

!ENTRY org.jkiss.dbeaver.model 4 0 2024-09-13 14:58:37.791
!MESSAGE SQL Error [6550] [65000]: ORA-06550: 줄 2, 열2:PLS-00201: 'DMBS_OUTPUT.PUT_LINE' 식별자가 정의되어야 합니다
ORA-06550: 줄 2, 열2:PL/SQL: Statement ignored


Error position: line: 5 pos: 9
!SUBENTRY 1 org.jkiss.dbeaver.model 4 0 2024-09-13 14:58:37.791
!MESSAGE SQL Error [6550] [65000]: ORA-06550: 줄 2, 열2:PLS-00201: 'DMBS_OUTPUT.PUT_LINE' 식별자가 정의되어야 합니다
ORA-06550: 줄 2, 열2:PL/SQL: Statement ignored

!SUBENTRY 2 org.jkiss.dbeaver.model 4 0 2024-09-13 14:58:37.791
!MESSAGE Error : 6550, Position : 9, Sql = BEGIN 
	DMBS_OUTPUT.PUT_LINE('HELLO PL/SQL');
END;, OriginalSql = BEGIN 
	DMBS_OUTPUT.PUT_LINE('HELLO PL/SQL');
END;, Error Msg = ORA-06550: 줄 2, 열2:PLS-00201: 'DMBS_OUTPUT.PUT_LINE' 식별자가 정의되어야 합니다
ORA-06550: 줄 2, 열2:PL/SQL: Statement ignored

!STACK 0
Error : 6550, Position : 9, Sql = BEGIN 
	DMBS_OUTPUT.PUT_LINE('HELLO PL/SQL');
END;, OriginalSql = BEGIN 
	DMBS_OUTPUT.PUT_LINE('HELLO PL/SQL');
END;, Error Msg = ORA-06550: 줄 2, 열2:PLS-00201: 'DMBS_OUTPUT.PUT_LINE' 식별자가 정의되어야 합니다
ORA-06550: 줄 2, 열2:PL/SQL: Statement ignored

	at oracle.jdbc.driver.T4CTTIoer11.processError(T4CTTIoer11.java:637)
	at oracle.jdbc.driver.T4CTTIoer11.processError(T4CTTIoer11.java:564)
	at oracle.jdbc.driver.T4C8Oall.processError(T4C8Oall.java:1231)
	at oracle.jdbc.driver.T4CTTIfun.receive(T4CTTIfun.java:772)
	at oracle.jdbc.driver.T4CTTIfun.doRPC(T4CTTIfun.java:299)
	at oracle.jdbc.driver.T4C8Oall.doOALL(T4C8Oall.java:512)
	at oracle.jdbc.driver.T4CStatement.doOall8(T4CStatement.java:123)
	at oracle.jdbc.driver.T4CStatement.executeForRows(T4CStatement.java:1200)
	at oracle.jdbc.driver.OracleStatement.executeSQLStatement(OracleStatement.java:1820)
	at oracle.jdbc.driver.OracleStatement.doExecuteWithTimeout(OracleStatement.java:1472)
	at oracle.jdbc.driver.OracleStatement.executeInternal(OracleStatement.java:2505)
	at oracle.jdbc.driver.OracleStatement.execute(OracleStatement.java:2460)
	at oracle.jdbc.driver.OracleStatementWrapper.execute(OracleStatementWrapper.java:328)
	at org.jkiss.dbeaver.model.impl.jdbc.exec.JDBCStatementImpl.execute(JDBCStatementImpl.java:332)
	at org.jkiss.dbeaver.model.impl.jdbc.exec.JDBCStatementImpl.executeStatement(JDBCStatementImpl.java:131)
	at org.jkiss.dbeaver.ui.editors.sql.execute.SQLQueryJob.executeStatement(SQLQueryJob.java:631)
	at org.jkiss.dbeaver.ui.editors.sql.execute.SQLQueryJob.lambda$2(SQLQueryJob.java:522)
	at org.jkiss.dbeaver.model.exec.DBExecUtils.tryExecuteRecover(DBExecUtils.java:192)
	at org.jkiss.dbeaver.ui.editors.sql.execute.SQLQueryJob.executeSingleQuery(SQLQueryJob.java:541)
	at org.jkiss.dbeaver.ui.editors.sql.execute.SQLQueryJob.extractData(SQLQueryJob.java:1001)
	at org.jkiss.dbeaver.ui.editors.sql.SQLEditor$QueryResultsContainer.readData(SQLEditor.java:4231)
	at org.jkiss.dbeaver.ui.controls.resultset.ResultSetJobDataRead.lambda$0(ResultSetJobDataRead.java:128)
	at org.jkiss.dbeaver.model.exec.DBExecUtils.tryExecuteRecover(DBExecUtils.java:192)
	at org.jkiss.dbeaver.ui.controls.resultset.ResultSetJobDataRead.run(ResultSetJobDataRead.java:126)
	at org.jkiss.dbeaver.ui.controls.resultset.ResultSetViewer$ResultSetDataPumpJob.run(ResultSetViewer.java:5160)
	at org.jkiss.dbeaver.model.runtime.AbstractJob.run(AbstractJob.java:117)
	at org.eclipse.core.internal.jobs.Worker.run(Worker.java:63)

!ENTRY org.jkiss.dbeaver.model 4 0 2024-09-13 14:58:49.159
!MESSAGE SQL Error [6550] [65000]: ORA-06550: 줄 2, 열2:PLS-00201: 'DMBS_OUTPUT.PUT_LINE' 식별자가 정의되어야 합니다
ORA-06550: 줄 2, 열2:PL/SQL: Statement ignored


Error position: line: 5 pos: 9
!SUBENTRY 1 org.jkiss.dbeaver.model 4 0 2024-09-13 14:58:49.159
!MESSAGE SQL Error [6550] [65000]: ORA-06550: 줄 2, 열2:PLS-00201: 'DMBS_OUTPUT.PUT_LINE' 식별자가 정의되어야 합니다
ORA-06550: 줄 2, 열2:PL/SQL: Statement ignored

!SUBENTRY 2 org.jkiss.dbeaver.model 4 0 2024-09-13 14:58:49.159
!MESSAGE Error : 6550, Position : 9, Sql = BEGIN 
	DMBS_OUTPUT.PUT_LINE('HELLO PL/SQL');
END;, OriginalSql = BEGIN 
	DMBS_OUTPUT.PUT_LINE('HELLO PL/SQL');
END;, Error Msg = ORA-06550: 줄 2, 열2:PLS-00201: 'DMBS_OUTPUT.PUT_LINE' 식별자가 정의되어야 합니다
ORA-06550: 줄 2, 열2:PL/SQL: Statement ignored

!STACK 0
Error : 6550, Position : 9, Sql = BEGIN 
	DMBS_OUTPUT.PUT_LINE('HELLO PL/SQL');
END;, OriginalSql = BEGIN 
	DMBS_OUTPUT.PUT_LINE('HELLO PL/SQL');
END;, Error Msg = ORA-06550: 줄 2, 열2:PLS-00201: 'DMBS_OUTPUT.PUT_LINE' 식별자가 정의되어야 합니다
ORA-06550: 줄 2, 열2:PL/SQL: Statement ignored

	at oracle.jdbc.driver.T4CTTIoer11.processError(T4CTTIoer11.java:637)
	at oracle.jdbc.driver.T4CTTIoer11.processError(T4CTTIoer11.java:564)
	at oracle.jdbc.driver.T4C8Oall.processError(T4C8Oall.java:1231)
	at oracle.jdbc.driver.T4CTTIfun.receive(T4CTTIfun.java:772)
	at oracle.jdbc.driver.T4CTTIfun.doRPC(T4CTTIfun.java:299)
	at oracle.jdbc.driver.T4C8Oall.doOALL(T4C8Oall.java:512)
	at oracle.jdbc.driver.T4CStatement.doOall8(T4CStatement.java:123)
	at oracle.jdbc.driver.T4CStatement.executeForRows(T4CStatement.java:1200)
	at oracle.jdbc.driver.OracleStatement.executeSQLStatement(OracleStatement.java:1820)
	at oracle.jdbc.driver.OracleStatement.doExecuteWithTimeout(OracleStatement.java:1472)
	at oracle.jdbc.driver.OracleStatement.executeInternal(OracleStatement.java:2505)
	at oracle.jdbc.driver.OracleStatement.execute(OracleStatement.java:2460)
	at oracle.jdbc.driver.OracleStatementWrapper.execute(OracleStatementWrapper.java:328)
	at org.jkiss.dbeaver.model.impl.jdbc.exec.JDBCStatementImpl.execute(JDBCStatementImpl.java:332)
	at org.jkiss.dbeaver.model.impl.jdbc.exec.JDBCStatementImpl.executeStatement(JDBCStatementImpl.java:131)
	at org.jkiss.dbeaver.ui.editors.sql.execute.SQLQueryJob.executeStatement(SQLQueryJob.java:631)
	at org.jkiss.dbeaver.ui.editors.sql.execute.SQLQueryJob.lambda$2(SQLQueryJob.java:522)
	at org.jkiss.dbeaver.model.exec.DBExecUtils.tryExecuteRecover(DBExecUtils.java:192)
	at org.jkiss.dbeaver.ui.editors.sql.execute.SQLQueryJob.executeSingleQuery(SQLQueryJob.java:541)
	at org.jkiss.dbeaver.ui.editors.sql.execute.SQLQueryJob.extractData(SQLQueryJob.java:1001)
	at org.jkiss.dbeaver.ui.editors.sql.SQLEditor$QueryResultsContainer.readData(SQLEditor.java:4231)
	at org.jkiss.dbeaver.ui.controls.resultset.ResultSetJobDataRead.lambda$0(ResultSetJobDataRead.java:128)
	at org.jkiss.dbeaver.model.exec.DBExecUtils.tryExecuteRecover(DBExecUtils.java:192)
	at org.jkiss.dbeaver.ui.controls.resultset.ResultSetJobDataRead.run(ResultSetJobDataRead.java:126)
	at org.jkiss.dbeaver.ui.controls.resultset.ResultSetViewer$ResultSetDataPumpJob.run(ResultSetViewer.java:5160)
	at org.jkiss.dbeaver.model.runtime.AbstractJob.run(AbstractJob.java:117)
	at org.eclipse.core.internal.jobs.Worker.run(Worker.java:63)

!ENTRY org.jkiss.dbeaver.model 4 0 2024-09-13 14:58:51.633
!MESSAGE SQL Error [900] [42000]: ORA-00900: SQL 문이 부적합합니다


Error position: line: 7
!SUBENTRY 1 org.jkiss.dbeaver.model 4 0 2024-09-13 14:58:51.633
!MESSAGE SQL Error [900] [42000]: ORA-00900: SQL 문이 부적합합니다

!SUBENTRY 2 org.jkiss.dbeaver.model 4 0 2024-09-13 14:58:51.633
!MESSAGE Error : 900, Position : 0, Sql = /, OriginalSql = /, Error Msg = ORA-00900: SQL 문이 부적합합니다

!STACK 0
Error : 900, Position : 0, Sql = /, OriginalSql = /, Error Msg = ORA-00900: SQL 문이 부적합합니다

	at oracle.jdbc.driver.T4CTTIoer11.processError(T4CTTIoer11.java:637)
	at oracle.jdbc.driver.T4CTTIoer11.processError(T4CTTIoer11.java:564)
	at oracle.jdbc.driver.T4C8Oall.processError(T4C8Oall.java:1231)
	at oracle.jdbc.driver.T4CTTIfun.receive(T4CTTIfun.java:772)
	at oracle.jdbc.driver.T4CTTIfun.doRPC(T4CTTIfun.java:299)
	at oracle.jdbc.driver.T4C8Oall.doOALL(T4C8Oall.java:512)
	at oracle.jdbc.driver.T4CStatement.doOall8(T4CStatement.java:123)
	at oracle.jdbc.driver.T4CStatement.executeForRows(T4CStatement.java:1200)
	at oracle.jdbc.driver.OracleStatement.executeSQLStatement(OracleStatement.java:1820)
	at oracle.jdbc.driver.OracleStatement.doExecuteWithTimeout(OracleStatement.java:1472)
	at oracle.jdbc.driver.OracleStatement.executeInternal(OracleStatement.java:2505)
	at oracle.jdbc.driver.OracleStatement.execute(OracleStatement.java:2460)
	at oracle.jdbc.driver.OracleStatementWrapper.execute(OracleStatementWrapper.java:328)
	at org.jkiss.dbeaver.model.impl.jdbc.exec.JDBCStatementImpl.execute(JDBCStatementImpl.java:332)
	at org.jkiss.dbeaver.model.impl.jdbc.exec.JDBCStatementImpl.executeStatement(JDBCStatementImpl.java:131)
	at org.jkiss.dbeaver.ui.editors.sql.execute.SQLQueryJob.executeStatement(SQLQueryJob.java:631)
	at org.jkiss.dbeaver.ui.editors.sql.execute.SQLQueryJob.lambda$2(SQLQueryJob.java:522)
	at org.jkiss.dbeaver.model.exec.DBExecUtils.tryExecuteRecover(DBExecUtils.java:192)
	at org.jkiss.dbeaver.ui.editors.sql.execute.SQLQueryJob.executeSingleQuery(SQLQueryJob.java:541)
	at org.jkiss.dbeaver.ui.editors.sql.execute.SQLQueryJob.extractData(SQLQueryJob.java:1001)
	at org.jkiss.dbeaver.ui.editors.sql.SQLEditor$QueryResultsContainer.readData(SQLEditor.java:4231)
	at org.jkiss.dbeaver.ui.controls.resultset.ResultSetJobDataRead.lambda$0(ResultSetJobDataRead.java:128)
	at org.jkiss.dbeaver.model.exec.DBExecUtils.tryExecuteRecover(DBExecUtils.java:192)
	at org.jkiss.dbeaver.ui.controls.resultset.ResultSetJobDataRead.run(ResultSetJobDataRead.java:126)
	at org.jkiss.dbeaver.ui.controls.resultset.ResultSetViewer$ResultSetDataPumpJob.run(ResultSetViewer.java:5160)
	at org.jkiss.dbeaver.model.runtime.AbstractJob.run(AbstractJob.java:117)
	at org.eclipse.core.internal.jobs.Worker.run(Worker.java:63)

!ENTRY org.jkiss.dbeaver.model 4 0 2024-09-13 14:58:54.698
!MESSAGE SQL Error [6550] [65000]: ORA-06550: 줄 4, 열1:PLS-00103: 심볼 "/"를 만났습니다 심볼이 "/" 무시되었습니다

!SUBENTRY 1 org.jkiss.dbeaver.model 4 0 2024-09-13 14:58:54.698
!MESSAGE Error : 6550, Position : 54, Sql = BEGIN 
	DMBS_OUTPUT.PUT_LINE('HELLO PL/SQL');
END;
/, OriginalSql = BEGIN 
	DMBS_OUTPUT.PUT_LINE('HELLO PL/SQL');
END;
/, Error Msg = ORA-06550: 줄 4, 열1:PLS-00103: 심볼 "/"를 만났습니다 심볼이 "/" 무시되었습니다

!STACK 0
Error : 6550, Position : 54, Sql = BEGIN 
	DMBS_OUTPUT.PUT_LINE('HELLO PL/SQL');
END;
/, OriginalSql = BEGIN 
	DMBS_OUTPUT.PUT_LINE('HELLO PL/SQL');
END;
/, Error Msg = ORA-06550: 줄 4, 열1:PLS-00103: 심볼 "/"를 만났습니다 심볼이 "/" 무시되었습니다

	at oracle.jdbc.driver.T4CTTIoer11.processError(T4CTTIoer11.java:637)
	at oracle.jdbc.driver.T4CTTIoer11.processError(T4CTTIoer11.java:564)
	at oracle.jdbc.driver.T4C8Oall.processError(T4C8Oall.java:1231)
	at oracle.jdbc.driver.T4CTTIfun.receive(T4CTTIfun.java:772)
	at oracle.jdbc.driver.T4CTTIfun.doRPC(T4CTTIfun.java:299)
	at oracle.jdbc.driver.T4C8Oall.doOALL(T4C8Oall.java:512)
	at oracle.jdbc.driver.T4CStatement.doOall8(T4CStatement.java:123)
	at oracle.jdbc.driver.T4CStatement.executeForRows(T4CStatement.java:1200)
	at oracle.jdbc.driver.OracleStatement.executeSQLStatement(OracleStatement.java:1820)
	at oracle.jdbc.driver.OracleStatement.doExecuteWithTimeout(OracleStatement.java:1472)
	at oracle.jdbc.driver.OracleStatement.executeInternal(OracleStatement.java:2505)
	at oracle.jdbc.driver.OracleStatement.execute(OracleStatement.java:2460)
	at oracle.jdbc.driver.OracleStatementWrapper.execute(OracleStatementWrapper.java:328)
	at org.jkiss.dbeaver.model.impl.jdbc.exec.JDBCStatementImpl.execute(JDBCStatementImpl.java:332)
	at org.jkiss.dbeaver.model.impl.jdbc.exec.JDBCStatementImpl.executeStatement(JDBCStatementImpl.java:131)
	at org.jkiss.dbeaver.ui.editors.sql.execute.SQLQueryJob.executeStatement(SQLQueryJob.java:631)
	at org.jkiss.dbeaver.ui.editors.sql.execute.SQLQueryJob.lambda$2(SQLQueryJob.java:522)
	at org.jkiss.dbeaver.model.exec.DBExecUtils.tryExecuteRecover(DBExecUtils.java:192)
	at org.jkiss.dbeaver.ui.editors.sql.execute.SQLQueryJob.executeSingleQuery(SQLQueryJob.java:541)
	at org.jkiss.dbeaver.ui.editors.sql.execute.SQLQueryJob.extractData(SQLQueryJob.java:1001)
	at org.jkiss.dbeaver.ui.editors.sql.SQLEditor$QueryResultsContainer.readData(SQLEditor.java:4231)
	at org.jkiss.dbeaver.ui.controls.resultset.ResultSetJobDataRead.lambda$0(ResultSetJobDataRead.java:128)
	at org.jkiss.dbeaver.model.exec.DBExecUtils.tryExecuteRecover(DBExecUtils.java:192)
	at org.jkiss.dbeaver.ui.controls.resultset.ResultSetJobDataRead.run(ResultSetJobDataRead.java:126)
	at org.jkiss.dbeaver.ui.controls.resultset.ResultSetViewer$ResultSetDataPumpJob.run(ResultSetViewer.java:5160)
	at org.jkiss.dbeaver.model.runtime.AbstractJob.run(AbstractJob.java:117)
	at org.eclipse.core.internal.jobs.Worker.run(Worker.java:63)

!ENTRY org.jkiss.dbeaver.model 4 0 2024-09-13 14:59:24.669
!MESSAGE SQL Error [6550] [65000]: ORA-06550: 줄 2, 열2:PLS-00201: 'DMBS_OUTPUT.PUT_LINE' 식별자가 정의되어야 합니다
ORA-06550: 줄 2, 열2:PL/SQL: Statement ignored


Error position: line: 5 pos: 9
!SUBENTRY 1 org.jkiss.dbeaver.model 4 0 2024-09-13 14:59:24.669
!MESSAGE SQL Error [6550] [65000]: ORA-06550: 줄 2, 열2:PLS-00201: 'DMBS_OUTPUT.PUT_LINE' 식별자가 정의되어야 합니다
ORA-06550: 줄 2, 열2:PL/SQL: Statement ignored

!SUBENTRY 2 org.jkiss.dbeaver.model 4 0 2024-09-13 14:59:24.669
!MESSAGE Error : 6550, Position : 9, Sql = BEGIN 
	DMBS_OUTPUT.PUT_LINE('HELLO PL/SQL');
END;, OriginalSql = BEGIN 
	DMBS_OUTPUT.PUT_LINE('HELLO PL/SQL');
END;, Error Msg = ORA-06550: 줄 2, 열2:PLS-00201: 'DMBS_OUTPUT.PUT_LINE' 식별자가 정의되어야 합니다
ORA-06550: 줄 2, 열2:PL/SQL: Statement ignored

!STACK 0
Error : 6550, Position : 9, Sql = BEGIN 
	DMBS_OUTPUT.PUT_LINE('HELLO PL/SQL');
END;, OriginalSql = BEGIN 
	DMBS_OUTPUT.PUT_LINE('HELLO PL/SQL');
END;, Error Msg = ORA-06550: 줄 2, 열2:PLS-00201: 'DMBS_OUTPUT.PUT_LINE' 식별자가 정의되어야 합니다
ORA-06550: 줄 2, 열2:PL/SQL: Statement ignored

	at oracle.jdbc.driver.T4CTTIoer11.processError(T4CTTIoer11.java:637)
	at oracle.jdbc.driver.T4CTTIoer11.processError(T4CTTIoer11.java:564)
	at oracle.jdbc.driver.T4C8Oall.processError(T4C8Oall.java:1231)
	at oracle.jdbc.driver.T4CTTIfun.receive(T4CTTIfun.java:772)
	at oracle.jdbc.driver.T4CTTIfun.doRPC(T4CTTIfun.java:299)
	at oracle.jdbc.driver.T4C8Oall.doOALL(T4C8Oall.java:512)
	at oracle.jdbc.driver.T4CStatement.doOall8(T4CStatement.java:123)
	at oracle.jdbc.driver.T4CStatement.executeForRows(T4CStatement.java:1200)
	at oracle.jdbc.driver.OracleStatement.executeSQLStatement(OracleStatement.java:1820)
	at oracle.jdbc.driver.OracleStatement.doExecuteWithTimeout(OracleStatement.java:1472)
	at oracle.jdbc.driver.OracleStatement.executeInternal(OracleStatement.java:2505)
	at oracle.jdbc.driver.OracleStatement.execute(OracleStatement.java:2460)
	at oracle.jdbc.driver.OracleStatementWrapper.execute(OracleStatementWrapper.java:328)
	at org.jkiss.dbeaver.model.impl.jdbc.exec.JDBCStatementImpl.execute(JDBCStatementImpl.java:332)
	at org.jkiss.dbeaver.model.impl.jdbc.exec.JDBCStatementImpl.executeStatement(JDBCStatementImpl.java:131)
	at org.jkiss.dbeaver.ui.editors.sql.execute.SQLQueryJob.executeStatement(SQLQueryJob.java:631)
	at org.jkiss.dbeaver.ui.editors.sql.execute.SQLQueryJob.lambda$2(SQLQueryJob.java:522)
	at org.jkiss.dbeaver.model.exec.DBExecUtils.tryExecuteRecover(DBExecUtils.java:192)
	at org.jkiss.dbeaver.ui.editors.sql.execute.SQLQueryJob.executeSingleQuery(SQLQueryJob.java:541)
	at org.jkiss.dbeaver.ui.editors.sql.execute.SQLQueryJob.extractData(SQLQueryJob.java:1001)
	at org.jkiss.dbeaver.ui.editors.sql.SQLEditor$QueryResultsContainer.readData(SQLEditor.java:4231)
	at org.jkiss.dbeaver.ui.controls.resultset.ResultSetJobDataRead.lambda$0(ResultSetJobDataRead.java:128)
	at org.jkiss.dbeaver.model.exec.DBExecUtils.tryExecuteRecover(DBExecUtils.java:192)
	at org.jkiss.dbeaver.ui.controls.resultset.ResultSetJobDataRead.run(ResultSetJobDataRead.java:126)
	at org.jkiss.dbeaver.ui.controls.resultset.ResultSetViewer$ResultSetDataPumpJob.run(ResultSetViewer.java:5160)
	at org.jkiss.dbeaver.model.runtime.AbstractJob.run(AbstractJob.java:117)
	at org.eclipse.core.internal.jobs.Worker.run(Worker.java:63)

!ENTRY org.jkiss.dbeaver.model 4 0 2024-09-13 14:59:27.985
!MESSAGE SQL Error [6550] [65000]: ORA-06550: 줄 2, 열2:PLS-00201: 'DMBS_OUTPUT.PUT_LINE' 식별자가 정의되어야 합니다
ORA-06550: 줄 2, 열2:PL/SQL: Statement ignored

!SUBENTRY 1 org.jkiss.dbeaver.model 4 0 2024-09-13 14:59:27.985
!MESSAGE Error : 6550, Position : 9, Sql = BEGIN 
	DMBS_OUTPUT.PUT_LINE('HELLO PL/SQL');
END;, OriginalSql = BEGIN 
	DMBS_OUTPUT.PUT_LINE('HELLO PL/SQL');
END;, Error Msg = ORA-06550: 줄 2, 열2:PLS-00201: 'DMBS_OUTPUT.PUT_LINE' 식별자가 정의되어야 합니다
ORA-06550: 줄 2, 열2:PL/SQL: Statement ignored

!STACK 0
Error : 6550, Position : 9, Sql = BEGIN 
	DMBS_OUTPUT.PUT_LINE('HELLO PL/SQL');
END;, OriginalSql = BEGIN 
	DMBS_OUTPUT.PUT_LINE('HELLO PL/SQL');
END;, Error Msg = ORA-06550: 줄 2, 열2:PLS-00201: 'DMBS_OUTPUT.PUT_LINE' 식별자가 정의되어야 합니다
ORA-06550: 줄 2, 열2:PL/SQL: Statement ignored

	at oracle.jdbc.driver.T4CTTIoer11.processError(T4CTTIoer11.java:637)
	at oracle.jdbc.driver.T4CTTIoer11.processError(T4CTTIoer11.java:564)
	at oracle.jdbc.driver.T4C8Oall.processError(T4C8Oall.java:1231)
	at oracle.jdbc.driver.T4CTTIfun.receive(T4CTTIfun.java:772)
	at oracle.jdbc.driver.T4CTTIfun.doRPC(T4CTTIfun.java:299)
	at oracle.jdbc.driver.T4C8Oall.doOALL(T4C8Oall.java:512)
	at oracle.jdbc.driver.T4CStatement.doOall8(T4CStatement.java:123)
	at oracle.jdbc.driver.T4CStatement.executeForRows(T4CStatement.java:1200)
	at oracle.jdbc.driver.OracleStatement.executeSQLStatement(OracleStatement.java:1820)
	at oracle.jdbc.driver.OracleStatement.doExecuteWithTimeout(OracleStatement.java:1472)
	at oracle.jdbc.driver.OracleStatement.executeInternal(OracleStatement.java:2505)
	at oracle.jdbc.driver.OracleStatement.execute(OracleStatement.java:2460)
	at oracle.jdbc.driver.OracleStatementWrapper.execute(OracleStatementWrapper.java:328)
	at org.jkiss.dbeaver.model.impl.jdbc.exec.JDBCStatementImpl.execute(JDBCStatementImpl.java:332)
	at org.jkiss.dbeaver.model.impl.jdbc.exec.JDBCStatementImpl.executeStatement(JDBCStatementImpl.java:131)
	at org.jkiss.dbeaver.ui.editors.sql.execute.SQLQueryJob.executeStatement(SQLQueryJob.java:631)
	at org.jkiss.dbeaver.ui.editors.sql.execute.SQLQueryJob.lambda$2(SQLQueryJob.java:522)
	at org.jkiss.dbeaver.model.exec.DBExecUtils.tryExecuteRecover(DBExecUtils.java:192)
	at org.jkiss.dbeaver.ui.editors.sql.execute.SQLQueryJob.executeSingleQuery(SQLQueryJob.java:541)
	at org.jkiss.dbeaver.ui.editors.sql.execute.SQLQueryJob.extractData(SQLQueryJob.java:1001)
	at org.jkiss.dbeaver.ui.editors.sql.SQLEditor$QueryResultsContainer.readData(SQLEditor.java:4231)
	at org.jkiss.dbeaver.ui.controls.resultset.ResultSetJobDataRead.lambda$0(ResultSetJobDataRead.java:128)
	at org.jkiss.dbeaver.model.exec.DBExecUtils.tryExecuteRecover(DBExecUtils.java:192)
	at org.jkiss.dbeaver.ui.controls.resultset.ResultSetJobDataRead.run(ResultSetJobDataRead.java:126)
	at org.jkiss.dbeaver.ui.controls.resultset.ResultSetViewer$ResultSetDataPumpJob.run(ResultSetViewer.java:5160)
	at org.jkiss.dbeaver.model.runtime.AbstractJob.run(AbstractJob.java:117)
	at org.eclipse.core.internal.jobs.Worker.run(Worker.java:63)

!ENTRY org.jkiss.dbeaver.model 4 0 2024-09-13 14:59:31.454
!MESSAGE SQL Error [900] [42000]: ORA-00900: SQL 문이 부적합합니다

!SUBENTRY 1 org.jkiss.dbeaver.model 4 0 2024-09-13 14:59:31.454
!MESSAGE Error : 900, Position : 0, Sql = /, OriginalSql = /, Error Msg = ORA-00900: SQL 문이 부적합합니다

!STACK 0
Error : 900, Position : 0, Sql = /, OriginalSql = /, Error Msg = ORA-00900: SQL 문이 부적합합니다

	at oracle.jdbc.driver.T4CTTIoer11.processError(T4CTTIoer11.java:637)
	at oracle.jdbc.driver.T4CTTIoer11.processError(T4CTTIoer11.java:564)
	at oracle.jdbc.driver.T4C8Oall.processError(T4C8Oall.java:1231)
	at oracle.jdbc.driver.T4CTTIfun.receive(T4CTTIfun.java:772)
	at oracle.jdbc.driver.T4CTTIfun.doRPC(T4CTTIfun.java:299)
	at oracle.jdbc.driver.T4C8Oall.doOALL(T4C8Oall.java:512)
	at oracle.jdbc.driver.T4CStatement.doOall8(T4CStatement.java:123)
	at oracle.jdbc.driver.T4CStatement.executeForRows(T4CStatement.java:1200)
	at oracle.jdbc.driver.OracleStatement.executeSQLStatement(OracleStatement.java:1820)
	at oracle.jdbc.driver.OracleStatement.doExecuteWithTimeout(OracleStatement.java:1472)
	at oracle.jdbc.driver.OracleStatement.executeInternal(OracleStatement.java:2505)
	at oracle.jdbc.driver.OracleStatement.execute(OracleStatement.java:2460)
	at oracle.jdbc.driver.OracleStatementWrapper.execute(OracleStatementWrapper.java:328)
	at org.jkiss.dbeaver.model.impl.jdbc.exec.JDBCStatementImpl.execute(JDBCStatementImpl.java:332)
	at org.jkiss.dbeaver.model.impl.jdbc.exec.JDBCStatementImpl.executeStatement(JDBCStatementImpl.java:131)
	at org.jkiss.dbeaver.ui.editors.sql.execute.SQLQueryJob.executeStatement(SQLQueryJob.java:631)
	at org.jkiss.dbeaver.ui.editors.sql.execute.SQLQueryJob.lambda$2(SQLQueryJob.java:522)
	at org.jkiss.dbeaver.model.exec.DBExecUtils.tryExecuteRecover(DBExecUtils.java:192)
	at org.jkiss.dbeaver.ui.editors.sql.execute.SQLQueryJob.executeSingleQuery(SQLQueryJob.java:541)
	at org.jkiss.dbeaver.ui.editors.sql.execute.SQLQueryJob.extractData(SQLQueryJob.java:1001)
	at org.jkiss.dbeaver.ui.editors.sql.SQLEditor$QueryResultsContainer.readData(SQLEditor.java:4231)
	at org.jkiss.dbeaver.ui.controls.resultset.ResultSetJobDataRead.lambda$0(ResultSetJobDataRead.java:128)
	at org.jkiss.dbeaver.model.exec.DBExecUtils.tryExecuteRecover(DBExecUtils.java:192)
	at org.jkiss.dbeaver.ui.controls.resultset.ResultSetJobDataRead.run(ResultSetJobDataRead.java:126)
	at org.jkiss.dbeaver.ui.controls.resultset.ResultSetViewer$ResultSetDataPumpJob.run(ResultSetViewer.java:5160)
	at org.jkiss.dbeaver.model.runtime.AbstractJob.run(AbstractJob.java:117)
	at org.eclipse.core.internal.jobs.Worker.run(Worker.java:63)

!ENTRY org.jkiss.dbeaver.model 4 0 2024-09-13 14:59:35.916
!MESSAGE SQL Error [6550] [65000]: ORA-06550: 줄 4, 열1:PLS-00103: 심볼 "/"를 만났습니다 심볼이 "/" 무시되었습니다

!SUBENTRY 1 org.jkiss.dbeaver.model 4 0 2024-09-13 14:59:35.916
!MESSAGE Error : 6550, Position : 54, Sql = BEGIN 
	DMBS_OUTPUT.PUT_LINE('HELLO PL/SQL');
END;
/, OriginalSql = BEGIN 
	DMBS_OUTPUT.PUT_LINE('HELLO PL/SQL');
END;
/, Error Msg = ORA-06550: 줄 4, 열1:PLS-00103: 심볼 "/"를 만났습니다 심볼이 "/" 무시되었습니다

!STACK 0
Error : 6550, Position : 54, Sql = BEGIN 
	DMBS_OUTPUT.PUT_LINE('HELLO PL/SQL');
END;
/, OriginalSql = BEGIN 
	DMBS_OUTPUT.PUT_LINE('HELLO PL/SQL');
END;
/, Error Msg = ORA-06550: 줄 4, 열1:PLS-00103: 심볼 "/"를 만났습니다 심볼이 "/" 무시되었습니다

	at oracle.jdbc.driver.T4CTTIoer11.processError(T4CTTIoer11.java:637)
	at oracle.jdbc.driver.T4CTTIoer11.processError(T4CTTIoer11.java:564)
	at oracle.jdbc.driver.T4C8Oall.processError(T4C8Oall.java:1231)
	at oracle.jdbc.driver.T4CTTIfun.receive(T4CTTIfun.java:772)
	at oracle.jdbc.driver.T4CTTIfun.doRPC(T4CTTIfun.java:299)
	at oracle.jdbc.driver.T4C8Oall.doOALL(T4C8Oall.java:512)
	at oracle.jdbc.driver.T4CStatement.doOall8(T4CStatement.java:123)
	at oracle.jdbc.driver.T4CStatement.executeForRows(T4CStatement.java:1200)
	at oracle.jdbc.driver.OracleStatement.executeSQLStatement(OracleStatement.java:1820)
	at oracle.jdbc.driver.OracleStatement.doExecuteWithTimeout(OracleStatement.java:1472)
	at oracle.jdbc.driver.OracleStatement.executeInternal(OracleStatement.java:2505)
	at oracle.jdbc.driver.OracleStatement.execute(OracleStatement.java:2460)
	at oracle.jdbc.driver.OracleStatementWrapper.execute(OracleStatementWrapper.java:328)
	at org.jkiss.dbeaver.model.impl.jdbc.exec.JDBCStatementImpl.execute(JDBCStatementImpl.java:332)
	at org.jkiss.dbeaver.model.impl.jdbc.exec.JDBCStatementImpl.executeStatement(JDBCStatementImpl.java:131)
	at org.jkiss.dbeaver.ui.editors.sql.execute.SQLQueryJob.executeStatement(SQLQueryJob.java:631)
	at org.jkiss.dbeaver.ui.editors.sql.execute.SQLQueryJob.lambda$2(SQLQueryJob.java:522)
	at org.jkiss.dbeaver.model.exec.DBExecUtils.tryExecuteRecover(DBExecUtils.java:192)
	at org.jkiss.dbeaver.ui.editors.sql.execute.SQLQueryJob.executeSingleQuery(SQLQueryJob.java:541)
	at org.jkiss.dbeaver.ui.editors.sql.execute.SQLQueryJob.extractData(SQLQueryJob.java:1001)
	at org.jkiss.dbeaver.ui.editors.sql.SQLEditor$QueryResultsContainer.readData(SQLEditor.java:4231)
	at org.jkiss.dbeaver.ui.controls.resultset.ResultSetJobDataRead.lambda$0(ResultSetJobDataRead.java:128)
	at org.jkiss.dbeaver.model.exec.DBExecUtils.tryExecuteRecover(DBExecUtils.java:192)
	at org.jkiss.dbeaver.ui.controls.resultset.ResultSetJobDataRead.run(ResultSetJobDataRead.java:126)
	at org.jkiss.dbeaver.ui.controls.resultset.ResultSetViewer$ResultSetDataPumpJob.run(ResultSetViewer.java:5160)
	at org.jkiss.dbeaver.model.runtime.AbstractJob.run(AbstractJob.java:117)
	at org.eclipse.core.internal.jobs.Worker.run(Worker.java:63)

!ENTRY org.jkiss.dbeaver.model 4 0 2024-09-13 15:04:01.580
!MESSAGE SQL Error [6550] [65000]: ORA-06550: 줄 3, 열2:PLS-00103: 심볼 "V_ENAME"를 만났습니다 다음 중 하나가 기대될 때:
   * & = - + ; < / > at in is mod remainder not rem <지수(**)>
   <> or != or ~= >= <= <> and or like like2 like4 likec between
   || multiset member submultiset
심볼이 ";" 계속하기 위하여 "V_ENAME"로 치환되었습니다
ORA-06550: 줄 8, 열3:PLS-00103: 심볼 "end-of-file"를 만났습니다 다음 중 하나가 기대될 때:
   ; <식별자> <큰 따옴표로 구분된 식별자>
심볼이 ";" 계속하기 위하여 "end-of-file"로 치환되었습니다

!SUBENTRY 1 org.jkiss.dbeaver.model 4 0 2024-09-13 15:04:01.580
!MESSAGE Error : 6550, Position : 39, Sql = DECLARE 
	V_EMPNO NUMBER(4) := 7788
	V_ENAME VARCHAR(10);
BEGIN
	V_ENAME := 'SCOTT';
	DMBS_OUTPUT.PUT_LINE('V_EMPNO : ' || V_EMPNO);
DMBS_OUTPUT.PUT_LINE('V_ENAME : ' || V_ENAME);
END, OriginalSql = DECLARE 
	V_EMPNO NUMBER(4) := 7788
	V_ENAME VARCHAR(10);
BEGIN
	V_ENAME := 'SCOTT';
	DMBS_OUTPUT.PUT_LINE('V_EMPNO : ' || V_EMPNO);
DMBS_OUTPUT.PUT_LINE('V_ENAME : ' || V_ENAME);
END, Error Msg = ORA-06550: 줄 3, 열2:PLS-00103: 심볼 "V_ENAME"를 만났습니다 다음 중 하나가 기대될 때:
   * & = - + ; < / > at in is mod remainder not rem <지수(**)>
   <> or != or ~= >= <= <> and or like like2 like4 likec between
   || multiset member submultiset
심볼이 ";" 계속하기 위하여 "V_ENAME"로 치환되었습니다
ORA-06550: 줄 8, 열3:PLS-00103: 심볼 "end-of-file"를 만났습니다 다음 중 하나가 기대될 때:
   ; <식별자> <큰 따옴표로 구분된 식별자>
심볼이 ";" 계속하기 위하여 "end-of-file"로 치환되었습니다

!STACK 0
Error : 6550, Position : 39, Sql = DECLARE 
	V_EMPNO NUMBER(4) := 7788
	V_ENAME VARCHAR(10);
BEGIN
	V_ENAME := 'SCOTT';
	DMBS_OUTPUT.PUT_LINE('V_EMPNO : ' || V_EMPNO);
DMBS_OUTPUT.PUT_LINE('V_ENAME : ' || V_ENAME);
END, OriginalSql = DECLARE 
	V_EMPNO NUMBER(4) := 7788
	V_ENAME VARCHAR(10);
BEGIN
	V_ENAME := 'SCOTT';
	DMBS_OUTPUT.PUT_LINE('V_EMPNO : ' || V_EMPNO);
DMBS_OUTPUT.PUT_LINE('V_ENAME : ' || V_ENAME);
END, Error Msg = ORA-06550: 줄 3, 열2:PLS-00103: 심볼 "V_ENAME"를 만났습니다 다음 중 하나가 기대될 때:
   * & = - + ; < / > at in is mod remainder not rem <지수(**)>
   <> or != or ~= >= <= <> and or like like2 like4 likec between
   || multiset member submultiset
심볼이 ";" 계속하기 위하여 "V_ENAME"로 치환되었습니다
ORA-06550: 줄 8, 열3:PLS-00103: 심볼 "end-of-file"를 만났습니다 다음 중 하나가 기대될 때:
   ; <식별자> <큰 따옴표로 구분된 식별자>
심볼이 ";" 계속하기 위하여 "end-of-file"로 치환되었습니다

	at oracle.jdbc.driver.T4CTTIoer11.processError(T4CTTIoer11.java:637)
	at oracle.jdbc.driver.T4CTTIoer11.processError(T4CTTIoer11.java:564)
	at oracle.jdbc.driver.T4C8Oall.processError(T4C8Oall.java:1231)
	at oracle.jdbc.driver.T4CTTIfun.receive(T4CTTIfun.java:772)
	at oracle.jdbc.driver.T4CTTIfun.doRPC(T4CTTIfun.java:299)
	at oracle.jdbc.driver.T4C8Oall.doOALL(T4C8Oall.java:512)
	at oracle.jdbc.driver.T4CStatement.doOall8(T4CStatement.java:123)
	at oracle.jdbc.driver.T4CStatement.executeForRows(T4CStatement.java:1200)
	at oracle.jdbc.driver.OracleStatement.executeSQLStatement(OracleStatement.java:1820)
	at oracle.jdbc.driver.OracleStatement.doExecuteWithTimeout(OracleStatement.java:1472)
	at oracle.jdbc.driver.OracleStatement.executeInternal(OracleStatement.java:2505)
	at oracle.jdbc.driver.OracleStatement.execute(OracleStatement.java:2460)
	at oracle.jdbc.driver.OracleStatementWrapper.execute(OracleStatementWrapper.java:328)
	at org.jkiss.dbeaver.model.impl.jdbc.exec.JDBCStatementImpl.execute(JDBCStatementImpl.java:332)
	at org.jkiss.dbeaver.model.impl.jdbc.exec.JDBCStatementImpl.executeStatement(JDBCStatementImpl.java:131)
	at org.jkiss.dbeaver.ui.editors.sql.execute.SQLQueryJob.executeStatement(SQLQueryJob.java:631)
	at org.jkiss.dbeaver.ui.editors.sql.execute.SQLQueryJob.lambda$2(SQLQueryJob.java:522)
	at org.jkiss.dbeaver.model.exec.DBExecUtils.tryExecuteRecover(DBExecUtils.java:192)
	at org.jkiss.dbeaver.ui.editors.sql.execute.SQLQueryJob.executeSingleQuery(SQLQueryJob.java:541)
	at org.jkiss.dbeaver.ui.editors.sql.execute.SQLQueryJob.extractData(SQLQueryJob.java:1001)
	at org.jkiss.dbeaver.ui.editors.sql.SQLEditor$QueryResultsContainer.readData(SQLEditor.java:4231)
	at org.jkiss.dbeaver.ui.controls.resultset.ResultSetJobDataRead.lambda$0(ResultSetJobDataRead.java:128)
	at org.jkiss.dbeaver.model.exec.DBExecUtils.tryExecuteRecover(DBExecUtils.java:192)
	at org.jkiss.dbeaver.ui.controls.resultset.ResultSetJobDataRead.run(ResultSetJobDataRead.java:126)
	at org.jkiss.dbeaver.ui.controls.resultset.ResultSetViewer$ResultSetDataPumpJob.run(ResultSetViewer.java:5160)
	at org.jkiss.dbeaver.model.runtime.AbstractJob.run(AbstractJob.java:117)
	at org.eclipse.core.internal.jobs.Worker.run(Worker.java:63)

!ENTRY org.jkiss.dbeaver.model 4 0 2024-09-13 15:04:56.224
!MESSAGE SQL Error [900] [42000]: ORA-00900: SQL 문이 부적합합니다


Error position: line: 29
!SUBENTRY 1 org.jkiss.dbeaver.model 4 0 2024-09-13 15:04:56.224
!MESSAGE SQL Error [900] [42000]: ORA-00900: SQL 문이 부적합합니다

!SUBENTRY 2 org.jkiss.dbeaver.model 4 0 2024-09-13 15:04:56.224
!MESSAGE Error : 900, Position : 0, Sql = /
, OriginalSql = /
, Error Msg = ORA-00900: SQL 문이 부적합합니다

!STACK 0
Error : 900, Position : 0, Sql = /
, OriginalSql = /
, Error Msg = ORA-00900: SQL 문이 부적합합니다

	at oracle.jdbc.driver.T4CTTIoer11.processError(T4CTTIoer11.java:637)
	at oracle.jdbc.driver.T4CTTIoer11.processError(T4CTTIoer11.java:564)
	at oracle.jdbc.driver.T4C8Oall.processError(T4C8Oall.java:1231)
	at oracle.jdbc.driver.T4CTTIfun.receive(T4CTTIfun.java:772)
	at oracle.jdbc.driver.T4CTTIfun.doRPC(T4CTTIfun.java:299)
	at oracle.jdbc.driver.T4C8Oall.doOALL(T4C8Oall.java:512)
	at oracle.jdbc.driver.T4CStatement.doOall8(T4CStatement.java:123)
	at oracle.jdbc.driver.T4CStatement.executeForRows(T4CStatement.java:1200)
	at oracle.jdbc.driver.OracleStatement.executeSQLStatement(OracleStatement.java:1820)
	at oracle.jdbc.driver.OracleStatement.doExecuteWithTimeout(OracleStatement.java:1472)
	at oracle.jdbc.driver.OracleStatement.executeInternal(OracleStatement.java:2505)
	at oracle.jdbc.driver.OracleStatement.execute(OracleStatement.java:2460)
	at oracle.jdbc.driver.OracleStatementWrapper.execute(OracleStatementWrapper.java:328)
	at org.jkiss.dbeaver.model.impl.jdbc.exec.JDBCStatementImpl.execute(JDBCStatementImpl.java:332)
	at org.jkiss.dbeaver.model.impl.jdbc.exec.JDBCStatementImpl.executeStatement(JDBCStatementImpl.java:131)
	at org.jkiss.dbeaver.ui.editors.sql.execute.SQLQueryJob.executeStatement(SQLQueryJob.java:631)
	at org.jkiss.dbeaver.ui.editors.sql.execute.SQLQueryJob.lambda$2(SQLQueryJob.java:522)
	at org.jkiss.dbeaver.model.exec.DBExecUtils.tryExecuteRecover(DBExecUtils.java:192)
	at org.jkiss.dbeaver.ui.editors.sql.execute.SQLQueryJob.executeSingleQuery(SQLQueryJob.java:541)
	at org.jkiss.dbeaver.ui.editors.sql.execute.SQLQueryJob.extractData(SQLQueryJob.java:1001)
	at org.jkiss.dbeaver.ui.editors.sql.SQLEditor$QueryResultsContainer.readData(SQLEditor.java:4231)
	at org.jkiss.dbeaver.ui.controls.resultset.ResultSetJobDataRead.lambda$0(ResultSetJobDataRead.java:128)
	at org.jkiss.dbeaver.model.exec.DBExecUtils.tryExecuteRecover(DBExecUtils.java:192)
	at org.jkiss.dbeaver.ui.controls.resultset.ResultSetJobDataRead.run(ResultSetJobDataRead.java:126)
	at org.jkiss.dbeaver.ui.controls.resultset.ResultSetViewer$ResultSetDataPumpJob.run(ResultSetViewer.java:5160)
	at org.jkiss.dbeaver.model.runtime.AbstractJob.run(AbstractJob.java:117)
	at org.eclipse.core.internal.jobs.Worker.run(Worker.java:63)

!ENTRY org.jkiss.dbeaver.model 4 0 2024-09-13 15:04:58.065
!MESSAGE SQL Error [6550] [65000]: ORA-06550: 줄 4, 열2:PLS-00103: 심볼 "V_ENAME"를 만났습니다 다음 중 하나가 기대될 때:
   * & = - + ; < / > at in is mod remainder not rem <지수(**)>
   <> or != or ~= >= <= <> and or like like2 like4 likec between
   || multiset member submultiset
심볼이 ";" 계속하기 위하여 "V_ENAME"로 치환되었습니다


Error position: line: 23 pos: 50
!SUBENTRY 1 org.jkiss.dbeaver.model 4 0 2024-09-13 15:04:58.065
!MESSAGE SQL Error [6550] [65000]: ORA-06550: 줄 4, 열2:PLS-00103: 심볼 "V_ENAME"를 만났습니다 다음 중 하나가 기대될 때:
   * & = - + ; < / > at in is mod remainder not rem <지수(**)>
   <> or != or ~= >= <= <> and or like like2 like4 likec between
   || multiset member submultiset
심볼이 ";" 계속하기 위하여 "V_ENAME"로 치환되었습니다

!SUBENTRY 2 org.jkiss.dbeaver.model 4 0 2024-09-13 15:04:58.065
!MESSAGE Error : 6550, Position : 50, Sql = -- 변수
DECLARE 
	V_EMPNO NUMBER(4) := 7788
	V_ENAME VARCHAR(10);
BEGIN
	V_ENAME := 'SCOTT';
	DMBS_OUTPUT.PUT_LINE('V_EMPNO : ' || V_EMPNO);
	DMBS_OUTPUT.PUT_LINE('V_ENAME : ' || V_ENAME);
END;, OriginalSql = -- 변수
DECLARE 
	V_EMPNO NUMBER(4) := 7788
	V_ENAME VARCHAR(10);
BEGIN
	V_ENAME := 'SCOTT';
	DMBS_OUTPUT.PUT_LINE('V_EMPNO : ' || V_EMPNO);
	DMBS_OUTPUT.PUT_LINE('V_ENAME : ' || V_ENAME);
END;, Error Msg = ORA-06550: 줄 4, 열2:PLS-00103: 심볼 "V_ENAME"를 만났습니다 다음 중 하나가 기대될 때:
   * & = - + ; < / > at in is mod remainder not rem <지수(**)>
   <> or != or ~= >= <= <> and or like like2 like4 likec between
   || multiset member submultiset
심볼이 ";" 계속하기 위하여 "V_ENAME"로 치환되었습니다

!STACK 0
Error : 6550, Position : 50, Sql = -- 변수
DECLARE 
	V_EMPNO NUMBER(4) := 7788
	V_ENAME VARCHAR(10);
BEGIN
	V_ENAME := 'SCOTT';
	DMBS_OUTPUT.PUT_LINE('V_EMPNO : ' || V_EMPNO);
	DMBS_OUTPUT.PUT_LINE('V_ENAME : ' || V_ENAME);
END;, OriginalSql = -- 변수
DECLARE 
	V_EMPNO NUMBER(4) := 7788
	V_ENAME VARCHAR(10);
BEGIN
	V_ENAME := 'SCOTT';
	DMBS_OUTPUT.PUT_LINE('V_EMPNO : ' || V_EMPNO);
	DMBS_OUTPUT.PUT_LINE('V_ENAME : ' || V_ENAME);
END;, Error Msg = ORA-06550: 줄 4, 열2:PLS-00103: 심볼 "V_ENAME"를 만났습니다 다음 중 하나가 기대될 때:
   * & = - + ; < / > at in is mod remainder not rem <지수(**)>
   <> or != or ~= >= <= <> and or like like2 like4 likec between
   || multiset member submultiset
심볼이 ";" 계속하기 위하여 "V_ENAME"로 치환되었습니다

	at oracle.jdbc.driver.T4CTTIoer11.processError(T4CTTIoer11.java:637)
	at oracle.jdbc.driver.T4CTTIoer11.processError(T4CTTIoer11.java:564)
	at oracle.jdbc.driver.T4C8Oall.processError(T4C8Oall.java:1231)
	at oracle.jdbc.driver.T4CTTIfun.receive(T4CTTIfun.java:772)
	at oracle.jdbc.driver.T4CTTIfun.doRPC(T4CTTIfun.java:299)
	at oracle.jdbc.driver.T4C8Oall.doOALL(T4C8Oall.java:512)
	at oracle.jdbc.driver.T4CStatement.doOall8(T4CStatement.java:123)
	at oracle.jdbc.driver.T4CStatement.executeForRows(T4CStatement.java:1200)
	at oracle.jdbc.driver.OracleStatement.executeSQLStatement(OracleStatement.java:1820)
	at oracle.jdbc.driver.OracleStatement.doExecuteWithTimeout(OracleStatement.java:1472)
	at oracle.jdbc.driver.OracleStatement.executeInternal(OracleStatement.java:2505)
	at oracle.jdbc.driver.OracleStatement.execute(OracleStatement.java:2460)
	at oracle.jdbc.driver.OracleStatementWrapper.execute(OracleStatementWrapper.java:328)
	at org.jkiss.dbeaver.model.impl.jdbc.exec.JDBCStatementImpl.execute(JDBCStatementImpl.java:332)
	at org.jkiss.dbeaver.model.impl.jdbc.exec.JDBCStatementImpl.executeStatement(JDBCStatementImpl.java:131)
	at org.jkiss.dbeaver.ui.editors.sql.execute.SQLQueryJob.executeStatement(SQLQueryJob.java:631)
	at org.jkiss.dbeaver.ui.editors.sql.execute.SQLQueryJob.lambda$2(SQLQueryJob.java:522)
	at org.jkiss.dbeaver.model.exec.DBExecUtils.tryExecuteRecover(DBExecUtils.java:192)
	at org.jkiss.dbeaver.ui.editors.sql.execute.SQLQueryJob.executeSingleQuery(SQLQueryJob.java:541)
	at org.jkiss.dbeaver.ui.editors.sql.execute.SQLQueryJob.extractData(SQLQueryJob.java:1001)
	at org.jkiss.dbeaver.ui.editors.sql.SQLEditor$QueryResultsContainer.readData(SQLEditor.java:4231)
	at org.jkiss.dbeaver.ui.controls.resultset.ResultSetJobDataRead.lambda$0(ResultSetJobDataRead.java:128)
	at org.jkiss.dbeaver.model.exec.DBExecUtils.tryExecuteRecover(DBExecUtils.java:192)
	at org.jkiss.dbeaver.ui.controls.resultset.ResultSetJobDataRead.run(ResultSetJobDataRead.java:126)
	at org.jkiss.dbeaver.ui.controls.resultset.ResultSetViewer$ResultSetDataPumpJob.run(ResultSetViewer.java:5160)
	at org.jkiss.dbeaver.model.runtime.AbstractJob.run(AbstractJob.java:117)
	at org.eclipse.core.internal.jobs.Worker.run(Worker.java:63)

!ENTRY org.jkiss.dbeaver.model 4 0 2024-09-13 15:05:05.127
!MESSAGE SQL Error [6550] [65000]: ORA-06550: 줄 3, 열2:PLS-00103: 심볼 "V_ENAME"를 만났습니다 다음 중 하나가 기대될 때:
   * & = - + ; < / > at in is mod remainder not rem <지수(**)>
   <> or != or ~= >= <= <> and or like like2 like4 likec between
   || multiset member submultiset
심볼이 ";" 계속하기 위하여 "V_ENAME"로 치환되었습니다
ORA-06550: 줄 9, 열1:PLS-00103: 심볼 "/"를 만났습니다 심볼이 "/" 무시되었습니다

!SUBENTRY 1 org.jkiss.dbeaver.model 4 0 2024-09-13 15:05:05.127
!MESSAGE Error : 6550, Position : 39, Sql = DECLARE 
	V_EMPNO NUMBER(4) := 7788
	V_ENAME VARCHAR(10);
BEGIN
	V_ENAME := 'SCOTT';
	DMBS_OUTPUT.PUT_LINE('V_EMPNO : ' || V_EMPNO);
	DMBS_OUTPUT.PUT_LINE('V_ENAME : ' || V_ENAME);
END;
/, OriginalSql = DECLARE 
	V_EMPNO NUMBER(4) := 7788
	V_ENAME VARCHAR(10);
BEGIN
	V_ENAME := 'SCOTT';
	DMBS_OUTPUT.PUT_LINE('V_EMPNO : ' || V_EMPNO);
	DMBS_OUTPUT.PUT_LINE('V_ENAME : ' || V_ENAME);
END;
/, Error Msg = ORA-06550: 줄 3, 열2:PLS-00103: 심볼 "V_ENAME"를 만났습니다 다음 중 하나가 기대될 때:
   * & = - + ; < / > at in is mod remainder not rem <지수(**)>
   <> or != or ~= >= <= <> and or like like2 like4 likec between
   || multiset member submultiset
심볼이 ";" 계속하기 위하여 "V_ENAME"로 치환되었습니다
ORA-06550: 줄 9, 열1:PLS-00103: 심볼 "/"를 만났습니다 심볼이 "/" 무시되었습니다

!STACK 0
Error : 6550, Position : 39, Sql = DECLARE 
	V_EMPNO NUMBER(4) := 7788
	V_ENAME VARCHAR(10);
BEGIN
	V_ENAME := 'SCOTT';
	DMBS_OUTPUT.PUT_LINE('V_EMPNO : ' || V_EMPNO);
	DMBS_OUTPUT.PUT_LINE('V_ENAME : ' || V_ENAME);
END;
/, OriginalSql = DECLARE 
	V_EMPNO NUMBER(4) := 7788
	V_ENAME VARCHAR(10);
BEGIN
	V_ENAME := 'SCOTT';
	DMBS_OUTPUT.PUT_LINE('V_EMPNO : ' || V_EMPNO);
	DMBS_OUTPUT.PUT_LINE('V_ENAME : ' || V_ENAME);
END;
/, Error Msg = ORA-06550: 줄 3, 열2:PLS-00103: 심볼 "V_ENAME"를 만났습니다 다음 중 하나가 기대될 때:
   * & = - + ; < / > at in is mod remainder not rem <지수(**)>
   <> or != or ~= >= <= <> and or like like2 like4 likec between
   || multiset member submultiset
심볼이 ";" 계속하기 위하여 "V_ENAME"로 치환되었습니다
ORA-06550: 줄 9, 열1:PLS-00103: 심볼 "/"를 만났습니다 심볼이 "/" 무시되었습니다

	at oracle.jdbc.driver.T4CTTIoer11.processError(T4CTTIoer11.java:637)
	at oracle.jdbc.driver.T4CTTIoer11.processError(T4CTTIoer11.java:564)
	at oracle.jdbc.driver.T4C8Oall.processError(T4C8Oall.java:1231)
	at oracle.jdbc.driver.T4CTTIfun.receive(T4CTTIfun.java:772)
	at oracle.jdbc.driver.T4CTTIfun.doRPC(T4CTTIfun.java:299)
	at oracle.jdbc.driver.T4C8Oall.doOALL(T4C8Oall.java:512)
	at oracle.jdbc.driver.T4CStatement.doOall8(T4CStatement.java:123)
	at oracle.jdbc.driver.T4CStatement.executeForRows(T4CStatement.java:1200)
	at oracle.jdbc.driver.OracleStatement.executeSQLStatement(OracleStatement.java:1820)
	at oracle.jdbc.driver.OracleStatement.doExecuteWithTimeout(OracleStatement.java:1472)
	at oracle.jdbc.driver.OracleStatement.executeInternal(OracleStatement.java:2505)
	at oracle.jdbc.driver.OracleStatement.execute(OracleStatement.java:2460)
	at oracle.jdbc.driver.OracleStatementWrapper.execute(OracleStatementWrapper.java:328)
	at org.jkiss.dbeaver.model.impl.jdbc.exec.JDBCStatementImpl.execute(JDBCStatementImpl.java:332)
	at org.jkiss.dbeaver.model.impl.jdbc.exec.JDBCStatementImpl.executeStatement(JDBCStatementImpl.java:131)
	at org.jkiss.dbeaver.ui.editors.sql.execute.SQLQueryJob.executeStatement(SQLQueryJob.java:631)
	at org.jkiss.dbeaver.ui.editors.sql.execute.SQLQueryJob.lambda$2(SQLQueryJob.java:522)
	at org.jkiss.dbeaver.model.exec.DBExecUtils.tryExecuteRecover(DBExecUtils.java:192)
	at org.jkiss.dbeaver.ui.editors.sql.execute.SQLQueryJob.executeSingleQuery(SQLQueryJob.java:541)
	at org.jkiss.dbeaver.ui.editors.sql.execute.SQLQueryJob.extractData(SQLQueryJob.java:1001)
	at org.jkiss.dbeaver.ui.editors.sql.SQLEditor$QueryResultsContainer.readData(SQLEditor.java:4231)
	at org.jkiss.dbeaver.ui.controls.resultset.ResultSetJobDataRead.lambda$0(ResultSetJobDataRead.java:128)
	at org.jkiss.dbeaver.model.exec.DBExecUtils.tryExecuteRecover(DBExecUtils.java:192)
	at org.jkiss.dbeaver.ui.controls.resultset.ResultSetJobDataRead.run(ResultSetJobDataRead.java:126)
	at org.jkiss.dbeaver.ui.controls.resultset.ResultSetViewer$ResultSetDataPumpJob.run(ResultSetViewer.java:5160)
	at org.jkiss.dbeaver.model.runtime.AbstractJob.run(AbstractJob.java:117)
	at org.eclipse.core.internal.jobs.Worker.run(Worker.java:63)

!ENTRY org.jkiss.dbeaver.model 4 0 2024-09-13 15:05:52.673
!MESSAGE SQL Error [6550] [65000]: ORA-06550: 줄 3, 열2:PLS-00103: 심볼 "V_ENAME"를 만났습니다 다음 중 하나가 기대될 때:
   * & = - + ; < / > at in is mod remainder not rem <지수(**)>
   <> or != or ~= >= <= <> and or like like2 like4 likec between
   || multiset member submultiset
심볼이 ";" 계속하기 위하여 "V_ENAME"로 치환되었습니다
ORA-06550: 줄 9, 열1:PLS-00103: 심볼 "/"를 만났습니다 심볼이 "/" 무시되었습니다


Error position: line: 23 pos: 39
!SUBENTRY 1 org.jkiss.dbeaver.model 4 0 2024-09-13 15:05:52.673
!MESSAGE SQL Error [6550] [65000]: ORA-06550: 줄 3, 열2:PLS-00103: 심볼 "V_ENAME"를 만났습니다 다음 중 하나가 기대될 때:
   * & = - + ; < / > at in is mod remainder not rem <지수(**)>
   <> or != or ~= >= <= <> and or like like2 like4 likec between
   || multiset member submultiset
심볼이 ";" 계속하기 위하여 "V_ENAME"로 치환되었습니다
ORA-06550: 줄 9, 열1:PLS-00103: 심볼 "/"를 만났습니다 심볼이 "/" 무시되었습니다

!SUBENTRY 2 org.jkiss.dbeaver.model 4 0 2024-09-13 15:05:52.673
!MESSAGE Error : 6550, Position : 39, Sql = DECLARE 
	V_EMPNO NUMBER(4) := 7788
	V_ENAME VARCHAR(10);
BEGIN
	V_ENAME := 'SCOTT';
	DMBS_OUTPUT.PUT_LINE('V_EMPNO : ' || V_EMPNO);
	DMBS_OUTPUT.PUT_LINE('V_ENAME : ' || V_ENAME);
END;
/, OriginalSql = DECLARE 
	V_EMPNO NUMBER(4) := 7788
	V_ENAME VARCHAR(10);
BEGIN
	V_ENAME := 'SCOTT';
	DMBS_OUTPUT.PUT_LINE('V_EMPNO : ' || V_EMPNO);
	DMBS_OUTPUT.PUT_LINE('V_ENAME : ' || V_ENAME);
END;
/, Error Msg = ORA-06550: 줄 3, 열2:PLS-00103: 심볼 "V_ENAME"를 만났습니다 다음 중 하나가 기대될 때:
   * & = - + ; < / > at in is mod remainder not rem <지수(**)>
   <> or != or ~= >= <= <> and or like like2 like4 likec between
   || multiset member submultiset
심볼이 ";" 계속하기 위하여 "V_ENAME"로 치환되었습니다
ORA-06550: 줄 9, 열1:PLS-00103: 심볼 "/"를 만났습니다 심볼이 "/" 무시되었습니다

!STACK 0
Error : 6550, Position : 39, Sql = DECLARE 
	V_EMPNO NUMBER(4) := 7788
	V_ENAME VARCHAR(10);
BEGIN
	V_ENAME := 'SCOTT';
	DMBS_OUTPUT.PUT_LINE('V_EMPNO : ' || V_EMPNO);
	DMBS_OUTPUT.PUT_LINE('V_ENAME : ' || V_ENAME);
END;
/, OriginalSql = DECLARE 
	V_EMPNO NUMBER(4) := 7788
	V_ENAME VARCHAR(10);
BEGIN
	V_ENAME := 'SCOTT';
	DMBS_OUTPUT.PUT_LINE('V_EMPNO : ' || V_EMPNO);
	DMBS_OUTPUT.PUT_LINE('V_ENAME : ' || V_ENAME);
END;
/, Error Msg = ORA-06550: 줄 3, 열2:PLS-00103: 심볼 "V_ENAME"를 만났습니다 다음 중 하나가 기대될 때:
   * & = - + ; < / > at in is mod remainder not rem <지수(**)>
   <> or != or ~= >= <= <> and or like like2 like4 likec between
   || multiset member submultiset
심볼이 ";" 계속하기 위하여 "V_ENAME"로 치환되었습니다
ORA-06550: 줄 9, 열1:PLS-00103: 심볼 "/"를 만났습니다 심볼이 "/" 무시되었습니다

	at oracle.jdbc.driver.T4CTTIoer11.processError(T4CTTIoer11.java:637)
	at oracle.jdbc.driver.T4CTTIoer11.processError(T4CTTIoer11.java:564)
	at oracle.jdbc.driver.T4C8Oall.processError(T4C8Oall.java:1231)
	at oracle.jdbc.driver.T4CTTIfun.receive(T4CTTIfun.java:772)
	at oracle.jdbc.driver.T4CTTIfun.doRPC(T4CTTIfun.java:299)
	at oracle.jdbc.driver.T4C8Oall.doOALL(T4C8Oall.java:512)
	at oracle.jdbc.driver.T4CStatement.doOall8(T4CStatement.java:123)
	at oracle.jdbc.driver.T4CStatement.executeForRows(T4CStatement.java:1200)
	at oracle.jdbc.driver.OracleStatement.executeSQLStatement(OracleStatement.java:1820)
	at oracle.jdbc.driver.OracleStatement.doExecuteWithTimeout(OracleStatement.java:1472)
	at oracle.jdbc.driver.OracleStatement.executeInternal(OracleStatement.java:2505)
	at oracle.jdbc.driver.OracleStatement.execute(OracleStatement.java:2460)
	at oracle.jdbc.driver.OracleStatementWrapper.execute(OracleStatementWrapper.java:328)
	at org.jkiss.dbeaver.model.impl.jdbc.exec.JDBCStatementImpl.execute(JDBCStatementImpl.java:332)
	at org.jkiss.dbeaver.model.impl.jdbc.exec.JDBCStatementImpl.executeStatement(JDBCStatementImpl.java:131)
	at org.jkiss.dbeaver.ui.editors.sql.execute.SQLQueryJob.executeStatement(SQLQueryJob.java:631)
	at org.jkiss.dbeaver.ui.editors.sql.execute.SQLQueryJob.lambda$2(SQLQueryJob.java:522)
	at org.jkiss.dbeaver.model.exec.DBExecUtils.tryExecuteRecover(DBExecUtils.java:192)
	at org.jkiss.dbeaver.ui.editors.sql.execute.SQLQueryJob.executeSingleQuery(SQLQueryJob.java:541)
	at org.jkiss.dbeaver.ui.editors.sql.execute.SQLQueryJob.extractData(SQLQueryJob.java:1001)
	at org.jkiss.dbeaver.ui.editors.sql.SQLEditor$QueryResultsContainer.readData(SQLEditor.java:4231)
	at org.jkiss.dbeaver.ui.controls.resultset.ResultSetJobDataRead.lambda$0(ResultSetJobDataRead.java:128)
	at org.jkiss.dbeaver.model.exec.DBExecUtils.tryExecuteRecover(DBExecUtils.java:192)
	at org.jkiss.dbeaver.ui.controls.resultset.ResultSetJobDataRead.run(ResultSetJobDataRead.java:126)
	at org.jkiss.dbeaver.ui.controls.resultset.ResultSetViewer$ResultSetDataPumpJob.run(ResultSetViewer.java:5160)
	at org.jkiss.dbeaver.model.runtime.AbstractJob.run(AbstractJob.java:117)
	at org.eclipse.core.internal.jobs.Worker.run(Worker.java:63)

!ENTRY org.jkiss.dbeaver.model 4 0 2024-09-13 15:07:07.231
!MESSAGE SQL Error [900] [42000]: ORA-00900: SQL 문이 부적합합니다


Error position: line: 38
!SUBENTRY 1 org.jkiss.dbeaver.model 4 0 2024-09-13 15:07:07.231
!MESSAGE SQL Error [900] [42000]: ORA-00900: SQL 문이 부적합합니다

!SUBENTRY 2 org.jkiss.dbeaver.model 4 0 2024-09-13 15:07:07.231
!MESSAGE Error : 900, Position : 0, Sql = /, OriginalSql = /, Error Msg = ORA-00900: SQL 문이 부적합합니다

!STACK 0
Error : 900, Position : 0, Sql = /, OriginalSql = /, Error Msg = ORA-00900: SQL 문이 부적합합니다

	at oracle.jdbc.driver.T4CTTIoer11.processError(T4CTTIoer11.java:637)
	at oracle.jdbc.driver.T4CTTIoer11.processError(T4CTTIoer11.java:564)
	at oracle.jdbc.driver.T4C8Oall.processError(T4C8Oall.java:1231)
	at oracle.jdbc.driver.T4CTTIfun.receive(T4CTTIfun.java:772)
	at oracle.jdbc.driver.T4CTTIfun.doRPC(T4CTTIfun.java:299)
	at oracle.jdbc.driver.T4C8Oall.doOALL(T4C8Oall.java:512)
	at oracle.jdbc.driver.T4CStatement.doOall8(T4CStatement.java:123)
	at oracle.jdbc.driver.T4CStatement.executeForRows(T4CStatement.java:1200)
	at oracle.jdbc.driver.OracleStatement.executeSQLStatement(OracleStatement.java:1820)
	at oracle.jdbc.driver.OracleStatement.doExecuteWithTimeout(OracleStatement.java:1472)
	at oracle.jdbc.driver.OracleStatement.executeInternal(OracleStatement.java:2505)
	at oracle.jdbc.driver.OracleStatement.execute(OracleStatement.java:2460)
	at oracle.jdbc.driver.OracleStatementWrapper.execute(OracleStatementWrapper.java:328)
	at org.jkiss.dbeaver.model.impl.jdbc.exec.JDBCStatementImpl.execute(JDBCStatementImpl.java:332)
	at org.jkiss.dbeaver.model.impl.jdbc.exec.JDBCStatementImpl.executeStatement(JDBCStatementImpl.java:131)
	at org.jkiss.dbeaver.ui.editors.sql.execute.SQLQueryJob.executeStatement(SQLQueryJob.java:631)
	at org.jkiss.dbeaver.ui.editors.sql.execute.SQLQueryJob.lambda$2(SQLQueryJob.java:522)
	at org.jkiss.dbeaver.model.exec.DBExecUtils.tryExecuteRecover(DBExecUtils.java:192)
	at org.jkiss.dbeaver.ui.editors.sql.execute.SQLQueryJob.executeSingleQuery(SQLQueryJob.java:541)
	at org.jkiss.dbeaver.ui.editors.sql.execute.SQLQueryJob.extractData(SQLQueryJob.java:1001)
	at org.jkiss.dbeaver.ui.editors.sql.SQLEditor$QueryResultsContainer.readData(SQLEditor.java:4231)
	at org.jkiss.dbeaver.ui.controls.resultset.ResultSetJobDataRead.lambda$0(ResultSetJobDataRead.java:128)
	at org.jkiss.dbeaver.model.exec.DBExecUtils.tryExecuteRecover(DBExecUtils.java:192)
	at org.jkiss.dbeaver.ui.controls.resultset.ResultSetJobDataRead.run(ResultSetJobDataRead.java:126)
	at org.jkiss.dbeaver.ui.controls.resultset.ResultSetViewer$ResultSetDataPumpJob.run(ResultSetViewer.java:5160)
	at org.jkiss.dbeaver.model.runtime.AbstractJob.run(AbstractJob.java:117)
	at org.eclipse.core.internal.jobs.Worker.run(Worker.java:63)

!ENTRY org.jkiss.dbeaver.model 4 0 2024-09-13 15:07:15.940
!MESSAGE SQL Error [6550] [65000]: ORA-06550: 줄 3, 열1:PLS-00103: 심볼 "BEGIN"를 만났습니다 다음 중 하나가 기대될 때:
   * & = - + ; < / > at in is mod remainder not rem <지수(**)>
   <> or != or ~= >= <= <> and or like like2 like4 likec between
   || multiset member submultiset
심볼이 ";" 계속하기 위하여 "BEGIN"로 치환되었습니다
ORA-06550: 줄 7, 열1:PLS-00103: 심볼 "/"를 만났습니다 심볼이 "/" 무시되었습니다

!SUBENTRY 1 org.jkiss.dbeaver.model 4 0 2024-09-13 15:07:15.940
!MESSAGE Error : 6550, Position : 42, Sql = DECLARE 
	V_TAX CONSTANT NUMBER(1) := 7
BEGIN
	V_ENAME := 'SCOTT';
	DMBS_OUTPUT.PUT_LINE('V_TAX : ' || V_TAX);	
END;
/, OriginalSql = DECLARE 
	V_TAX CONSTANT NUMBER(1) := 7
BEGIN
	V_ENAME := 'SCOTT';
	DMBS_OUTPUT.PUT_LINE('V_TAX : ' || V_TAX);	
END;
/, Error Msg = ORA-06550: 줄 3, 열1:PLS-00103: 심볼 "BEGIN"를 만났습니다 다음 중 하나가 기대될 때:
   * & = - + ; < / > at in is mod remainder not rem <지수(**)>
   <> or != or ~= >= <= <> and or like like2 like4 likec between
   || multiset member submultiset
심볼이 ";" 계속하기 위하여 "BEGIN"로 치환되었습니다
ORA-06550: 줄 7, 열1:PLS-00103: 심볼 "/"를 만났습니다 심볼이 "/" 무시되었습니다

!STACK 0
Error : 6550, Position : 42, Sql = DECLARE 
	V_TAX CONSTANT NUMBER(1) := 7
BEGIN
	V_ENAME := 'SCOTT';
	DMBS_OUTPUT.PUT_LINE('V_TAX : ' || V_TAX);	
END;
/, OriginalSql = DECLARE 
	V_TAX CONSTANT NUMBER(1) := 7
BEGIN
	V_ENAME := 'SCOTT';
	DMBS_OUTPUT.PUT_LINE('V_TAX : ' || V_TAX);	
END;
/, Error Msg = ORA-06550: 줄 3, 열1:PLS-00103: 심볼 "BEGIN"를 만났습니다 다음 중 하나가 기대될 때:
   * & = - + ; < / > at in is mod remainder not rem <지수(**)>
   <> or != or ~= >= <= <> and or like like2 like4 likec between
   || multiset member submultiset
심볼이 ";" 계속하기 위하여 "BEGIN"로 치환되었습니다
ORA-06550: 줄 7, 열1:PLS-00103: 심볼 "/"를 만났습니다 심볼이 "/" 무시되었습니다

	at oracle.jdbc.driver.T4CTTIoer11.processError(T4CTTIoer11.java:637)
	at oracle.jdbc.driver.T4CTTIoer11.processError(T4CTTIoer11.java:564)
	at oracle.jdbc.driver.T4C8Oall.processError(T4C8Oall.java:1231)
	at oracle.jdbc.driver.T4CTTIfun.receive(T4CTTIfun.java:772)
	at oracle.jdbc.driver.T4CTTIfun.doRPC(T4CTTIfun.java:299)
	at oracle.jdbc.driver.T4C8Oall.doOALL(T4C8Oall.java:512)
	at oracle.jdbc.driver.T4CStatement.doOall8(T4CStatement.java:123)
	at oracle.jdbc.driver.T4CStatement.executeForRows(T4CStatement.java:1200)
	at oracle.jdbc.driver.OracleStatement.executeSQLStatement(OracleStatement.java:1820)
	at oracle.jdbc.driver.OracleStatement.doExecuteWithTimeout(OracleStatement.java:1472)
	at oracle.jdbc.driver.OracleStatement.executeInternal(OracleStatement.java:2505)
	at oracle.jdbc.driver.OracleStatement.execute(OracleStatement.java:2460)
	at oracle.jdbc.driver.OracleStatementWrapper.execute(OracleStatementWrapper.java:328)
	at org.jkiss.dbeaver.model.impl.jdbc.exec.JDBCStatementImpl.execute(JDBCStatementImpl.java:332)
	at org.jkiss.dbeaver.model.impl.jdbc.exec.JDBCStatementImpl.executeStatement(JDBCStatementImpl.java:131)
	at org.jkiss.dbeaver.ui.editors.sql.execute.SQLQueryJob.executeStatement(SQLQueryJob.java:631)
	at org.jkiss.dbeaver.ui.editors.sql.execute.SQLQueryJob.lambda$2(SQLQueryJob.java:522)
	at org.jkiss.dbeaver.model.exec.DBExecUtils.tryExecuteRecover(DBExecUtils.java:192)
	at org.jkiss.dbeaver.ui.editors.sql.execute.SQLQueryJob.executeSingleQuery(SQLQueryJob.java:541)
	at org.jkiss.dbeaver.ui.editors.sql.execute.SQLQueryJob.extractData(SQLQueryJob.java:1001)
	at org.jkiss.dbeaver.ui.editors.sql.SQLEditor$QueryResultsContainer.readData(SQLEditor.java:4231)
	at org.jkiss.dbeaver.ui.controls.resultset.ResultSetJobDataRead.lambda$0(ResultSetJobDataRead.java:128)
	at org.jkiss.dbeaver.model.exec.DBExecUtils.tryExecuteRecover(DBExecUtils.java:192)
	at org.jkiss.dbeaver.ui.controls.resultset.ResultSetJobDataRead.run(ResultSetJobDataRead.java:126)
	at org.jkiss.dbeaver.ui.controls.resultset.ResultSetViewer$ResultSetDataPumpJob.run(ResultSetViewer.java:5160)
	at org.jkiss.dbeaver.model.runtime.AbstractJob.run(AbstractJob.java:117)
	at org.eclipse.core.internal.jobs.Worker.run(Worker.java:63)

!ENTRY org.jkiss.dbeaver.model 4 0 2024-09-13 15:07:57.781
!MESSAGE SQL Error [6550] [65000]: ORA-06550: 줄 3, 열1:PLS-00103: 심볼 "BEGIN"를 만났습니다 다음 중 하나가 기대될 때:
   * & = - + ; < / > at in is mod remainder not rem <지수(**)>
   <> or != or ~= >= <= <> and or like like2 like4 likec between
   || multiset member submultiset
심볼이 ";" 계속하기 위하여 "BEGIN"로 치환되었습니다
ORA-06550: 줄 7, 열1:PLS-00103: 심볼 "/"를 만났습니다 심볼이 "/" 무시되었습니다


Error position: line: 34 pos: 42
!SUBENTRY 1 org.jkiss.dbeaver.model 4 0 2024-09-13 15:07:57.781
!MESSAGE SQL Error [6550] [65000]: ORA-06550: 줄 3, 열1:PLS-00103: 심볼 "BEGIN"를 만났습니다 다음 중 하나가 기대될 때:
   * & = - + ; < / > at in is mod remainder not rem <지수(**)>
   <> or != or ~= >= <= <> and or like like2 like4 likec between
   || multiset member submultiset
심볼이 ";" 계속하기 위하여 "BEGIN"로 치환되었습니다
ORA-06550: 줄 7, 열1:PLS-00103: 심볼 "/"를 만났습니다 심볼이 "/" 무시되었습니다

!SUBENTRY 2 org.jkiss.dbeaver.model 4 0 2024-09-13 15:07:57.781
!MESSAGE Error : 6550, Position : 42, Sql = DECLARE 
	V_TAX CONSTANT NUMBER(1) := 7
BEGIN
	V_ENAME := 'SCOTT';
	DMBS_OUTPUT.PUT_LINE('V_TAX : ' || V_TAX);	
END;
/, OriginalSql = DECLARE 
	V_TAX CONSTANT NUMBER(1) := 7
BEGIN
	V_ENAME := 'SCOTT';
	DMBS_OUTPUT.PUT_LINE('V_TAX : ' || V_TAX);	
END;
/, Error Msg = ORA-06550: 줄 3, 열1:PLS-00103: 심볼 "BEGIN"를 만났습니다 다음 중 하나가 기대될 때:
   * & = - + ; < / > at in is mod remainder not rem <지수(**)>
   <> or != or ~= >= <= <> and or like like2 like4 likec between
   || multiset member submultiset
심볼이 ";" 계속하기 위하여 "BEGIN"로 치환되었습니다
ORA-06550: 줄 7, 열1:PLS-00103: 심볼 "/"를 만났습니다 심볼이 "/" 무시되었습니다

!STACK 0
Error : 6550, Position : 42, Sql = DECLARE 
	V_TAX CONSTANT NUMBER(1) := 7
BEGIN
	V_ENAME := 'SCOTT';
	DMBS_OUTPUT.PUT_LINE('V_TAX : ' || V_TAX);	
END;
/, OriginalSql = DECLARE 
	V_TAX CONSTANT NUMBER(1) := 7
BEGIN
	V_ENAME := 'SCOTT';
	DMBS_OUTPUT.PUT_LINE('V_TAX : ' || V_TAX);	
END;
/, Error Msg = ORA-06550: 줄 3, 열1:PLS-00103: 심볼 "BEGIN"를 만났습니다 다음 중 하나가 기대될 때:
   * & = - + ; < / > at in is mod remainder not rem <지수(**)>
   <> or != or ~= >= <= <> and or like like2 like4 likec between
   || multiset member submultiset
심볼이 ";" 계속하기 위하여 "BEGIN"로 치환되었습니다
ORA-06550: 줄 7, 열1:PLS-00103: 심볼 "/"를 만났습니다 심볼이 "/" 무시되었습니다

	at oracle.jdbc.driver.T4CTTIoer11.processError(T4CTTIoer11.java:637)
	at oracle.jdbc.driver.T4CTTIoer11.processError(T4CTTIoer11.java:564)
	at oracle.jdbc.driver.T4C8Oall.processError(T4C8Oall.java:1231)
	at oracle.jdbc.driver.T4CTTIfun.receive(T4CTTIfun.java:772)
	at oracle.jdbc.driver.T4CTTIfun.doRPC(T4CTTIfun.java:299)
	at oracle.jdbc.driver.T4C8Oall.doOALL(T4C8Oall.java:512)
	at oracle.jdbc.driver.T4CStatement.doOall8(T4CStatement.java:123)
	at oracle.jdbc.driver.T4CStatement.executeForRows(T4CStatement.java:1200)
	at oracle.jdbc.driver.OracleStatement.executeSQLStatement(OracleStatement.java:1820)
	at oracle.jdbc.driver.OracleStatement.doExecuteWithTimeout(OracleStatement.java:1472)
	at oracle.jdbc.driver.OracleStatement.executeInternal(OracleStatement.java:2505)
	at oracle.jdbc.driver.OracleStatement.execute(OracleStatement.java:2460)
	at oracle.jdbc.driver.OracleStatementWrapper.execute(OracleStatementWrapper.java:328)
	at org.jkiss.dbeaver.model.impl.jdbc.exec.JDBCStatementImpl.execute(JDBCStatementImpl.java:332)
	at org.jkiss.dbeaver.model.impl.jdbc.exec.JDBCStatementImpl.executeStatement(JDBCStatementImpl.java:131)
	at org.jkiss.dbeaver.ui.editors.sql.execute.SQLQueryJob.executeStatement(SQLQueryJob.java:631)
	at org.jkiss.dbeaver.ui.editors.sql.execute.SQLQueryJob.lambda$2(SQLQueryJob.java:522)
	at org.jkiss.dbeaver.model.exec.DBExecUtils.tryExecuteRecover(DBExecUtils.java:192)
	at org.jkiss.dbeaver.ui.editors.sql.execute.SQLQueryJob.executeSingleQuery(SQLQueryJob.java:541)
	at org.jkiss.dbeaver.ui.editors.sql.execute.SQLQueryJob.extractData(SQLQueryJob.java:1001)
	at org.jkiss.dbeaver.ui.editors.sql.SQLEditor$QueryResultsContainer.readData(SQLEditor.java:4231)
	at org.jkiss.dbeaver.ui.controls.resultset.ResultSetJobDataRead.lambda$0(ResultSetJobDataRead.java:128)
	at org.jkiss.dbeaver.model.exec.DBExecUtils.tryExecuteRecover(DBExecUtils.java:192)
	at org.jkiss.dbeaver.ui.controls.resultset.ResultSetJobDataRead.run(ResultSetJobDataRead.java:126)
	at org.jkiss.dbeaver.ui.controls.resultset.ResultSetViewer$ResultSetDataPumpJob.run(ResultSetViewer.java:5160)
	at org.jkiss.dbeaver.model.runtime.AbstractJob.run(AbstractJob.java:117)
	at org.eclipse.core.internal.jobs.Worker.run(Worker.java:63)

!ENTRY org.jkiss.dbeaver.model 4 0 2024-09-13 15:09:40.976
!MESSAGE SQL Error [6550] [65000]: ORA-06550: 줄 6, 열1:PLS-00103: 심볼 "/"를 만났습니다 심볼이 "/" 무시되었습니다

!SUBENTRY 1 org.jkiss.dbeaver.model 4 0 2024-09-13 15:09:40.976
!MESSAGE Error : 6550, Position : 98, Sql = DECLARE 
	V_TAX NUMBER(2) DEFAULT 10;
BEGIN
	DBMS_OUTPUT.PUT_LINE('V_TAX : ' || V_TAX);
END;
/, OriginalSql = DECLARE 
	V_TAX NUMBER(2) DEFAULT 10;
BEGIN
	DBMS_OUTPUT.PUT_LINE('V_TAX : ' || V_TAX);
END;
/, Error Msg = ORA-06550: 줄 6, 열1:PLS-00103: 심볼 "/"를 만났습니다 심볼이 "/" 무시되었습니다

!STACK 0
Error : 6550, Position : 98, Sql = DECLARE 
	V_TAX NUMBER(2) DEFAULT 10;
BEGIN
	DBMS_OUTPUT.PUT_LINE('V_TAX : ' || V_TAX);
END;
/, OriginalSql = DECLARE 
	V_TAX NUMBER(2) DEFAULT 10;
BEGIN
	DBMS_OUTPUT.PUT_LINE('V_TAX : ' || V_TAX);
END;
/, Error Msg = ORA-06550: 줄 6, 열1:PLS-00103: 심볼 "/"를 만났습니다 심볼이 "/" 무시되었습니다

	at oracle.jdbc.driver.T4CTTIoer11.processError(T4CTTIoer11.java:637)
	at oracle.jdbc.driver.T4CTTIoer11.processError(T4CTTIoer11.java:564)
	at oracle.jdbc.driver.T4C8Oall.processError(T4C8Oall.java:1231)
	at oracle.jdbc.driver.T4CTTIfun.receive(T4CTTIfun.java:772)
	at oracle.jdbc.driver.T4CTTIfun.doRPC(T4CTTIfun.java:299)
	at oracle.jdbc.driver.T4C8Oall.doOALL(T4C8Oall.java:512)
	at oracle.jdbc.driver.T4CStatement.doOall8(T4CStatement.java:123)
	at oracle.jdbc.driver.T4CStatement.executeForRows(T4CStatement.java:1200)
	at oracle.jdbc.driver.OracleStatement.executeSQLStatement(OracleStatement.java:1820)
	at oracle.jdbc.driver.OracleStatement.doExecuteWithTimeout(OracleStatement.java:1472)
	at oracle.jdbc.driver.OracleStatement.executeInternal(OracleStatement.java:2505)
	at oracle.jdbc.driver.OracleStatement.execute(OracleStatement.java:2460)
	at oracle.jdbc.driver.OracleStatementWrapper.execute(OracleStatementWrapper.java:328)
	at org.jkiss.dbeaver.model.impl.jdbc.exec.JDBCStatementImpl.execute(JDBCStatementImpl.java:332)
	at org.jkiss.dbeaver.model.impl.jdbc.exec.JDBCStatementImpl.executeStatement(JDBCStatementImpl.java:131)
	at org.jkiss.dbeaver.ui.editors.sql.execute.SQLQueryJob.executeStatement(SQLQueryJob.java:631)
	at org.jkiss.dbeaver.ui.editors.sql.execute.SQLQueryJob.lambda$2(SQLQueryJob.java:522)
	at org.jkiss.dbeaver.model.exec.DBExecUtils.tryExecuteRecover(DBExecUtils.java:192)
	at org.jkiss.dbeaver.ui.editors.sql.execute.SQLQueryJob.executeSingleQuery(SQLQueryJob.java:541)
	at org.jkiss.dbeaver.ui.editors.sql.execute.SQLQueryJob.extractData(SQLQueryJob.java:1001)
	at org.jkiss.dbeaver.ui.editors.sql.SQLEditor$QueryResultsContainer.readData(SQLEditor.java:4231)
	at org.jkiss.dbeaver.ui.controls.resultset.ResultSetJobDataRead.lambda$0(ResultSetJobDataRead.java:128)
	at org.jkiss.dbeaver.model.exec.DBExecUtils.tryExecuteRecover(DBExecUtils.java:192)
	at org.jkiss.dbeaver.ui.controls.resultset.ResultSetJobDataRead.run(ResultSetJobDataRead.java:126)
	at org.jkiss.dbeaver.ui.controls.resultset.ResultSetViewer$ResultSetDataPumpJob.run(ResultSetViewer.java:5160)
	at org.jkiss.dbeaver.model.runtime.AbstractJob.run(AbstractJob.java:117)
	at org.eclipse.core.internal.jobs.Worker.run(Worker.java:63)

!ENTRY org.jkiss.dbeaver.model 4 0 2024-09-13 15:10:15.422
!MESSAGE SQL Error [6550] [65000]: ORA-06550: 줄 3, 열1:PLS-00103: 심볼 "BEGIN"를 만났습니다 다음 중 하나가 기대될 때:
   * & = - + ; < / > at in is mod remainder not rem <지수(**)>
   <> or != or ~= >= <= <> and or like like2 like4 likec between
   || multiset member submultiset
심볼이 ";" 계속하기 위하여 "BEGIN"로 치환되었습니다


Error position: line: 34 pos: 42
!SUBENTRY 1 org.jkiss.dbeaver.model 4 0 2024-09-13 15:10:15.422
!MESSAGE SQL Error [6550] [65000]: ORA-06550: 줄 3, 열1:PLS-00103: 심볼 "BEGIN"를 만났습니다 다음 중 하나가 기대될 때:
   * & = - + ; < / > at in is mod remainder not rem <지수(**)>
   <> or != or ~= >= <= <> and or like like2 like4 likec between
   || multiset member submultiset
심볼이 ";" 계속하기 위하여 "BEGIN"로 치환되었습니다

!SUBENTRY 2 org.jkiss.dbeaver.model 4 0 2024-09-13 15:10:15.422
!MESSAGE Error : 6550, Position : 42, Sql = DECLARE 
	V_TAX CONSTANT NUMBER(1) := 7
BEGIN
	DBMS_OUTPUT.PUT_LINE('V_TAX : ' || V_TAX);	
END;, OriginalSql = DECLARE 
	V_TAX CONSTANT NUMBER(1) := 7
BEGIN
	DBMS_OUTPUT.PUT_LINE('V_TAX : ' || V_TAX);	
END;, Error Msg = ORA-06550: 줄 3, 열1:PLS-00103: 심볼 "BEGIN"를 만났습니다 다음 중 하나가 기대될 때:
   * & = - + ; < / > at in is mod remainder not rem <지수(**)>
   <> or != or ~= >= <= <> and or like like2 like4 likec between
   || multiset member submultiset
심볼이 ";" 계속하기 위하여 "BEGIN"로 치환되었습니다

!STACK 0
Error : 6550, Position : 42, Sql = DECLARE 
	V_TAX CONSTANT NUMBER(1) := 7
BEGIN
	DBMS_OUTPUT.PUT_LINE('V_TAX : ' || V_TAX);	
END;, OriginalSql = DECLARE 
	V_TAX CONSTANT NUMBER(1) := 7
BEGIN
	DBMS_OUTPUT.PUT_LINE('V_TAX : ' || V_TAX);	
END;, Error Msg = ORA-06550: 줄 3, 열1:PLS-00103: 심볼 "BEGIN"를 만났습니다 다음 중 하나가 기대될 때:
   * & = - + ; < / > at in is mod remainder not rem <지수(**)>
   <> or != or ~= >= <= <> and or like like2 like4 likec between
   || multiset member submultiset
심볼이 ";" 계속하기 위하여 "BEGIN"로 치환되었습니다

	at oracle.jdbc.driver.T4CTTIoer11.processError(T4CTTIoer11.java:637)
	at oracle.jdbc.driver.T4CTTIoer11.processError(T4CTTIoer11.java:564)
	at oracle.jdbc.driver.T4C8Oall.processError(T4C8Oall.java:1231)
	at oracle.jdbc.driver.T4CTTIfun.receive(T4CTTIfun.java:772)
	at oracle.jdbc.driver.T4CTTIfun.doRPC(T4CTTIfun.java:299)
	at oracle.jdbc.driver.T4C8Oall.doOALL(T4C8Oall.java:512)
	at oracle.jdbc.driver.T4CStatement.doOall8(T4CStatement.java:123)
	at oracle.jdbc.driver.T4CStatement.executeForRows(T4CStatement.java:1200)
	at oracle.jdbc.driver.OracleStatement.executeSQLStatement(OracleStatement.java:1820)
	at oracle.jdbc.driver.OracleStatement.doExecuteWithTimeout(OracleStatement.java:1472)
	at oracle.jdbc.driver.OracleStatement.executeInternal(OracleStatement.java:2505)
	at oracle.jdbc.driver.OracleStatement.execute(OracleStatement.java:2460)
	at oracle.jdbc.driver.OracleStatementWrapper.execute(OracleStatementWrapper.java:328)
	at org.jkiss.dbeaver.model.impl.jdbc.exec.JDBCStatementImpl.execute(JDBCStatementImpl.java:332)
	at org.jkiss.dbeaver.model.impl.jdbc.exec.JDBCStatementImpl.executeStatement(JDBCStatementImpl.java:131)
	at org.jkiss.dbeaver.ui.editors.sql.execute.SQLQueryJob.executeStatement(SQLQueryJob.java:631)
	at org.jkiss.dbeaver.ui.editors.sql.execute.SQLQueryJob.lambda$2(SQLQueryJob.java:522)
	at org.jkiss.dbeaver.model.exec.DBExecUtils.tryExecuteRecover(DBExecUtils.java:192)
	at org.jkiss.dbeaver.ui.editors.sql.execute.SQLQueryJob.executeSingleQuery(SQLQueryJob.java:541)
	at org.jkiss.dbeaver.ui.editors.sql.execute.SQLQueryJob.extractData(SQLQueryJob.java:1001)
	at org.jkiss.dbeaver.ui.editors.sql.SQLEditor$QueryResultsContainer.readData(SQLEditor.java:4231)
	at org.jkiss.dbeaver.ui.controls.resultset.ResultSetJobDataRead.lambda$0(ResultSetJobDataRead.java:128)
	at org.jkiss.dbeaver.model.exec.DBExecUtils.tryExecuteRecover(DBExecUtils.java:192)
	at org.jkiss.dbeaver.ui.controls.resultset.ResultSetJobDataRead.run(ResultSetJobDataRead.java:126)
	at org.jkiss.dbeaver.ui.controls.resultset.ResultSetViewer$ResultSetDataPumpJob.run(ResultSetViewer.java:5160)
	at org.jkiss.dbeaver.model.runtime.AbstractJob.run(AbstractJob.java:117)
	at org.eclipse.core.internal.jobs.Worker.run(Worker.java:63)

!ENTRY org.jkiss.dbeaver.model 4 0 2024-09-13 15:12:24.190
!MESSAGE SQL Error [6550] [65000]: ORA-06550: 줄 4, 열27:PLS-00103: 심볼 "="를 만났습니다 다음 중 하나가 기대될 때:
   := ; default
심볼이 ":= 계속하기 위해 "=" 전에 삽입되었음


Error position: line: 51 pos: 113
!SUBENTRY 1 org.jkiss.dbeaver.model 4 0 2024-09-13 15:12:24.190
!MESSAGE SQL Error [6550] [65000]: ORA-06550: 줄 4, 열27:PLS-00103: 심볼 "="를 만났습니다 다음 중 하나가 기대될 때:
   := ; default
심볼이 ":= 계속하기 위해 "=" 전에 삽입되었음

!SUBENTRY 2 org.jkiss.dbeaver.model 4 0 2024-09-13 15:12:24.190
!MESSAGE Error : 6550, Position : 113, Sql = -- 변수에 NULL 값 저장 막기
DECLARE
--	V_TAX NUMBER(2) NOT NULL DEFAULT 10;
	V_TAX NUMBER(2) NOT NULL = 20;
BEGIN
	DBMS_OUTPUT.PUT_LINE('V_TAX : ' || V_TAX);
END;, OriginalSql = -- 변수에 NULL 값 저장 막기
DECLARE
--	V_TAX NUMBER(2) NOT NULL DEFAULT 10;
	V_TAX NUMBER(2) NOT NULL = 20;
BEGIN
	DBMS_OUTPUT.PUT_LINE('V_TAX : ' || V_TAX);
END;, Error Msg = ORA-06550: 줄 4, 열27:PLS-00103: 심볼 "="를 만났습니다 다음 중 하나가 기대될 때:
   := ; default
심볼이 ":= 계속하기 위해 "=" 전에 삽입되었음

!STACK 0
Error : 6550, Position : 113, Sql = -- 변수에 NULL 값 저장 막기
DECLARE
--	V_TAX NUMBER(2) NOT NULL DEFAULT 10;
	V_TAX NUMBER(2) NOT NULL = 20;
BEGIN
	DBMS_OUTPUT.PUT_LINE('V_TAX : ' || V_TAX);
END;, OriginalSql = -- 변수에 NULL 값 저장 막기
DECLARE
--	V_TAX NUMBER(2) NOT NULL DEFAULT 10;
	V_TAX NUMBER(2) NOT NULL = 20;
BEGIN
	DBMS_OUTPUT.PUT_LINE('V_TAX : ' || V_TAX);
END;, Error Msg = ORA-06550: 줄 4, 열27:PLS-00103: 심볼 "="를 만났습니다 다음 중 하나가 기대될 때:
   := ; default
심볼이 ":= 계속하기 위해 "=" 전에 삽입되었음

	at oracle.jdbc.driver.T4CTTIoer11.processError(T4CTTIoer11.java:637)
	at oracle.jdbc.driver.T4CTTIoer11.processError(T4CTTIoer11.java:564)
	at oracle.jdbc.driver.T4C8Oall.processError(T4C8Oall.java:1231)
	at oracle.jdbc.driver.T4CTTIfun.receive(T4CTTIfun.java:772)
	at oracle.jdbc.driver.T4CTTIfun.doRPC(T4CTTIfun.java:299)
	at oracle.jdbc.driver.T4C8Oall.doOALL(T4C8Oall.java:512)
	at oracle.jdbc.driver.T4CStatement.doOall8(T4CStatement.java:123)
	at oracle.jdbc.driver.T4CStatement.executeForRows(T4CStatement.java:1200)
	at oracle.jdbc.driver.OracleStatement.executeSQLStatement(OracleStatement.java:1820)
	at oracle.jdbc.driver.OracleStatement.doExecuteWithTimeout(OracleStatement.java:1472)
	at oracle.jdbc.driver.OracleStatement.executeInternal(OracleStatement.java:2505)
	at oracle.jdbc.driver.OracleStatement.execute(OracleStatement.java:2460)
	at oracle.jdbc.driver.OracleStatementWrapper.execute(OracleStatementWrapper.java:328)
	at org.jkiss.dbeaver.model.impl.jdbc.exec.JDBCStatementImpl.execute(JDBCStatementImpl.java:332)
	at org.jkiss.dbeaver.model.impl.jdbc.exec.JDBCStatementImpl.executeStatement(JDBCStatementImpl.java:131)
	at org.jkiss.dbeaver.ui.editors.sql.execute.SQLQueryJob.executeStatement(SQLQueryJob.java:631)
	at org.jkiss.dbeaver.ui.editors.sql.execute.SQLQueryJob.lambda$2(SQLQueryJob.java:522)
	at org.jkiss.dbeaver.model.exec.DBExecUtils.tryExecuteRecover(DBExecUtils.java:192)
	at org.jkiss.dbeaver.ui.editors.sql.execute.SQLQueryJob.executeSingleQuery(SQLQueryJob.java:541)
	at org.jkiss.dbeaver.ui.editors.sql.execute.SQLQueryJob.extractData(SQLQueryJob.java:1001)
	at org.jkiss.dbeaver.ui.editors.sql.SQLEditor$QueryResultsContainer.readData(SQLEditor.java:4231)
	at org.jkiss.dbeaver.ui.controls.resultset.ResultSetJobDataRead.lambda$0(ResultSetJobDataRead.java:128)
	at org.jkiss.dbeaver.model.exec.DBExecUtils.tryExecuteRecover(DBExecUtils.java:192)
	at org.jkiss.dbeaver.ui.controls.resultset.ResultSetJobDataRead.run(ResultSetJobDataRead.java:126)
	at org.jkiss.dbeaver.ui.controls.resultset.ResultSetViewer$ResultSetDataPumpJob.run(ResultSetViewer.java:5160)
	at org.jkiss.dbeaver.model.runtime.AbstractJob.run(AbstractJob.java:117)
	at org.eclipse.core.internal.jobs.Worker.run(Worker.java:63)

!ENTRY org.jkiss.dbeaver.model 4 0 2024-09-13 15:12:26.182
!MESSAGE SQL Error [6550] [65000]: ORA-06550: 줄 4, 열27:PLS-00103: 심볼 "="를 만났습니다 다음 중 하나가 기대될 때:
   := ; default
심볼이 ":= 계속하기 위해 "=" 전에 삽입되었음

!SUBENTRY 1 org.jkiss.dbeaver.model 4 0 2024-09-13 15:12:26.182
!MESSAGE Error : 6550, Position : 113, Sql = -- 변수에 NULL 값 저장 막기
DECLARE
--	V_TAX NUMBER(2) NOT NULL DEFAULT 10;
	V_TAX NUMBER(2) NOT NULL = 20;
BEGIN
	DBMS_OUTPUT.PUT_LINE('V_TAX : ' || V_TAX);
END;, OriginalSql = -- 변수에 NULL 값 저장 막기
DECLARE
--	V_TAX NUMBER(2) NOT NULL DEFAULT 10;
	V_TAX NUMBER(2) NOT NULL = 20;
BEGIN
	DBMS_OUTPUT.PUT_LINE('V_TAX : ' || V_TAX);
END;, Error Msg = ORA-06550: 줄 4, 열27:PLS-00103: 심볼 "="를 만났습니다 다음 중 하나가 기대될 때:
   := ; default
심볼이 ":= 계속하기 위해 "=" 전에 삽입되었음

!STACK 0
Error : 6550, Position : 113, Sql = -- 변수에 NULL 값 저장 막기
DECLARE
--	V_TAX NUMBER(2) NOT NULL DEFAULT 10;
	V_TAX NUMBER(2) NOT NULL = 20;
BEGIN
	DBMS_OUTPUT.PUT_LINE('V_TAX : ' || V_TAX);
END;, OriginalSql = -- 변수에 NULL 값 저장 막기
DECLARE
--	V_TAX NUMBER(2) NOT NULL DEFAULT 10;
	V_TAX NUMBER(2) NOT NULL = 20;
BEGIN
	DBMS_OUTPUT.PUT_LINE('V_TAX : ' || V_TAX);
END;, Error Msg = ORA-06550: 줄 4, 열27:PLS-00103: 심볼 "="를 만났습니다 다음 중 하나가 기대될 때:
   := ; default
심볼이 ":= 계속하기 위해 "=" 전에 삽입되었음

	at oracle.jdbc.driver.T4CTTIoer11.processError(T4CTTIoer11.java:637)
	at oracle.jdbc.driver.T4CTTIoer11.processError(T4CTTIoer11.java:564)
	at oracle.jdbc.driver.T4C8Oall.processError(T4C8Oall.java:1231)
	at oracle.jdbc.driver.T4CTTIfun.receive(T4CTTIfun.java:772)
	at oracle.jdbc.driver.T4CTTIfun.doRPC(T4CTTIfun.java:299)
	at oracle.jdbc.driver.T4C8Oall.doOALL(T4C8Oall.java:512)
	at oracle.jdbc.driver.T4CStatement.doOall8(T4CStatement.java:123)
	at oracle.jdbc.driver.T4CStatement.executeForRows(T4CStatement.java:1200)
	at oracle.jdbc.driver.OracleStatement.executeSQLStatement(OracleStatement.java:1820)
	at oracle.jdbc.driver.OracleStatement.doExecuteWithTimeout(OracleStatement.java:1472)
	at oracle.jdbc.driver.OracleStatement.executeInternal(OracleStatement.java:2505)
	at oracle.jdbc.driver.OracleStatement.execute(OracleStatement.java:2460)
	at oracle.jdbc.driver.OracleStatementWrapper.execute(OracleStatementWrapper.java:328)
	at org.jkiss.dbeaver.model.impl.jdbc.exec.JDBCStatementImpl.execute(JDBCStatementImpl.java:332)
	at org.jkiss.dbeaver.model.impl.jdbc.exec.JDBCStatementImpl.executeStatement(JDBCStatementImpl.java:131)
	at org.jkiss.dbeaver.ui.editors.sql.execute.SQLQueryJob.executeStatement(SQLQueryJob.java:631)
	at org.jkiss.dbeaver.ui.editors.sql.execute.SQLQueryJob.lambda$2(SQLQueryJob.java:522)
	at org.jkiss.dbeaver.model.exec.DBExecUtils.tryExecuteRecover(DBExecUtils.java:192)
	at org.jkiss.dbeaver.ui.editors.sql.execute.SQLQueryJob.executeSingleQuery(SQLQueryJob.java:541)
	at org.jkiss.dbeaver.ui.editors.sql.execute.SQLQueryJob.extractData(SQLQueryJob.java:1001)
	at org.jkiss.dbeaver.ui.editors.sql.SQLEditor$QueryResultsContainer.readData(SQLEditor.java:4231)
	at org.jkiss.dbeaver.ui.controls.resultset.ResultSetJobDataRead.lambda$0(ResultSetJobDataRead.java:128)
	at org.jkiss.dbeaver.model.exec.DBExecUtils.tryExecuteRecover(DBExecUtils.java:192)
	at org.jkiss.dbeaver.ui.controls.resultset.ResultSetJobDataRead.run(ResultSetJobDataRead.java:126)
	at org.jkiss.dbeaver.ui.controls.resultset.ResultSetViewer$ResultSetDataPumpJob.run(ResultSetViewer.java:5160)
	at org.jkiss.dbeaver.model.runtime.AbstractJob.run(AbstractJob.java:117)
	at org.eclipse.core.internal.jobs.Worker.run(Worker.java:63)

!ENTRY org.jkiss.dbeaver.model 4 0 2024-09-13 15:12:36.129
!MESSAGE SQL Error [6550] [65000]: ORA-06550: 줄 4, 열27:PLS-00103: 심볼 "="를 만났습니다 다음 중 하나가 기대될 때:
   := ; default
심볼이 ":= 계속하기 위해 "=" 전에 삽입되었음


Error position: line: 51 pos: 113
!SUBENTRY 1 org.jkiss.dbeaver.model 4 0 2024-09-13 15:12:36.129
!MESSAGE SQL Error [6550] [65000]: ORA-06550: 줄 4, 열27:PLS-00103: 심볼 "="를 만났습니다 다음 중 하나가 기대될 때:
   := ; default
심볼이 ":= 계속하기 위해 "=" 전에 삽입되었음

!SUBENTRY 2 org.jkiss.dbeaver.model 4 0 2024-09-13 15:12:36.129
!MESSAGE Error : 6550, Position : 113, Sql = -- 변수에 NULL 값 저장 막기
DECLARE
--	V_TAX NUMBER(2) NOT NULL DEFAULT 10;
	V_TAX NUMBER(2) NOT NULL = 20;
BEGIN
	DBMS_OUTPUT.PUT_LINE('V_TAX : ' || V_TAX);
END;, OriginalSql = -- 변수에 NULL 값 저장 막기
DECLARE
--	V_TAX NUMBER(2) NOT NULL DEFAULT 10;
	V_TAX NUMBER(2) NOT NULL = 20;
BEGIN
	DBMS_OUTPUT.PUT_LINE('V_TAX : ' || V_TAX);
END;, Error Msg = ORA-06550: 줄 4, 열27:PLS-00103: 심볼 "="를 만났습니다 다음 중 하나가 기대될 때:
   := ; default
심볼이 ":= 계속하기 위해 "=" 전에 삽입되었음

!STACK 0
Error : 6550, Position : 113, Sql = -- 변수에 NULL 값 저장 막기
DECLARE
--	V_TAX NUMBER(2) NOT NULL DEFAULT 10;
	V_TAX NUMBER(2) NOT NULL = 20;
BEGIN
	DBMS_OUTPUT.PUT_LINE('V_TAX : ' || V_TAX);
END;, OriginalSql = -- 변수에 NULL 값 저장 막기
DECLARE
--	V_TAX NUMBER(2) NOT NULL DEFAULT 10;
	V_TAX NUMBER(2) NOT NULL = 20;
BEGIN
	DBMS_OUTPUT.PUT_LINE('V_TAX : ' || V_TAX);
END;, Error Msg = ORA-06550: 줄 4, 열27:PLS-00103: 심볼 "="를 만났습니다 다음 중 하나가 기대될 때:
   := ; default
심볼이 ":= 계속하기 위해 "=" 전에 삽입되었음

	at oracle.jdbc.driver.T4CTTIoer11.processError(T4CTTIoer11.java:637)
	at oracle.jdbc.driver.T4CTTIoer11.processError(T4CTTIoer11.java:564)
	at oracle.jdbc.driver.T4C8Oall.processError(T4C8Oall.java:1231)
	at oracle.jdbc.driver.T4CTTIfun.receive(T4CTTIfun.java:772)
	at oracle.jdbc.driver.T4CTTIfun.doRPC(T4CTTIfun.java:299)
	at oracle.jdbc.driver.T4C8Oall.doOALL(T4C8Oall.java:512)
	at oracle.jdbc.driver.T4CStatement.doOall8(T4CStatement.java:123)
	at oracle.jdbc.driver.T4CStatement.executeForRows(T4CStatement.java:1200)
	at oracle.jdbc.driver.OracleStatement.executeSQLStatement(OracleStatement.java:1820)
	at oracle.jdbc.driver.OracleStatement.doExecuteWithTimeout(OracleStatement.java:1472)
	at oracle.jdbc.driver.OracleStatement.executeInternal(OracleStatement.java:2505)
	at oracle.jdbc.driver.OracleStatement.execute(OracleStatement.java:2460)
	at oracle.jdbc.driver.OracleStatementWrapper.execute(OracleStatementWrapper.java:328)
	at org.jkiss.dbeaver.model.impl.jdbc.exec.JDBCStatementImpl.execute(JDBCStatementImpl.java:332)
	at org.jkiss.dbeaver.model.impl.jdbc.exec.JDBCStatementImpl.executeStatement(JDBCStatementImpl.java:131)
	at org.jkiss.dbeaver.ui.editors.sql.execute.SQLQueryJob.executeStatement(SQLQueryJob.java:631)
	at org.jkiss.dbeaver.ui.editors.sql.execute.SQLQueryJob.lambda$2(SQLQueryJob.java:522)
	at org.jkiss.dbeaver.model.exec.DBExecUtils.tryExecuteRecover(DBExecUtils.java:192)
	at org.jkiss.dbeaver.ui.editors.sql.execute.SQLQueryJob.executeSingleQuery(SQLQueryJob.java:541)
	at org.jkiss.dbeaver.ui.editors.sql.execute.SQLQueryJob.extractData(SQLQueryJob.java:1001)
	at org.jkiss.dbeaver.ui.editors.sql.SQLEditor$QueryResultsContainer.readData(SQLEditor.java:4231)
	at org.jkiss.dbeaver.ui.controls.resultset.ResultSetJobDataRead.lambda$0(ResultSetJobDataRead.java:128)
	at org.jkiss.dbeaver.model.exec.DBExecUtils.tryExecuteRecover(DBExecUtils.java:192)
	at org.jkiss.dbeaver.ui.controls.resultset.ResultSetJobDataRead.run(ResultSetJobDataRead.java:126)
	at org.jkiss.dbeaver.ui.controls.resultset.ResultSetViewer$ResultSetDataPumpJob.run(ResultSetViewer.java:5160)
	at org.jkiss.dbeaver.model.runtime.AbstractJob.run(AbstractJob.java:117)
	at org.eclipse.core.internal.jobs.Worker.run(Worker.java:63)

!ENTRY org.jkiss.dbeaver.model 4 0 2024-09-13 15:12:43.903
!MESSAGE SQL Error [6550] [65000]: ORA-06550: 줄 3, 열27:PLS-00103: 심볼 "="를 만났습니다 다음 중 하나가 기대될 때:
   := ; default
심볼이 ":= 계속하기 위해 "=" 전에 삽입되었음


Error position: line: 49 pos: 76
!SUBENTRY 1 org.jkiss.dbeaver.model 4 0 2024-09-13 15:12:43.903
!MESSAGE SQL Error [6550] [65000]: ORA-06550: 줄 3, 열27:PLS-00103: 심볼 "="를 만났습니다 다음 중 하나가 기대될 때:
   := ; default
심볼이 ":= 계속하기 위해 "=" 전에 삽입되었음

!SUBENTRY 2 org.jkiss.dbeaver.model 4 0 2024-09-13 15:12:43.903
!MESSAGE Error : 6550, Position : 76, Sql = DECLARE
--	V_TAX NUMBER(2) NOT NULL DEFAULT 10;
	V_TAX NUMBER(2) NOT NULL = 20;
BEGIN
	DBMS_OUTPUT.PUT_LINE('V_TAX : ' || V_TAX);
END;, OriginalSql = DECLARE
--	V_TAX NUMBER(2) NOT NULL DEFAULT 10;
	V_TAX NUMBER(2) NOT NULL = 20;
BEGIN
	DBMS_OUTPUT.PUT_LINE('V_TAX : ' || V_TAX);
END;, Error Msg = ORA-06550: 줄 3, 열27:PLS-00103: 심볼 "="를 만났습니다 다음 중 하나가 기대될 때:
   := ; default
심볼이 ":= 계속하기 위해 "=" 전에 삽입되었음

!STACK 0
Error : 6550, Position : 76, Sql = DECLARE
--	V_TAX NUMBER(2) NOT NULL DEFAULT 10;
	V_TAX NUMBER(2) NOT NULL = 20;
BEGIN
	DBMS_OUTPUT.PUT_LINE('V_TAX : ' || V_TAX);
END;, OriginalSql = DECLARE
--	V_TAX NUMBER(2) NOT NULL DEFAULT 10;
	V_TAX NUMBER(2) NOT NULL = 20;
BEGIN
	DBMS_OUTPUT.PUT_LINE('V_TAX : ' || V_TAX);
END;, Error Msg = ORA-06550: 줄 3, 열27:PLS-00103: 심볼 "="를 만났습니다 다음 중 하나가 기대될 때:
   := ; default
심볼이 ":= 계속하기 위해 "=" 전에 삽입되었음

	at oracle.jdbc.driver.T4CTTIoer11.processError(T4CTTIoer11.java:637)
	at oracle.jdbc.driver.T4CTTIoer11.processError(T4CTTIoer11.java:564)
	at oracle.jdbc.driver.T4C8Oall.processError(T4C8Oall.java:1231)
	at oracle.jdbc.driver.T4CTTIfun.receive(T4CTTIfun.java:772)
	at oracle.jdbc.driver.T4CTTIfun.doRPC(T4CTTIfun.java:299)
	at oracle.jdbc.driver.T4C8Oall.doOALL(T4C8Oall.java:512)
	at oracle.jdbc.driver.T4CStatement.doOall8(T4CStatement.java:123)
	at oracle.jdbc.driver.T4CStatement.executeForRows(T4CStatement.java:1200)
	at oracle.jdbc.driver.OracleStatement.executeSQLStatement(OracleStatement.java:1820)
	at oracle.jdbc.driver.OracleStatement.doExecuteWithTimeout(OracleStatement.java:1472)
	at oracle.jdbc.driver.OracleStatement.executeInternal(OracleStatement.java:2505)
	at oracle.jdbc.driver.OracleStatement.execute(OracleStatement.java:2460)
	at oracle.jdbc.driver.OracleStatementWrapper.execute(OracleStatementWrapper.java:328)
	at org.jkiss.dbeaver.model.impl.jdbc.exec.JDBCStatementImpl.execute(JDBCStatementImpl.java:332)
	at org.jkiss.dbeaver.model.impl.jdbc.exec.JDBCStatementImpl.executeStatement(JDBCStatementImpl.java:131)
	at org.jkiss.dbeaver.ui.editors.sql.execute.SQLQueryJob.executeStatement(SQLQueryJob.java:631)
	at org.jkiss.dbeaver.ui.editors.sql.execute.SQLQueryJob.lambda$2(SQLQueryJob.java:522)
	at org.jkiss.dbeaver.model.exec.DBExecUtils.tryExecuteRecover(DBExecUtils.java:192)
	at org.jkiss.dbeaver.ui.editors.sql.execute.SQLQueryJob.executeSingleQuery(SQLQueryJob.java:541)
	at org.jkiss.dbeaver.ui.editors.sql.execute.SQLQueryJob.extractData(SQLQueryJob.java:1001)
	at org.jkiss.dbeaver.ui.editors.sql.SQLEditor$QueryResultsContainer.readData(SQLEditor.java:4231)
	at org.jkiss.dbeaver.ui.controls.resultset.ResultSetJobDataRead.lambda$0(ResultSetJobDataRead.java:128)
	at org.jkiss.dbeaver.model.exec.DBExecUtils.tryExecuteRecover(DBExecUtils.java:192)
	at org.jkiss.dbeaver.ui.controls.resultset.ResultSetJobDataRead.run(ResultSetJobDataRead.java:126)
	at org.jkiss.dbeaver.ui.controls.resultset.ResultSetViewer$ResultSetDataPumpJob.run(ResultSetViewer.java:5160)
	at org.jkiss.dbeaver.model.runtime.AbstractJob.run(AbstractJob.java:117)
	at org.eclipse.core.internal.jobs.Worker.run(Worker.java:63)

!ENTRY org.jkiss.dbeaver.model 4 0 2024-09-13 15:36:43.448
!MESSAGE SQL Error [6550] [65000]: ORA-06550: 줄 4, 열33:PLS-00201: 'V_DEPT_ROW' 식별자가 정의되어야 합니다
ORA-06550: 줄 5, 열2:PL/SQL: ORA-00904: : 부적합한 식별자
ORA-06550: 줄 4, 열2:PL/SQL: SQL Statement ignored
ORA-06550: 줄 6, 열38:PLS-00201: 'V_DEPT_ROW_DEPTNO' 식별자가 정의되어야 합니다
ORA-06550: 줄 6, 열2:PL/SQL: Statement ignored
ORA-06550: 줄 7, 열37:PLS-00201: 'V_DEPT_ROW_DNAME' 식별자가 정의되어야 합니다
ORA-06550: 줄 7, 열2:PL/SQL: Statement ignored
ORA-06550: 줄 8, 열35:PLS-00201: 'V_DEPT_ROW_DEPTNO_LOC' 식별자가 정의되어야 합니다
ORA-06550: 줄 8, 열2:PL/SQL: Statement ignored

!SUBENTRY 1 org.jkiss.dbeaver.model 4 0 2024-09-13 15:36:43.449
!MESSAGE Error : 6550, Position : 81, Sql = DECLARE
	V_DEPTNO_ROW DEPT.DEPTNO%TYPE;
BEGIN
	SELECT DEPTNO, DNAME, LOC INTO V_DEPT_ROW
	FROM DEPT d WHERE DEPTNO = 40;
	DBMS_OUTPUT.PUT_LINE('DEPTNO : ' || V_DEPT_ROW_DEPTNO);
	DBMS_OUTPUT.PUT_LINE('DNAME : ' || V_DEPT_ROW_DNAME);
	DBMS_OUTPUT.PUT_LINE('LOC : ' || V_DEPT_ROW_DEPTNO_LOC);
END;, OriginalSql = DECLARE
	V_DEPTNO_ROW DEPT.DEPTNO%TYPE;
BEGIN
	SELECT DEPTNO, DNAME, LOC INTO V_DEPT_ROW
	FROM DEPT d WHERE DEPTNO = 40;
	DBMS_OUTPUT.PUT_LINE('DEPTNO : ' || V_DEPT_ROW_DEPTNO);
	DBMS_OUTPUT.PUT_LINE('DNAME : ' || V_DEPT_ROW_DNAME);
	DBMS_OUTPUT.PUT_LINE('LOC : ' || V_DEPT_ROW_DEPTNO_LOC);
END;, Error Msg = ORA-06550: 줄 4, 열33:PLS-00201: 'V_DEPT_ROW' 식별자가 정의되어야 합니다
ORA-06550: 줄 5, 열2:PL/SQL: ORA-00904: : 부적합한 식별자
ORA-06550: 줄 4, 열2:PL/SQL: SQL Statement ignored
ORA-06550: 줄 6, 열38:PLS-00201: 'V_DEPT_ROW_DEPTNO' 식별자가 정의되어야 합니다
ORA-06550: 줄 6, 열2:PL/SQL: Statement ignored
ORA-06550: 줄 7, 열37:PLS-00201: 'V_DEPT_ROW_DNAME' 식별자가 정의되어야 합니다
ORA-06550: 줄 7, 열2:PL/SQL: Statement ignored
ORA-06550: 줄 8, 열35:PLS-00201: 'V_DEPT_ROW_DEPTNO_LOC' 식별자가 정의되어야 합니다
ORA-06550: 줄 8, 열2:PL/SQL: Statement ignored

!STACK 0
Error : 6550, Position : 81, Sql = DECLARE
	V_DEPTNO_ROW DEPT.DEPTNO%TYPE;
BEGIN
	SELECT DEPTNO, DNAME, LOC INTO V_DEPT_ROW
	FROM DEPT d WHERE DEPTNO = 40;
	DBMS_OUTPUT.PUT_LINE('DEPTNO : ' || V_DEPT_ROW_DEPTNO);
	DBMS_OUTPUT.PUT_LINE('DNAME : ' || V_DEPT_ROW_DNAME);
	DBMS_OUTPUT.PUT_LINE('LOC : ' || V_DEPT_ROW_DEPTNO_LOC);
END;, OriginalSql = DECLARE
	V_DEPTNO_ROW DEPT.DEPTNO%TYPE;
BEGIN
	SELECT DEPTNO, DNAME, LOC INTO V_DEPT_ROW
	FROM DEPT d WHERE DEPTNO = 40;
	DBMS_OUTPUT.PUT_LINE('DEPTNO : ' || V_DEPT_ROW_DEPTNO);
	DBMS_OUTPUT.PUT_LINE('DNAME : ' || V_DEPT_ROW_DNAME);
	DBMS_OUTPUT.PUT_LINE('LOC : ' || V_DEPT_ROW_DEPTNO_LOC);
END;, Error Msg = ORA-06550: 줄 4, 열33:PLS-00201: 'V_DEPT_ROW' 식별자가 정의되어야 합니다
ORA-06550: 줄 5, 열2:PL/SQL: ORA-00904: : 부적합한 식별자
ORA-06550: 줄 4, 열2:PL/SQL: SQL Statement ignored
ORA-06550: 줄 6, 열38:PLS-00201: 'V_DEPT_ROW_DEPTNO' 식별자가 정의되어야 합니다
ORA-06550: 줄 6, 열2:PL/SQL: Statement ignored
ORA-06550: 줄 7, 열37:PLS-00201: 'V_DEPT_ROW_DNAME' 식별자가 정의되어야 합니다
ORA-06550: 줄 7, 열2:PL/SQL: Statement ignored
ORA-06550: 줄 8, 열35:PLS-00201: 'V_DEPT_ROW_DEPTNO_LOC' 식별자가 정의되어야 합니다
ORA-06550: 줄 8, 열2:PL/SQL: Statement ignored

	at oracle.jdbc.driver.T4CTTIoer11.processError(T4CTTIoer11.java:637)
	at oracle.jdbc.driver.T4CTTIoer11.processError(T4CTTIoer11.java:564)
	at oracle.jdbc.driver.T4C8Oall.processError(T4C8Oall.java:1231)
	at oracle.jdbc.driver.T4CTTIfun.receive(T4CTTIfun.java:772)
	at oracle.jdbc.driver.T4CTTIfun.doRPC(T4CTTIfun.java:299)
	at oracle.jdbc.driver.T4C8Oall.doOALL(T4C8Oall.java:512)
	at oracle.jdbc.driver.T4CStatement.doOall8(T4CStatement.java:123)
	at oracle.jdbc.driver.T4CStatement.executeForRows(T4CStatement.java:1200)
	at oracle.jdbc.driver.OracleStatement.executeSQLStatement(OracleStatement.java:1820)
	at oracle.jdbc.driver.OracleStatement.doExecuteWithTimeout(OracleStatement.java:1472)
	at oracle.jdbc.driver.OracleStatement.executeInternal(OracleStatement.java:2505)
	at oracle.jdbc.driver.OracleStatement.execute(OracleStatement.java:2460)
	at oracle.jdbc.driver.OracleStatementWrapper.execute(OracleStatementWrapper.java:328)
	at org.jkiss.dbeaver.model.impl.jdbc.exec.JDBCStatementImpl.execute(JDBCStatementImpl.java:332)
	at org.jkiss.dbeaver.model.impl.jdbc.exec.JDBCStatementImpl.executeStatement(JDBCStatementImpl.java:131)
	at org.jkiss.dbeaver.ui.editors.sql.execute.SQLQueryJob.executeStatement(SQLQueryJob.java:631)
	at org.jkiss.dbeaver.ui.editors.sql.execute.SQLQueryJob.lambda$2(SQLQueryJob.java:522)
	at org.jkiss.dbeaver.model.exec.DBExecUtils.tryExecuteRecover(DBExecUtils.java:192)
	at org.jkiss.dbeaver.ui.editors.sql.execute.SQLQueryJob.executeSingleQuery(SQLQueryJob.java:541)
	at org.jkiss.dbeaver.ui.editors.sql.execute.SQLQueryJob.extractData(SQLQueryJob.java:1001)
	at org.jkiss.dbeaver.ui.editors.sql.SQLEditor$QueryResultsContainer.readData(SQLEditor.java:4231)
	at org.jkiss.dbeaver.ui.controls.resultset.ResultSetJobDataRead.lambda$0(ResultSetJobDataRead.java:128)
	at org.jkiss.dbeaver.model.exec.DBExecUtils.tryExecuteRecover(DBExecUtils.java:192)
	at org.jkiss.dbeaver.ui.controls.resultset.ResultSetJobDataRead.run(ResultSetJobDataRead.java:126)
	at org.jkiss.dbeaver.ui.controls.resultset.ResultSetViewer$ResultSetDataPumpJob.run(ResultSetViewer.java:5160)
	at org.jkiss.dbeaver.model.runtime.AbstractJob.run(AbstractJob.java:117)
	at org.eclipse.core.internal.jobs.Worker.run(Worker.java:63)

!ENTRY org.jkiss.dbeaver.model 4 0 2024-09-13 15:37:13.298
!MESSAGE SQL Error [6550] [65000]: ORA-06550: 줄 2, 열15:PLS-00310: %ROWTYPE 속성을 사용할 경우, 'DEPT.DEPTNO'(은)는 테이블, 커서 또는 커서-변수이어야 합니다
ORA-06550: 줄 0, 열0:PL/SQL: Compilation unit analysis terminated

!SUBENTRY 1 org.jkiss.dbeaver.model 4 0 2024-09-13 15:37:13.298
!MESSAGE Error : 6550, Position : 23, Sql = DECLARE
	V_DEPTNO_ROW DEPT.DEPTNO%ROWTYPE;
BEGIN
	SELECT DEPTNO, DNAME, LOC INTO V_DEPT_ROW
	FROM DEPT d WHERE DEPTNO = 40;
	DBMS_OUTPUT.PUT_LINE('DEPTNO : ' || V_DEPT_ROW.DEPTNO);
	DBMS_OUTPUT.PUT_LINE('DNAME : ' || V_DEPT_ROW.DNAME);
	DBMS_OUTPUT.PUT_LINE('LOC : ' || V_DEPT_ROW.LOC);
END;, OriginalSql = DECLARE
	V_DEPTNO_ROW DEPT.DEPTNO%ROWTYPE;
BEGIN
	SELECT DEPTNO, DNAME, LOC INTO V_DEPT_ROW
	FROM DEPT d WHERE DEPTNO = 40;
	DBMS_OUTPUT.PUT_LINE('DEPTNO : ' || V_DEPT_ROW.DEPTNO);
	DBMS_OUTPUT.PUT_LINE('DNAME : ' || V_DEPT_ROW.DNAME);
	DBMS_OUTPUT.PUT_LINE('LOC : ' || V_DEPT_ROW.LOC);
END;, Error Msg = ORA-06550: 줄 2, 열15:PLS-00310: %ROWTYPE 속성을 사용할 경우, 'DEPT.DEPTNO'(은)는 테이블, 커서 또는 커서-변수이어야 합니다
ORA-06550: 줄 0, 열0:PL/SQL: Compilation unit analysis terminated

!STACK 0
Error : 6550, Position : 23, Sql = DECLARE
	V_DEPTNO_ROW DEPT.DEPTNO%ROWTYPE;
BEGIN
	SELECT DEPTNO, DNAME, LOC INTO V_DEPT_ROW
	FROM DEPT d WHERE DEPTNO = 40;
	DBMS_OUTPUT.PUT_LINE('DEPTNO : ' || V_DEPT_ROW.DEPTNO);
	DBMS_OUTPUT.PUT_LINE('DNAME : ' || V_DEPT_ROW.DNAME);
	DBMS_OUTPUT.PUT_LINE('LOC : ' || V_DEPT_ROW.LOC);
END;, OriginalSql = DECLARE
	V_DEPTNO_ROW DEPT.DEPTNO%ROWTYPE;
BEGIN
	SELECT DEPTNO, DNAME, LOC INTO V_DEPT_ROW
	FROM DEPT d WHERE DEPTNO = 40;
	DBMS_OUTPUT.PUT_LINE('DEPTNO : ' || V_DEPT_ROW.DEPTNO);
	DBMS_OUTPUT.PUT_LINE('DNAME : ' || V_DEPT_ROW.DNAME);
	DBMS_OUTPUT.PUT_LINE('LOC : ' || V_DEPT_ROW.LOC);
END;, Error Msg = ORA-06550: 줄 2, 열15:PLS-00310: %ROWTYPE 속성을 사용할 경우, 'DEPT.DEPTNO'(은)는 테이블, 커서 또는 커서-변수이어야 합니다
ORA-06550: 줄 0, 열0:PL/SQL: Compilation unit analysis terminated

	at oracle.jdbc.driver.T4CTTIoer11.processError(T4CTTIoer11.java:637)
	at oracle.jdbc.driver.T4CTTIoer11.processError(T4CTTIoer11.java:564)
	at oracle.jdbc.driver.T4C8Oall.processError(T4C8Oall.java:1231)
	at oracle.jdbc.driver.T4CTTIfun.receive(T4CTTIfun.java:772)
	at oracle.jdbc.driver.T4CTTIfun.doRPC(T4CTTIfun.java:299)
	at oracle.jdbc.driver.T4C8Oall.doOALL(T4C8Oall.java:512)
	at oracle.jdbc.driver.T4CStatement.doOall8(T4CStatement.java:123)
	at oracle.jdbc.driver.T4CStatement.executeForRows(T4CStatement.java:1200)
	at oracle.jdbc.driver.OracleStatement.executeSQLStatement(OracleStatement.java:1820)
	at oracle.jdbc.driver.OracleStatement.doExecuteWithTimeout(OracleStatement.java:1472)
	at oracle.jdbc.driver.OracleStatement.executeInternal(OracleStatement.java:2505)
	at oracle.jdbc.driver.OracleStatement.execute(OracleStatement.java:2460)
	at oracle.jdbc.driver.OracleStatementWrapper.execute(OracleStatementWrapper.java:328)
	at org.jkiss.dbeaver.model.impl.jdbc.exec.JDBCStatementImpl.execute(JDBCStatementImpl.java:332)
	at org.jkiss.dbeaver.model.impl.jdbc.exec.JDBCStatementImpl.executeStatement(JDBCStatementImpl.java:131)
	at org.jkiss.dbeaver.ui.editors.sql.execute.SQLQueryJob.executeStatement(SQLQueryJob.java:631)
	at org.jkiss.dbeaver.ui.editors.sql.execute.SQLQueryJob.lambda$2(SQLQueryJob.java:522)
	at org.jkiss.dbeaver.model.exec.DBExecUtils.tryExecuteRecover(DBExecUtils.java:192)
	at org.jkiss.dbeaver.ui.editors.sql.execute.SQLQueryJob.executeSingleQuery(SQLQueryJob.java:541)
	at org.jkiss.dbeaver.ui.editors.sql.execute.SQLQueryJob.extractData(SQLQueryJob.java:1001)
	at org.jkiss.dbeaver.ui.editors.sql.SQLEditor$QueryResultsContainer.readData(SQLEditor.java:4231)
	at org.jkiss.dbeaver.ui.controls.resultset.ResultSetJobDataRead.lambda$0(ResultSetJobDataRead.java:128)
	at org.jkiss.dbeaver.model.exec.DBExecUtils.tryExecuteRecover(DBExecUtils.java:192)
	at org.jkiss.dbeaver.ui.controls.resultset.ResultSetJobDataRead.run(ResultSetJobDataRead.java:126)
	at org.jkiss.dbeaver.ui.controls.resultset.ResultSetViewer$ResultSetDataPumpJob.run(ResultSetViewer.java:5160)
	at org.jkiss.dbeaver.model.runtime.AbstractJob.run(AbstractJob.java:117)
	at org.eclipse.core.internal.jobs.Worker.run(Worker.java:63)

!ENTRY org.jkiss.dbeaver.model 4 0 2024-09-13 15:44:58.925
!MESSAGE SQL Error [6550] [65000]: ORA-06550: 줄 5, 열65:PLS-00103: 심볼 "V_DEPNO"를 만났습니다 다음 중 하나가 기대될 때:
   ) , * & | = - + < / > at in is mod remainder not null rem
   returning with => .. <지수(**)> <> or != or ~= >= <= <> and
   or default like like2 like4 likec as between error from using
   || multiset member empty submultiset lax strict without
   pretty ascii true false absent format allow truncate
심볼이 "," 계속하기 위하여 "V_DEPNO"로 치환되었습니다


Error position: line: 82 pos: 144
!SUBENTRY 1 org.jkiss.dbeaver.model 4 0 2024-09-13 15:44:58.925
!MESSAGE SQL Error [6550] [65000]: ORA-06550: 줄 5, 열65:PLS-00103: 심볼 "V_DEPNO"를 만났습니다 다음 중 하나가 기대될 때:
   ) , * & | = - + < / > at in is mod remainder not null rem
   returning with => .. <지수(**)> <> or != or ~= >= <= <> and
   or default like like2 like4 likec as between error from using
   || multiset member empty submultiset lax strict without
   pretty ascii true false absent format allow truncate
심볼이 "," 계속하기 위하여 "V_DEPNO"로 치환되었습니다

!SUBENTRY 2 org.jkiss.dbeaver.model 4 0 2024-09-13 15:44:58.925
!MESSAGE Error : 6550, Position : 144, Sql = -- 변수의 값이 홀/짝수 구분
DECLARE
	V_NUMBER NUMBER := 15;
BEGIN
	IF MOD(V_NUMBER,2) = 1 THEN DBMS_OUTPUT.PUT_LINE('V_NUMBER : ' V_DEPNO || '홀수');
	END IF;
END;, OriginalSql = -- 변수의 값이 홀/짝수 구분
DECLARE
	V_NUMBER NUMBER := 15;
BEGIN
	IF MOD(V_NUMBER,2) = 1 THEN DBMS_OUTPUT.PUT_LINE('V_NUMBER : ' V_DEPNO || '홀수');
	END IF;
END;, Error Msg = ORA-06550: 줄 5, 열65:PLS-00103: 심볼 "V_DEPNO"를 만났습니다 다음 중 하나가 기대될 때:
   ) , * & | = - + < / > at in is mod remainder not null rem
   returning with => .. <지수(**)> <> or != or ~= >= <= <> and
   or default like like2 like4 likec as between error from using
   || multiset member empty submultiset lax strict without
   pretty ascii true false absent format allow truncate
심볼이 "," 계속하기 위하여 "V_DEPNO"로 치환되었습니다

!STACK 0
Error : 6550, Position : 144, Sql = -- 변수의 값이 홀/짝수 구분
DECLARE
	V_NUMBER NUMBER := 15;
BEGIN
	IF MOD(V_NUMBER,2) = 1 THEN DBMS_OUTPUT.PUT_LINE('V_NUMBER : ' V_DEPNO || '홀수');
	END IF;
END;, OriginalSql = -- 변수의 값이 홀/짝수 구분
DECLARE
	V_NUMBER NUMBER := 15;
BEGIN
	IF MOD(V_NUMBER,2) = 1 THEN DBMS_OUTPUT.PUT_LINE('V_NUMBER : ' V_DEPNO || '홀수');
	END IF;
END;, Error Msg = ORA-06550: 줄 5, 열65:PLS-00103: 심볼 "V_DEPNO"를 만났습니다 다음 중 하나가 기대될 때:
   ) , * & | = - + < / > at in is mod remainder not null rem
   returning with => .. <지수(**)> <> or != or ~= >= <= <> and
   or default like like2 like4 likec as between error from using
   || multiset member empty submultiset lax strict without
   pretty ascii true false absent format allow truncate
심볼이 "," 계속하기 위하여 "V_DEPNO"로 치환되었습니다

	at oracle.jdbc.driver.T4CTTIoer11.processError(T4CTTIoer11.java:637)
	at oracle.jdbc.driver.T4CTTIoer11.processError(T4CTTIoer11.java:564)
	at oracle.jdbc.driver.T4C8Oall.processError(T4C8Oall.java:1231)
	at oracle.jdbc.driver.T4CTTIfun.receive(T4CTTIfun.java:772)
	at oracle.jdbc.driver.T4CTTIfun.doRPC(T4CTTIfun.java:299)
	at oracle.jdbc.driver.T4C8Oall.doOALL(T4C8Oall.java:512)
	at oracle.jdbc.driver.T4CStatement.doOall8(T4CStatement.java:123)
	at oracle.jdbc.driver.T4CStatement.executeForRows(T4CStatement.java:1200)
	at oracle.jdbc.driver.OracleStatement.executeSQLStatement(OracleStatement.java:1820)
	at oracle.jdbc.driver.OracleStatement.doExecuteWithTimeout(OracleStatement.java:1472)
	at oracle.jdbc.driver.OracleStatement.executeInternal(OracleStatement.java:2505)
	at oracle.jdbc.driver.OracleStatement.execute(OracleStatement.java:2460)
	at oracle.jdbc.driver.OracleStatementWrapper.execute(OracleStatementWrapper.java:328)
	at org.jkiss.dbeaver.model.impl.jdbc.exec.JDBCStatementImpl.execute(JDBCStatementImpl.java:332)
	at org.jkiss.dbeaver.model.impl.jdbc.exec.JDBCStatementImpl.executeStatement(JDBCStatementImpl.java:131)
	at org.jkiss.dbeaver.ui.editors.sql.execute.SQLQueryJob.executeStatement(SQLQueryJob.java:631)
	at org.jkiss.dbeaver.ui.editors.sql.execute.SQLQueryJob.lambda$2(SQLQueryJob.java:522)
	at org.jkiss.dbeaver.model.exec.DBExecUtils.tryExecuteRecover(DBExecUtils.java:192)
	at org.jkiss.dbeaver.ui.editors.sql.execute.SQLQueryJob.executeSingleQuery(SQLQueryJob.java:541)
	at org.jkiss.dbeaver.ui.editors.sql.execute.SQLQueryJob.extractData(SQLQueryJob.java:1001)
	at org.jkiss.dbeaver.ui.editors.sql.SQLEditor$QueryResultsContainer.readData(SQLEditor.java:4231)
	at org.jkiss.dbeaver.ui.controls.resultset.ResultSetJobDataRead.lambda$0(ResultSetJobDataRead.java:128)
	at org.jkiss.dbeaver.model.exec.DBExecUtils.tryExecuteRecover(DBExecUtils.java:192)
	at org.jkiss.dbeaver.ui.controls.resultset.ResultSetJobDataRead.run(ResultSetJobDataRead.java:126)
	at org.jkiss.dbeaver.ui.controls.resultset.ResultSetViewer$ResultSetDataPumpJob.run(ResultSetViewer.java:5160)
	at org.jkiss.dbeaver.model.runtime.AbstractJob.run(AbstractJob.java:117)
	at org.eclipse.core.internal.jobs.Worker.run(Worker.java:63)

!ENTRY org.jkiss.dbeaver.model 4 0 2024-09-13 15:45:55.498
!MESSAGE SQL Error [6550] [65000]: ORA-06550: 줄 6, 열23:PLS-00103: 심볼 "="를 만났습니다 다음 중 하나가 기대될 때:
   := . ( % ;

!SUBENTRY 1 org.jkiss.dbeaver.model 4 0 2024-09-13 15:45:55.498
!MESSAGE Error : 6550, Position : 192, Sql = -- 변수의 값이 홀/짝수 구분
DECLARE
	V_NUMBER NUMBER := 15;
BEGIN
	IF MOD(V_NUMBER,2) = 1 THEN DBMS_OUTPUT.PUT_LINE('V_NUMBER : ' || V_DEPNO || '홀수');
	ELSE MOD(V_NUMBER,2) = 0 THEN DBMS_OUTPUT.PUT_LINE('V_NUMBER : ' || V_DEPNO || '짝수');
	END IF;
END;, OriginalSql = -- 변수의 값이 홀/짝수 구분
DECLARE
	V_NUMBER NUMBER := 15;
BEGIN
	IF MOD(V_NUMBER,2) = 1 THEN DBMS_OUTPUT.PUT_LINE('V_NUMBER : ' || V_DEPNO || '홀수');
	ELSE MOD(V_NUMBER,2) = 0 THEN DBMS_OUTPUT.PUT_LINE('V_NUMBER : ' || V_DEPNO || '짝수');
	END IF;
END;, Error Msg = ORA-06550: 줄 6, 열23:PLS-00103: 심볼 "="를 만났습니다 다음 중 하나가 기대될 때:
   := . ( % ;

!STACK 0
Error : 6550, Position : 192, Sql = -- 변수의 값이 홀/짝수 구분
DECLARE
	V_NUMBER NUMBER := 15;
BEGIN
	IF MOD(V_NUMBER,2) = 1 THEN DBMS_OUTPUT.PUT_LINE('V_NUMBER : ' || V_DEPNO || '홀수');
	ELSE MOD(V_NUMBER,2) = 0 THEN DBMS_OUTPUT.PUT_LINE('V_NUMBER : ' || V_DEPNO || '짝수');
	END IF;
END;, OriginalSql = -- 변수의 값이 홀/짝수 구분
DECLARE
	V_NUMBER NUMBER := 15;
BEGIN
	IF MOD(V_NUMBER,2) = 1 THEN DBMS_OUTPUT.PUT_LINE('V_NUMBER : ' || V_DEPNO || '홀수');
	ELSE MOD(V_NUMBER,2) = 0 THEN DBMS_OUTPUT.PUT_LINE('V_NUMBER : ' || V_DEPNO || '짝수');
	END IF;
END;, Error Msg = ORA-06550: 줄 6, 열23:PLS-00103: 심볼 "="를 만났습니다 다음 중 하나가 기대될 때:
   := . ( % ;

	at oracle.jdbc.driver.T4CTTIoer11.processError(T4CTTIoer11.java:637)
	at oracle.jdbc.driver.T4CTTIoer11.processError(T4CTTIoer11.java:564)
	at oracle.jdbc.driver.T4C8Oall.processError(T4C8Oall.java:1231)
	at oracle.jdbc.driver.T4CTTIfun.receive(T4CTTIfun.java:772)
	at oracle.jdbc.driver.T4CTTIfun.doRPC(T4CTTIfun.java:299)
	at oracle.jdbc.driver.T4C8Oall.doOALL(T4C8Oall.java:512)
	at oracle.jdbc.driver.T4CStatement.doOall8(T4CStatement.java:123)
	at oracle.jdbc.driver.T4CStatement.executeForRows(T4CStatement.java:1200)
	at oracle.jdbc.driver.OracleStatement.executeSQLStatement(OracleStatement.java:1820)
	at oracle.jdbc.driver.OracleStatement.doExecuteWithTimeout(OracleStatement.java:1472)
	at oracle.jdbc.driver.OracleStatement.executeInternal(OracleStatement.java:2505)
	at oracle.jdbc.driver.OracleStatement.execute(OracleStatement.java:2460)
	at oracle.jdbc.driver.OracleStatementWrapper.execute(OracleStatementWrapper.java:328)
	at org.jkiss.dbeaver.model.impl.jdbc.exec.JDBCStatementImpl.execute(JDBCStatementImpl.java:332)
	at org.jkiss.dbeaver.model.impl.jdbc.exec.JDBCStatementImpl.executeStatement(JDBCStatementImpl.java:131)
	at org.jkiss.dbeaver.ui.editors.sql.execute.SQLQueryJob.executeStatement(SQLQueryJob.java:631)
	at org.jkiss.dbeaver.ui.editors.sql.execute.SQLQueryJob.lambda$2(SQLQueryJob.java:522)
	at org.jkiss.dbeaver.model.exec.DBExecUtils.tryExecuteRecover(DBExecUtils.java:192)
	at org.jkiss.dbeaver.ui.editors.sql.execute.SQLQueryJob.executeSingleQuery(SQLQueryJob.java:541)
	at org.jkiss.dbeaver.ui.editors.sql.execute.SQLQueryJob.extractData(SQLQueryJob.java:1001)
	at org.jkiss.dbeaver.ui.editors.sql.SQLEditor$QueryResultsContainer.readData(SQLEditor.java:4231)
	at org.jkiss.dbeaver.ui.controls.resultset.ResultSetJobDataRead.lambda$0(ResultSetJobDataRead.java:128)
	at org.jkiss.dbeaver.model.exec.DBExecUtils.tryExecuteRecover(DBExecUtils.java:192)
	at org.jkiss.dbeaver.ui.controls.resultset.ResultSetJobDataRead.run(ResultSetJobDataRead.java:126)
	at org.jkiss.dbeaver.ui.controls.resultset.ResultSetViewer$ResultSetDataPumpJob.run(ResultSetViewer.java:5160)
	at org.jkiss.dbeaver.model.runtime.AbstractJob.run(AbstractJob.java:117)
	at org.eclipse.core.internal.jobs.Worker.run(Worker.java:63)

!ENTRY org.jkiss.dbeaver.model 4 0 2024-09-13 15:46:15.447
!MESSAGE SQL Error [6550] [65000]: ORA-06550: 줄 6, 열23:PLS-00103: 심볼 "="를 만났습니다 다음 중 하나가 기대될 때:
   := . ( % ;

!SUBENTRY 1 org.jkiss.dbeaver.model 4 0 2024-09-13 15:46:15.447
!MESSAGE Error : 6550, Position : 193, Sql = -- 변수의 값이 홀/짝수 구분
DECLARE
	V_NUMBER NUMBER := 15;
BEGIN
	IF MOD(V_NUMBER,2) = 1 THEN DBMS_OUTPUT.PUT_LINE('V_NUMBER : ' || V_NUMBER || '홀수');
	ELSE MOD(V_NUMBER,2) = 0 THEN DBMS_OUTPUT.PUT_LINE('V_NUMBER : ' || V_NUMBER || '짝수');
	END IF;
END;, OriginalSql = -- 변수의 값이 홀/짝수 구분
DECLARE
	V_NUMBER NUMBER := 15;
BEGIN
	IF MOD(V_NUMBER,2) = 1 THEN DBMS_OUTPUT.PUT_LINE('V_NUMBER : ' || V_NUMBER || '홀수');
	ELSE MOD(V_NUMBER,2) = 0 THEN DBMS_OUTPUT.PUT_LINE('V_NUMBER : ' || V_NUMBER || '짝수');
	END IF;
END;, Error Msg = ORA-06550: 줄 6, 열23:PLS-00103: 심볼 "="를 만났습니다 다음 중 하나가 기대될 때:
   := . ( % ;

!STACK 0
Error : 6550, Position : 193, Sql = -- 변수의 값이 홀/짝수 구분
DECLARE
	V_NUMBER NUMBER := 15;
BEGIN
	IF MOD(V_NUMBER,2) = 1 THEN DBMS_OUTPUT.PUT_LINE('V_NUMBER : ' || V_NUMBER || '홀수');
	ELSE MOD(V_NUMBER,2) = 0 THEN DBMS_OUTPUT.PUT_LINE('V_NUMBER : ' || V_NUMBER || '짝수');
	END IF;
END;, OriginalSql = -- 변수의 값이 홀/짝수 구분
DECLARE
	V_NUMBER NUMBER := 15;
BEGIN
	IF MOD(V_NUMBER,2) = 1 THEN DBMS_OUTPUT.PUT_LINE('V_NUMBER : ' || V_NUMBER || '홀수');
	ELSE MOD(V_NUMBER,2) = 0 THEN DBMS_OUTPUT.PUT_LINE('V_NUMBER : ' || V_NUMBER || '짝수');
	END IF;
END;, Error Msg = ORA-06550: 줄 6, 열23:PLS-00103: 심볼 "="를 만났습니다 다음 중 하나가 기대될 때:
   := . ( % ;

	at oracle.jdbc.driver.T4CTTIoer11.processError(T4CTTIoer11.java:637)
	at oracle.jdbc.driver.T4CTTIoer11.processError(T4CTTIoer11.java:564)
	at oracle.jdbc.driver.T4C8Oall.processError(T4C8Oall.java:1231)
	at oracle.jdbc.driver.T4CTTIfun.receive(T4CTTIfun.java:772)
	at oracle.jdbc.driver.T4CTTIfun.doRPC(T4CTTIfun.java:299)
	at oracle.jdbc.driver.T4C8Oall.doOALL(T4C8Oall.java:512)
	at oracle.jdbc.driver.T4CStatement.doOall8(T4CStatement.java:123)
	at oracle.jdbc.driver.T4CStatement.executeForRows(T4CStatement.java:1200)
	at oracle.jdbc.driver.OracleStatement.executeSQLStatement(OracleStatement.java:1820)
	at oracle.jdbc.driver.OracleStatement.doExecuteWithTimeout(OracleStatement.java:1472)
	at oracle.jdbc.driver.OracleStatement.executeInternal(OracleStatement.java:2505)
	at oracle.jdbc.driver.OracleStatement.execute(OracleStatement.java:2460)
	at oracle.jdbc.driver.OracleStatementWrapper.execute(OracleStatementWrapper.java:328)
	at org.jkiss.dbeaver.model.impl.jdbc.exec.JDBCStatementImpl.execute(JDBCStatementImpl.java:332)
	at org.jkiss.dbeaver.model.impl.jdbc.exec.JDBCStatementImpl.executeStatement(JDBCStatementImpl.java:131)
	at org.jkiss.dbeaver.ui.editors.sql.execute.SQLQueryJob.executeStatement(SQLQueryJob.java:631)
	at org.jkiss.dbeaver.ui.editors.sql.execute.SQLQueryJob.lambda$2(SQLQueryJob.java:522)
	at org.jkiss.dbeaver.model.exec.DBExecUtils.tryExecuteRecover(DBExecUtils.java:192)
	at org.jkiss.dbeaver.ui.editors.sql.execute.SQLQueryJob.executeSingleQuery(SQLQueryJob.java:541)
	at org.jkiss.dbeaver.ui.editors.sql.execute.SQLQueryJob.extractData(SQLQueryJob.java:1001)
	at org.jkiss.dbeaver.ui.editors.sql.SQLEditor$QueryResultsContainer.readData(SQLEditor.java:4231)
	at org.jkiss.dbeaver.ui.controls.resultset.ResultSetJobDataRead.lambda$0(ResultSetJobDataRead.java:128)
	at org.jkiss.dbeaver.model.exec.DBExecUtils.tryExecuteRecover(DBExecUtils.java:192)
	at org.jkiss.dbeaver.ui.controls.resultset.ResultSetJobDataRead.run(ResultSetJobDataRead.java:126)
	at org.jkiss.dbeaver.ui.controls.resultset.ResultSetViewer$ResultSetDataPumpJob.run(ResultSetViewer.java:5160)
	at org.jkiss.dbeaver.model.runtime.AbstractJob.run(AbstractJob.java:117)
	at org.eclipse.core.internal.jobs.Worker.run(Worker.java:63)

!ENTRY org.jkiss.dbeaver.model 4 0 2024-09-13 15:55:18.041
!MESSAGE SQL Error [6550] [65000]: ORA-06550: 줄 10, 열8:PLS-00103: 심볼 "5"를 만났습니다 다음 중 하나가 기대될 때:
   ( begin case declare exit for goto if loop mod null pragma
   raise return select update while with <식별자>
   <큰 따옴표로 구분된 식별자> <바인드 변수> <<
   continue close current delete fetch lock insert open rollback
   savepoint set sql execute commit forall merge standard pipe
   purge json_object
심볼이 "if" 계속하기 위하여 "5"로 치환되었습니다
ORA-06550: 줄 11, 열7:PLS-00103: 심볼 "CASE"를 만났습니다 다음 중 하나가 기대될 때:
   if


Error position: line: 109 pos: 287
!SUBENTRY 1 org.jkiss.dbeaver.model 4 0 2024-09-13 15:55:18.041
!MESSAGE SQL Error [6550] [65000]: ORA-06550: 줄 10, 열8:PLS-00103: 심볼 "5"를 만났습니다 다음 중 하나가 기대될 때:
   ( begin case declare exit for goto if loop mod null pragma
   raise return select update while with <식별자>
   <큰 따옴표로 구분된 식별자> <바인드 변수> <<
   continue close current delete fetch lock insert open rollback
   savepoint set sql execute commit forall merge standard pipe
   purge json_object
심볼이 "if" 계속하기 위하여 "5"로 치환되었습니다
ORA-06550: 줄 11, 열7:PLS-00103: 심볼 "CASE"를 만났습니다 다음 중 하나가 기대될 때:
   if

!SUBENTRY 2 org.jkiss.dbeaver.model 4 0 2024-09-13 15:55:18.041
!MESSAGE Error : 6550, Position : 287, Sql = DECLARE
	V_NUMBER NUMBER := 77;
BEGIN
	CASE TRUNC(V_NUMBER/10)
		WHEN 10 THEN DBMS_OUTPUT.PUT_LINE('A');
		WHEN 9 THEN DBMS_OUTPUT.PUT_LINE('B');
		WHEN 8 THEN DBMS_OUTPUT.PUT_LINE('C');
 		WHEN 7 THEN DBMS_OUTPUT.PUT_LINE('D');
		WHEN 6 THEN DBMS_OUTPUT.PUT_LINE('E');	
		ELSE 5 THEN DBMS_OUTPUT.PUT_LINE('F');
		END CASE;
END;, OriginalSql = DECLARE
	V_NUMBER NUMBER := 77;
BEGIN
	CASE TRUNC(V_NUMBER/10)
		WHEN 10 THEN DBMS_OUTPUT.PUT_LINE('A');
		WHEN 9 THEN DBMS_OUTPUT.PUT_LINE('B');
		WHEN 8 THEN DBMS_OUTPUT.PUT_LINE('C');
 		WHEN 7 THEN DBMS_OUTPUT.PUT_LINE('D');
		WHEN 6 THEN DBMS_OUTPUT.PUT_LINE('E');	
		ELSE 5 THEN DBMS_OUTPUT.PUT_LINE('F');
		END CASE;
END;, Error Msg = ORA-06550: 줄 10, 열8:PLS-00103: 심볼 "5"를 만났습니다 다음 중 하나가 기대될 때:
   ( begin case declare exit for goto if loop mod null pragma
   raise return select update while with <식별자>
   <큰 따옴표로 구분된 식별자> <바인드 변수> <<
   continue close current delete fetch lock insert open rollback
   savepoint set sql execute commit forall merge standard pipe
   purge json_object
심볼이 "if" 계속하기 위하여 "5"로 치환되었습니다
ORA-06550: 줄 11, 열7:PLS-00103: 심볼 "CASE"를 만났습니다 다음 중 하나가 기대될 때:
   if

!STACK 0
Error : 6550, Position : 287, Sql = DECLARE
	V_NUMBER NUMBER := 77;
BEGIN
	CASE TRUNC(V_NUMBER/10)
		WHEN 10 THEN DBMS_OUTPUT.PUT_LINE('A');
		WHEN 9 THEN DBMS_OUTPUT.PUT_LINE('B');
		WHEN 8 THEN DBMS_OUTPUT.PUT_LINE('C');
 		WHEN 7 THEN DBMS_OUTPUT.PUT_LINE('D');
		WHEN 6 THEN DBMS_OUTPUT.PUT_LINE('E');	
		ELSE 5 THEN DBMS_OUTPUT.PUT_LINE('F');
		END CASE;
END;, OriginalSql = DECLARE
	V_NUMBER NUMBER := 77;
BEGIN
	CASE TRUNC(V_NUMBER/10)
		WHEN 10 THEN DBMS_OUTPUT.PUT_LINE('A');
		WHEN 9 THEN DBMS_OUTPUT.PUT_LINE('B');
		WHEN 8 THEN DBMS_OUTPUT.PUT_LINE('C');
 		WHEN 7 THEN DBMS_OUTPUT.PUT_LINE('D');
		WHEN 6 THEN DBMS_OUTPUT.PUT_LINE('E');	
		ELSE 5 THEN DBMS_OUTPUT.PUT_LINE('F');
		END CASE;
END;, Error Msg = ORA-06550: 줄 10, 열8:PLS-00103: 심볼 "5"를 만났습니다 다음 중 하나가 기대될 때:
   ( begin case declare exit for goto if loop mod null pragma
   raise return select update while with <식별자>
   <큰 따옴표로 구분된 식별자> <바인드 변수> <<
   continue close current delete fetch lock insert open rollback
   savepoint set sql execute commit forall merge standard pipe
   purge json_object
심볼이 "if" 계속하기 위하여 "5"로 치환되었습니다
ORA-06550: 줄 11, 열7:PLS-00103: 심볼 "CASE"를 만났습니다 다음 중 하나가 기대될 때:
   if

	at oracle.jdbc.driver.T4CTTIoer11.processError(T4CTTIoer11.java:637)
	at oracle.jdbc.driver.T4CTTIoer11.processError(T4CTTIoer11.java:564)
	at oracle.jdbc.driver.T4C8Oall.processError(T4C8Oall.java:1231)
	at oracle.jdbc.driver.T4CTTIfun.receive(T4CTTIfun.java:772)
	at oracle.jdbc.driver.T4CTTIfun.doRPC(T4CTTIfun.java:299)
	at oracle.jdbc.driver.T4C8Oall.doOALL(T4C8Oall.java:512)
	at oracle.jdbc.driver.T4CStatement.doOall8(T4CStatement.java:123)
	at oracle.jdbc.driver.T4CStatement.executeForRows(T4CStatement.java:1200)
	at oracle.jdbc.driver.OracleStatement.executeSQLStatement(OracleStatement.java:1820)
	at oracle.jdbc.driver.OracleStatement.doExecuteWithTimeout(OracleStatement.java:1472)
	at oracle.jdbc.driver.OracleStatement.executeInternal(OracleStatement.java:2505)
	at oracle.jdbc.driver.OracleStatement.execute(OracleStatement.java:2460)
	at oracle.jdbc.driver.OracleStatementWrapper.execute(OracleStatementWrapper.java:328)
	at org.jkiss.dbeaver.model.impl.jdbc.exec.JDBCStatementImpl.execute(JDBCStatementImpl.java:332)
	at org.jkiss.dbeaver.model.impl.jdbc.exec.JDBCStatementImpl.executeStatement(JDBCStatementImpl.java:131)
	at org.jkiss.dbeaver.ui.editors.sql.execute.SQLQueryJob.executeStatement(SQLQueryJob.java:631)
	at org.jkiss.dbeaver.ui.editors.sql.execute.SQLQueryJob.lambda$2(SQLQueryJob.java:522)
	at org.jkiss.dbeaver.model.exec.DBExecUtils.tryExecuteRecover(DBExecUtils.java:192)
	at org.jkiss.dbeaver.ui.editors.sql.execute.SQLQueryJob.executeSingleQuery(SQLQueryJob.java:541)
	at org.jkiss.dbeaver.ui.editors.sql.execute.SQLQueryJob.extractData(SQLQueryJob.java:1001)
	at org.jkiss.dbeaver.ui.editors.sql.SQLEditor$QueryResultsContainer.readData(SQLEditor.java:4231)
	at org.jkiss.dbeaver.ui.controls.resultset.ResultSetJobDataRead.lambda$0(ResultSetJobDataRead.java:128)
	at org.jkiss.dbeaver.model.exec.DBExecUtils.tryExecuteRecover(DBExecUtils.java:192)
	at org.jkiss.dbeaver.ui.controls.resultset.ResultSetJobDataRead.run(ResultSetJobDataRead.java:126)
	at org.jkiss.dbeaver.ui.controls.resultset.ResultSetViewer$ResultSetDataPumpJob.run(ResultSetViewer.java:5160)
	at org.jkiss.dbeaver.model.runtime.AbstractJob.run(AbstractJob.java:117)
	at org.eclipse.core.internal.jobs.Worker.run(Worker.java:63)

!ENTRY org.jkiss.dbeaver.model 4 0 2024-09-13 16:02:19.735
!MESSAGE SQL Error [6550] [65000]: ORA-06550: 줄 16, 열3:PLS-00103: 심볼 "EXIT"를 만났습니다 다음 중 하나가 기대될 때:
   * & = - + ; < / > at in is mod remainder not rem <지수(**)>
   <> or != or ~= >= <= <> and or like like2 like4 likec between
   || member submultiset
ORA-06550: 줄 16, 열25:PLS-00103: 심볼 ";"를 만났습니다 다음 중 하나가 기대될 때:
   , * & - + / at loop mod remainder rem <지수(**)> and or ||
   multiset


Error position: line: 128 pos: 291
!SUBENTRY 1 org.jkiss.dbeaver.model 4 0 2024-09-13 16:02:19.735
!MESSAGE SQL Error [6550] [65000]: ORA-06550: 줄 16, 열3:PLS-00103: 심볼 "EXIT"를 만났습니다 다음 중 하나가 기대될 때:
   * & = - + ; < / > at in is mod remainder not rem <지수(**)>
   <> or != or ~= >= <= <> and or like like2 like4 likec between
   || member submultiset
ORA-06550: 줄 16, 열25:PLS-00103: 심볼 ";"를 만났습니다 다음 중 하나가 기대될 때:
   , * & - + / at loop mod remainder rem <지수(**)> and or ||
   multiset

!SUBENTRY 2 org.jkiss.dbeaver.model 4 0 2024-09-13 16:02:19.735
!MESSAGE Error : 6550, Position : 291, Sql = -- 반복문
-- LOOP ~ END LOOP
-- WHILE ~ LOOP ~ END LOOP
-- FOR IN LOOP ~ END LOOP
-- 종료 선언
-- EXIT 
-- EXIT WHEN
-- CONTINUE
-- CONTINUE WHEN
DECLARE
	V_NUMBER NUMBER := 0;
BEGIN
	LOOP
		DBMS_OUTPUT.PUT_LINE('V_NUMBER : ' || V_NUMBER);
		V_NUMBER := V_NUMBER + 1
		EXIT WHEN V_NUMBER > 4;
	END LOOP	
END;, OriginalSql = -- 반복문
-- LOOP ~ END LOOP
-- WHILE ~ LOOP ~ END LOOP
-- FOR IN LOOP ~ END LOOP
-- 종료 선언
-- EXIT 
-- EXIT WHEN
-- CONTINUE
-- CONTINUE WHEN
DECLARE
	V_NUMBER NUMBER := 0;
BEGIN
	LOOP
		DBMS_OUTPUT.PUT_LINE('V_NUMBER : ' || V_NUMBER);
		V_NUMBER := V_NUMBER + 1
		EXIT WHEN V_NUMBER > 4;
	END LOOP	
END;, Error Msg = ORA-06550: 줄 16, 열3:PLS-00103: 심볼 "EXIT"를 만났습니다 다음 중 하나가 기대될 때:
   * & = - + ; < / > at in is mod remainder not rem <지수(**)>
   <> or != or ~= >= <= <> and or like like2 like4 likec between
   || member submultiset
ORA-06550: 줄 16, 열25:PLS-00103: 심볼 ";"를 만났습니다 다음 중 하나가 기대될 때:
   , * & - + / at loop mod remainder rem <지수(**)> and or ||
   multiset

!STACK 0
Error : 6550, Position : 291, Sql = -- 반복문
-- LOOP ~ END LOOP
-- WHILE ~ LOOP ~ END LOOP
-- FOR IN LOOP ~ END LOOP
-- 종료 선언
-- EXIT 
-- EXIT WHEN
-- CONTINUE
-- CONTINUE WHEN
DECLARE
	V_NUMBER NUMBER := 0;
BEGIN
	LOOP
		DBMS_OUTPUT.PUT_LINE('V_NUMBER : ' || V_NUMBER);
		V_NUMBER := V_NUMBER + 1
		EXIT WHEN V_NUMBER > 4;
	END LOOP	
END;, OriginalSql = -- 반복문
-- LOOP ~ END LOOP
-- WHILE ~ LOOP ~ END LOOP
-- FOR IN LOOP ~ END LOOP
-- 종료 선언
-- EXIT 
-- EXIT WHEN
-- CONTINUE
-- CONTINUE WHEN
DECLARE
	V_NUMBER NUMBER := 0;
BEGIN
	LOOP
		DBMS_OUTPUT.PUT_LINE('V_NUMBER : ' || V_NUMBER);
		V_NUMBER := V_NUMBER + 1
		EXIT WHEN V_NUMBER > 4;
	END LOOP	
END;, Error Msg = ORA-06550: 줄 16, 열3:PLS-00103: 심볼 "EXIT"를 만났습니다 다음 중 하나가 기대될 때:
   * & = - + ; < / > at in is mod remainder not rem <지수(**)>
   <> or != or ~= >= <= <> and or like like2 like4 likec between
   || member submultiset
ORA-06550: 줄 16, 열25:PLS-00103: 심볼 ";"를 만났습니다 다음 중 하나가 기대될 때:
   , * & - + / at loop mod remainder rem <지수(**)> and or ||
   multiset

	at oracle.jdbc.driver.T4CTTIoer11.processError(T4CTTIoer11.java:637)
	at oracle.jdbc.driver.T4CTTIoer11.processError(T4CTTIoer11.java:564)
	at oracle.jdbc.driver.T4C8Oall.processError(T4C8Oall.java:1231)
	at oracle.jdbc.driver.T4CTTIfun.receive(T4CTTIfun.java:772)
	at oracle.jdbc.driver.T4CTTIfun.doRPC(T4CTTIfun.java:299)
	at oracle.jdbc.driver.T4C8Oall.doOALL(T4C8Oall.java:512)
	at oracle.jdbc.driver.T4CStatement.doOall8(T4CStatement.java:123)
	at oracle.jdbc.driver.T4CStatement.executeForRows(T4CStatement.java:1200)
	at oracle.jdbc.driver.OracleStatement.executeSQLStatement(OracleStatement.java:1820)
	at oracle.jdbc.driver.OracleStatement.doExecuteWithTimeout(OracleStatement.java:1472)
	at oracle.jdbc.driver.OracleStatement.executeInternal(OracleStatement.java:2505)
	at oracle.jdbc.driver.OracleStatement.execute(OracleStatement.java:2460)
	at oracle.jdbc.driver.OracleStatementWrapper.execute(OracleStatementWrapper.java:328)
	at org.jkiss.dbeaver.model.impl.jdbc.exec.JDBCStatementImpl.execute(JDBCStatementImpl.java:332)
	at org.jkiss.dbeaver.model.impl.jdbc.exec.JDBCStatementImpl.executeStatement(JDBCStatementImpl.java:131)
	at org.jkiss.dbeaver.ui.editors.sql.execute.SQLQueryJob.executeStatement(SQLQueryJob.java:631)
	at org.jkiss.dbeaver.ui.editors.sql.execute.SQLQueryJob.lambda$2(SQLQueryJob.java:522)
	at org.jkiss.dbeaver.model.exec.DBExecUtils.tryExecuteRecover(DBExecUtils.java:192)
	at org.jkiss.dbeaver.ui.editors.sql.execute.SQLQueryJob.executeSingleQuery(SQLQueryJob.java:541)
	at org.jkiss.dbeaver.ui.editors.sql.execute.SQLQueryJob.extractData(SQLQueryJob.java:1001)
	at org.jkiss.dbeaver.ui.editors.sql.SQLEditor$QueryResultsContainer.readData(SQLEditor.java:4231)
	at org.jkiss.dbeaver.ui.controls.resultset.ResultSetJobDataRead.lambda$0(ResultSetJobDataRead.java:128)
	at org.jkiss.dbeaver.model.exec.DBExecUtils.tryExecuteRecover(DBExecUtils.java:192)
	at org.jkiss.dbeaver.ui.controls.resultset.ResultSetJobDataRead.run(ResultSetJobDataRead.java:126)
	at org.jkiss.dbeaver.ui.controls.resultset.ResultSetViewer$ResultSetDataPumpJob.run(ResultSetViewer.java:5160)
	at org.jkiss.dbeaver.model.runtime.AbstractJob.run(AbstractJob.java:117)
	at org.eclipse.core.internal.jobs.Worker.run(Worker.java:63)

!ENTRY org.jkiss.dbeaver.model 4 0 2024-09-13 16:02:49.816
!MESSAGE SQL Error [6550] [65000]: ORA-06550: 줄 16, 열3:PLS-00103: 심볼 "EXIT"를 만났습니다 다음 중 하나가 기대될 때:
   * & = - + ; < / > at in is mod remainder not rem <지수(**)>
   <> or != or ~= >= <= <> and or like like2 like4 likec between
   || member submultiset
ORA-06550: 줄 16, 열25:PLS-00103: 심볼 ";"를 만났습니다 다음 중 하나가 기대될 때:
   , * & - + / at loop mod remainder rem <지수(**)> and or ||
   multiset

!SUBENTRY 1 org.jkiss.dbeaver.model 4 0 2024-09-13 16:02:49.816
!MESSAGE Error : 6550, Position : 291, Sql = -- 반복문
-- LOOP ~ END LOOP
-- WHILE ~ LOOP ~ END LOOP
-- FOR IN LOOP ~ END LOOP
-- 종료 선언
-- EXIT 
-- EXIT WHEN
-- CONTINUE
-- CONTINUE WHEN
DECLARE
	V_NUMBER NUMBER := 0;
BEGIN
	LOOP
		DBMS_OUTPUT.PUT_LINE('V_NUMBER : ' || V_NUMBER);
		V_NUMBER := V_NUMBER + 1
		EXIT WHEN V_NUMBER > 4;
	END LOOP	
END;, OriginalSql = -- 반복문
-- LOOP ~ END LOOP
-- WHILE ~ LOOP ~ END LOOP
-- FOR IN LOOP ~ END LOOP
-- 종료 선언
-- EXIT 
-- EXIT WHEN
-- CONTINUE
-- CONTINUE WHEN
DECLARE
	V_NUMBER NUMBER := 0;
BEGIN
	LOOP
		DBMS_OUTPUT.PUT_LINE('V_NUMBER : ' || V_NUMBER);
		V_NUMBER := V_NUMBER + 1
		EXIT WHEN V_NUMBER > 4;
	END LOOP	
END;, Error Msg = ORA-06550: 줄 16, 열3:PLS-00103: 심볼 "EXIT"를 만났습니다 다음 중 하나가 기대될 때:
   * & = - + ; < / > at in is mod remainder not rem <지수(**)>
   <> or != or ~= >= <= <> and or like like2 like4 likec between
   || member submultiset
ORA-06550: 줄 16, 열25:PLS-00103: 심볼 ";"를 만났습니다 다음 중 하나가 기대될 때:
   , * & - + / at loop mod remainder rem <지수(**)> and or ||
   multiset

!STACK 0
Error : 6550, Position : 291, Sql = -- 반복문
-- LOOP ~ END LOOP
-- WHILE ~ LOOP ~ END LOOP
-- FOR IN LOOP ~ END LOOP
-- 종료 선언
-- EXIT 
-- EXIT WHEN
-- CONTINUE
-- CONTINUE WHEN
DECLARE
	V_NUMBER NUMBER := 0;
BEGIN
	LOOP
		DBMS_OUTPUT.PUT_LINE('V_NUMBER : ' || V_NUMBER);
		V_NUMBER := V_NUMBER + 1
		EXIT WHEN V_NUMBER > 4;
	END LOOP	
END;, OriginalSql = -- 반복문
-- LOOP ~ END LOOP
-- WHILE ~ LOOP ~ END LOOP
-- FOR IN LOOP ~ END LOOP
-- 종료 선언
-- EXIT 
-- EXIT WHEN
-- CONTINUE
-- CONTINUE WHEN
DECLARE
	V_NUMBER NUMBER := 0;
BEGIN
	LOOP
		DBMS_OUTPUT.PUT_LINE('V_NUMBER : ' || V_NUMBER);
		V_NUMBER := V_NUMBER + 1
		EXIT WHEN V_NUMBER > 4;
	END LOOP	
END;, Error Msg = ORA-06550: 줄 16, 열3:PLS-00103: 심볼 "EXIT"를 만났습니다 다음 중 하나가 기대될 때:
   * & = - + ; < / > at in is mod remainder not rem <지수(**)>
   <> or != or ~= >= <= <> and or like like2 like4 likec between
   || member submultiset
ORA-06550: 줄 16, 열25:PLS-00103: 심볼 ";"를 만났습니다 다음 중 하나가 기대될 때:
   , * & - + / at loop mod remainder rem <지수(**)> and or ||
   multiset

	at oracle.jdbc.driver.T4CTTIoer11.processError(T4CTTIoer11.java:637)
	at oracle.jdbc.driver.T4CTTIoer11.processError(T4CTTIoer11.java:564)
	at oracle.jdbc.driver.T4C8Oall.processError(T4C8Oall.java:1231)
	at oracle.jdbc.driver.T4CTTIfun.receive(T4CTTIfun.java:772)
	at oracle.jdbc.driver.T4CTTIfun.doRPC(T4CTTIfun.java:299)
	at oracle.jdbc.driver.T4C8Oall.doOALL(T4C8Oall.java:512)
	at oracle.jdbc.driver.T4CStatement.doOall8(T4CStatement.java:123)
	at oracle.jdbc.driver.T4CStatement.executeForRows(T4CStatement.java:1200)
	at oracle.jdbc.driver.OracleStatement.executeSQLStatement(OracleStatement.java:1820)
	at oracle.jdbc.driver.OracleStatement.doExecuteWithTimeout(OracleStatement.java:1472)
	at oracle.jdbc.driver.OracleStatement.executeInternal(OracleStatement.java:2505)
	at oracle.jdbc.driver.OracleStatement.execute(OracleStatement.java:2460)
	at oracle.jdbc.driver.OracleStatementWrapper.execute(OracleStatementWrapper.java:328)
	at org.jkiss.dbeaver.model.impl.jdbc.exec.JDBCStatementImpl.execute(JDBCStatementImpl.java:332)
	at org.jkiss.dbeaver.model.impl.jdbc.exec.JDBCStatementImpl.executeStatement(JDBCStatementImpl.java:131)
	at org.jkiss.dbeaver.ui.editors.sql.execute.SQLQueryJob.executeStatement(SQLQueryJob.java:631)
	at org.jkiss.dbeaver.ui.editors.sql.execute.SQLQueryJob.lambda$2(SQLQueryJob.java:522)
	at org.jkiss.dbeaver.model.exec.DBExecUtils.tryExecuteRecover(DBExecUtils.java:192)
	at org.jkiss.dbeaver.ui.editors.sql.execute.SQLQueryJob.executeSingleQuery(SQLQueryJob.java:541)
	at org.jkiss.dbeaver.ui.editors.sql.execute.SQLQueryJob.extractData(SQLQueryJob.java:1001)
	at org.jkiss.dbeaver.ui.editors.sql.SQLEditor$QueryResultsContainer.readData(SQLEditor.java:4231)
	at org.jkiss.dbeaver.ui.controls.resultset.ResultSetJobDataRead.lambda$0(ResultSetJobDataRead.java:128)
	at org.jkiss.dbeaver.model.exec.DBExecUtils.tryExecuteRecover(DBExecUtils.java:192)
	at org.jkiss.dbeaver.ui.controls.resultset.ResultSetJobDataRead.run(ResultSetJobDataRead.java:126)
	at org.jkiss.dbeaver.ui.controls.resultset.ResultSetViewer$ResultSetDataPumpJob.run(ResultSetViewer.java:5160)
	at org.jkiss.dbeaver.model.runtime.AbstractJob.run(AbstractJob.java:117)
	at org.eclipse.core.internal.jobs.Worker.run(Worker.java:63)

!ENTRY org.jkiss.dbeaver.model 4 0 2024-09-13 16:02:52.329
!MESSAGE SQL Error [6550] [65000]: ORA-06550: 줄 18, 열1:PLS-00103: 심볼 "END"를 만났습니다 다음 중 하나가 기대될 때:
   ; <식별자> <큰 따옴표로 구분된 식별자>
심볼이 ";" 계속하기 위하여 "END"로 치환되었습니다

!SUBENTRY 1 org.jkiss.dbeaver.model 4 0 2024-09-13 16:02:52.329
!MESSAGE Error : 6550, Position : 329, Sql = -- 반복문
-- LOOP ~ END LOOP
-- WHILE ~ LOOP ~ END LOOP
-- FOR IN LOOP ~ END LOOP
-- 종료 선언
-- EXIT 
-- EXIT WHEN
-- CONTINUE
-- CONTINUE WHEN
DECLARE
	V_NUMBER NUMBER := 0;
BEGIN
	LOOP
		DBMS_OUTPUT.PUT_LINE('V_NUMBER : ' || V_NUMBER);
		V_NUMBER := V_NUMBER + 1;
		EXIT WHEN V_NUMBER > 4;
	END LOOP	
END;, OriginalSql = -- 반복문
-- LOOP ~ END LOOP
-- WHILE ~ LOOP ~ END LOOP
-- FOR IN LOOP ~ END LOOP
-- 종료 선언
-- EXIT 
-- EXIT WHEN
-- CONTINUE
-- CONTINUE WHEN
DECLARE
	V_NUMBER NUMBER := 0;
BEGIN
	LOOP
		DBMS_OUTPUT.PUT_LINE('V_NUMBER : ' || V_NUMBER);
		V_NUMBER := V_NUMBER + 1;
		EXIT WHEN V_NUMBER > 4;
	END LOOP	
END;, Error Msg = ORA-06550: 줄 18, 열1:PLS-00103: 심볼 "END"를 만났습니다 다음 중 하나가 기대될 때:
   ; <식별자> <큰 따옴표로 구분된 식별자>
심볼이 ";" 계속하기 위하여 "END"로 치환되었습니다

!STACK 0
Error : 6550, Position : 329, Sql = -- 반복문
-- LOOP ~ END LOOP
-- WHILE ~ LOOP ~ END LOOP
-- FOR IN LOOP ~ END LOOP
-- 종료 선언
-- EXIT 
-- EXIT WHEN
-- CONTINUE
-- CONTINUE WHEN
DECLARE
	V_NUMBER NUMBER := 0;
BEGIN
	LOOP
		DBMS_OUTPUT.PUT_LINE('V_NUMBER : ' || V_NUMBER);
		V_NUMBER := V_NUMBER + 1;
		EXIT WHEN V_NUMBER > 4;
	END LOOP	
END;, OriginalSql = -- 반복문
-- LOOP ~ END LOOP
-- WHILE ~ LOOP ~ END LOOP
-- FOR IN LOOP ~ END LOOP
-- 종료 선언
-- EXIT 
-- EXIT WHEN
-- CONTINUE
-- CONTINUE WHEN
DECLARE
	V_NUMBER NUMBER := 0;
BEGIN
	LOOP
		DBMS_OUTPUT.PUT_LINE('V_NUMBER : ' || V_NUMBER);
		V_NUMBER := V_NUMBER + 1;
		EXIT WHEN V_NUMBER > 4;
	END LOOP	
END;, Error Msg = ORA-06550: 줄 18, 열1:PLS-00103: 심볼 "END"를 만났습니다 다음 중 하나가 기대될 때:
   ; <식별자> <큰 따옴표로 구분된 식별자>
심볼이 ";" 계속하기 위하여 "END"로 치환되었습니다

	at oracle.jdbc.driver.T4CTTIoer11.processError(T4CTTIoer11.java:637)
	at oracle.jdbc.driver.T4CTTIoer11.processError(T4CTTIoer11.java:564)
	at oracle.jdbc.driver.T4C8Oall.processError(T4C8Oall.java:1231)
	at oracle.jdbc.driver.T4CTTIfun.receive(T4CTTIfun.java:772)
	at oracle.jdbc.driver.T4CTTIfun.doRPC(T4CTTIfun.java:299)
	at oracle.jdbc.driver.T4C8Oall.doOALL(T4C8Oall.java:512)
	at oracle.jdbc.driver.T4CStatement.doOall8(T4CStatement.java:123)
	at oracle.jdbc.driver.T4CStatement.executeForRows(T4CStatement.java:1200)
	at oracle.jdbc.driver.OracleStatement.executeSQLStatement(OracleStatement.java:1820)
	at oracle.jdbc.driver.OracleStatement.doExecuteWithTimeout(OracleStatement.java:1472)
	at oracle.jdbc.driver.OracleStatement.executeInternal(OracleStatement.java:2505)
	at oracle.jdbc.driver.OracleStatement.execute(OracleStatement.java:2460)
	at oracle.jdbc.driver.OracleStatementWrapper.execute(OracleStatementWrapper.java:328)
	at org.jkiss.dbeaver.model.impl.jdbc.exec.JDBCStatementImpl.execute(JDBCStatementImpl.java:332)
	at org.jkiss.dbeaver.model.impl.jdbc.exec.JDBCStatementImpl.executeStatement(JDBCStatementImpl.java:131)
	at org.jkiss.dbeaver.ui.editors.sql.execute.SQLQueryJob.executeStatement(SQLQueryJob.java:631)
	at org.jkiss.dbeaver.ui.editors.sql.execute.SQLQueryJob.lambda$2(SQLQueryJob.java:522)
	at org.jkiss.dbeaver.model.exec.DBExecUtils.tryExecuteRecover(DBExecUtils.java:192)
	at org.jkiss.dbeaver.ui.editors.sql.execute.SQLQueryJob.executeSingleQuery(SQLQueryJob.java:541)
	at org.jkiss.dbeaver.ui.editors.sql.execute.SQLQueryJob.extractData(SQLQueryJob.java:1001)
	at org.jkiss.dbeaver.ui.editors.sql.SQLEditor$QueryResultsContainer.readData(SQLEditor.java:4231)
	at org.jkiss.dbeaver.ui.controls.resultset.ResultSetJobDataRead.lambda$0(ResultSetJobDataRead.java:128)
	at org.jkiss.dbeaver.model.exec.DBExecUtils.tryExecuteRecover(DBExecUtils.java:192)
	at org.jkiss.dbeaver.ui.controls.resultset.ResultSetJobDataRead.run(ResultSetJobDataRead.java:126)
	at org.jkiss.dbeaver.ui.controls.resultset.ResultSetViewer$ResultSetDataPumpJob.run(ResultSetViewer.java:5160)
	at org.jkiss.dbeaver.model.runtime.AbstractJob.run(AbstractJob.java:117)
	at org.eclipse.core.internal.jobs.Worker.run(Worker.java:63)

!ENTRY org.jkiss.dbeaver.model 2 0 2024-09-13 16:02:52.463
!MESSAGE Error positioning on query error
!SUBENTRY 1 org.jkiss.dbeaver.model 2 0 2024-09-13 16:02:52.463
!MESSAGE assertion failed: 
!STACK 0
org.eclipse.core.runtime.AssertionFailedException: assertion failed: 
	at org.eclipse.core.runtime.Assert.isTrue(Assert.java:119)
	at org.eclipse.core.runtime.Assert.isTrue(Assert.java:104)
	at org.eclipse.jface.text.Position.<init>(Position.java:66)
	at org.jkiss.dbeaver.ui.editors.sql.SQLEditorBase.visualizeQueryErrors(SQLEditorBase.java:1046)
	at org.jkiss.dbeaver.ui.editors.sql.SQLEditor$SQLEditorQueryListener.processQueryResult(SQLEditor.java:4912)
	at org.jkiss.dbeaver.ui.editors.sql.SQLEditor$SQLEditorQueryListener.lambda$4(SQLEditor.java:4866)
	at org.jkiss.dbeaver.ui.UIUtils$9.runInUIThread(UIUtils.java:1873)
	at org.jkiss.dbeaver.ui.AbstractUIJob.runInUIThread(AbstractUIJob.java:41)
	at org.eclipse.ui.progress.UIJob.lambda$0(UIJob.java:148)
	at org.eclipse.swt.widgets.RunnableLock.run(RunnableLock.java:40)
	at org.eclipse.swt.widgets.Synchronizer.runAsyncMessages(Synchronizer.java:132)
	at org.eclipse.swt.widgets.Display.runAsyncMessages(Display.java:4058)
	at org.eclipse.swt.widgets.Display.readAndDispatch(Display.java:3676)
	at org.eclipse.e4.ui.internal.workbench.swt.PartRenderingEngine$5.run(PartRenderingEngine.java:1151)
	at org.eclipse.core.databinding.observable.Realm.runWithDefault(Realm.java:339)
	at org.eclipse.e4.ui.internal.workbench.swt.PartRenderingEngine.run(PartRenderingEngine.java:1042)
	at org.eclipse.e4.ui.internal.workbench.E4Workbench.createAndRunUI(E4Workbench.java:152)
	at org.eclipse.ui.internal.Workbench.lambda$3(Workbench.java:639)
	at org.eclipse.core.databinding.observable.Realm.runWithDefault(Realm.java:339)
	at org.eclipse.ui.internal.Workbench.createAndRunWorkbench(Workbench.java:546)
	at org.eclipse.ui.PlatformUI.createAndRunWorkbench(PlatformUI.java:173)
	at org.jkiss.dbeaver.ui.app.standalone.DBeaverApplication.start(DBeaverApplication.java:292)
	at org.eclipse.equinox.internal.app.EclipseAppHandle.run(EclipseAppHandle.java:208)
	at org.eclipse.core.runtime.internal.adaptor.EclipseAppLauncher.runApplication(EclipseAppLauncher.java:143)
	at org.eclipse.core.runtime.internal.adaptor.EclipseAppLauncher.start(EclipseAppLauncher.java:109)
	at org.eclipse.core.runtime.adaptor.EclipseStarter.run(EclipseStarter.java:439)
	at org.eclipse.core.runtime.adaptor.EclipseStarter.run(EclipseStarter.java:271)
	at java.base/jdk.internal.reflect.NativeMethodAccessorImpl.invoke0(Native Method)
	at java.base/jdk.internal.reflect.NativeMethodAccessorImpl.invoke(Unknown Source)
	at java.base/jdk.internal.reflect.DelegatingMethodAccessorImpl.invoke(Unknown Source)
	at java.base/java.lang.reflect.Method.invoke(Unknown Source)
	at org.jkiss.dbeaver.launcher.DBeaverLauncher.invokeFramework(DBeaverLauncher.java:648)
	at org.jkiss.dbeaver.launcher.DBeaverLauncher.basicRun(DBeaverLauncher.java:608)
	at org.jkiss.dbeaver.launcher.DBeaverLauncher.run(DBeaverLauncher.java:1459)

!ENTRY org.jkiss.dbeaver.model 4 0 2024-09-13 16:07:23.590
!MESSAGE SQL Error [900] [42000]: ORA-00900: SQL 문이 부적합합니다


Error position: line: 142
!SUBENTRY 1 org.jkiss.dbeaver.model 4 0 2024-09-13 16:07:23.590
!MESSAGE SQL Error [900] [42000]: ORA-00900: SQL 문이 부적합합니다

!SUBENTRY 2 org.jkiss.dbeaver.model 4 0 2024-09-13 16:07:23.590
!MESSAGE Error : 900, Position : 0, Sql = END, OriginalSql = END, Error Msg = ORA-00900: SQL 문이 부적합합니다

!STACK 0
Error : 900, Position : 0, Sql = END, OriginalSql = END, Error Msg = ORA-00900: SQL 문이 부적합합니다

	at oracle.jdbc.driver.T4CTTIoer11.processError(T4CTTIoer11.java:637)
	at oracle.jdbc.driver.T4CTTIoer11.processError(T4CTTIoer11.java:564)
	at oracle.jdbc.driver.T4C8Oall.processError(T4C8Oall.java:1231)
	at oracle.jdbc.driver.T4CTTIfun.receive(T4CTTIfun.java:772)
	at oracle.jdbc.driver.T4CTTIfun.doRPC(T4CTTIfun.java:299)
	at oracle.jdbc.driver.T4C8Oall.doOALL(T4C8Oall.java:512)
	at oracle.jdbc.driver.T4CStatement.doOall8(T4CStatement.java:123)
	at oracle.jdbc.driver.T4CStatement.executeForRows(T4CStatement.java:1200)
	at oracle.jdbc.driver.OracleStatement.executeSQLStatement(OracleStatement.java:1820)
	at oracle.jdbc.driver.OracleStatement.doExecuteWithTimeout(OracleStatement.java:1472)
	at oracle.jdbc.driver.OracleStatement.executeInternal(OracleStatement.java:2505)
	at oracle.jdbc.driver.OracleStatement.execute(OracleStatement.java:2460)
	at oracle.jdbc.driver.OracleStatementWrapper.execute(OracleStatementWrapper.java:328)
	at org.jkiss.dbeaver.model.impl.jdbc.exec.JDBCStatementImpl.execute(JDBCStatementImpl.java:332)
	at org.jkiss.dbeaver.model.impl.jdbc.exec.JDBCStatementImpl.executeStatement(JDBCStatementImpl.java:131)
	at org.jkiss.dbeaver.ui.editors.sql.execute.SQLQueryJob.executeStatement(SQLQueryJob.java:631)
	at org.jkiss.dbeaver.ui.editors.sql.execute.SQLQueryJob.lambda$2(SQLQueryJob.java:522)
	at org.jkiss.dbeaver.model.exec.DBExecUtils.tryExecuteRecover(DBExecUtils.java:192)
	at org.jkiss.dbeaver.ui.editors.sql.execute.SQLQueryJob.executeSingleQuery(SQLQueryJob.java:541)
	at org.jkiss.dbeaver.ui.editors.sql.execute.SQLQueryJob.extractData(SQLQueryJob.java:1001)
	at org.jkiss.dbeaver.ui.editors.sql.SQLEditor$QueryResultsContainer.readData(SQLEditor.java:4231)
	at org.jkiss.dbeaver.ui.controls.resultset.ResultSetJobDataRead.lambda$0(ResultSetJobDataRead.java:128)
	at org.jkiss.dbeaver.model.exec.DBExecUtils.tryExecuteRecover(DBExecUtils.java:192)
	at org.jkiss.dbeaver.ui.controls.resultset.ResultSetJobDataRead.run(ResultSetJobDataRead.java:126)
	at org.jkiss.dbeaver.ui.controls.resultset.ResultSetViewer$ResultSetDataPumpJob.run(ResultSetViewer.java:5160)
	at org.jkiss.dbeaver.model.runtime.AbstractJob.run(AbstractJob.java:117)
	at org.eclipse.core.internal.jobs.Worker.run(Worker.java:63)

!ENTRY org.jkiss.dbeaver.model 4 0 2024-09-13 16:09:18.940
!MESSAGE SQL Error [900] [42000]: ORA-00900: SQL 문이 부적합합니다

!SUBENTRY 1 org.jkiss.dbeaver.model 4 0 2024-09-13 16:09:18.940
!MESSAGE Error : 900, Position : 0, Sql = END, OriginalSql = END, Error Msg = ORA-00900: SQL 문이 부적합합니다

!STACK 0
Error : 900, Position : 0, Sql = END, OriginalSql = END, Error Msg = ORA-00900: SQL 문이 부적합합니다

	at oracle.jdbc.driver.T4CTTIoer11.processError(T4CTTIoer11.java:637)
	at oracle.jdbc.driver.T4CTTIoer11.processError(T4CTTIoer11.java:564)
	at oracle.jdbc.driver.T4C8Oall.processError(T4C8Oall.java:1231)
	at oracle.jdbc.driver.T4CTTIfun.receive(T4CTTIfun.java:772)
	at oracle.jdbc.driver.T4CTTIfun.doRPC(T4CTTIfun.java:299)
	at oracle.jdbc.driver.T4C8Oall.doOALL(T4C8Oall.java:512)
	at oracle.jdbc.driver.T4CStatement.doOall8(T4CStatement.java:123)
	at oracle.jdbc.driver.T4CStatement.executeForRows(T4CStatement.java:1200)
	at oracle.jdbc.driver.OracleStatement.executeSQLStatement(OracleStatement.java:1820)
	at oracle.jdbc.driver.OracleStatement.doExecuteWithTimeout(OracleStatement.java:1472)
	at oracle.jdbc.driver.OracleStatement.executeInternal(OracleStatement.java:2505)
	at oracle.jdbc.driver.OracleStatement.execute(OracleStatement.java:2460)
	at oracle.jdbc.driver.OracleStatementWrapper.execute(OracleStatementWrapper.java:328)
	at org.jkiss.dbeaver.model.impl.jdbc.exec.JDBCStatementImpl.execute(JDBCStatementImpl.java:332)
	at org.jkiss.dbeaver.model.impl.jdbc.exec.JDBCStatementImpl.executeStatement(JDBCStatementImpl.java:131)
	at org.jkiss.dbeaver.ui.editors.sql.execute.SQLQueryJob.executeStatement(SQLQueryJob.java:631)
	at org.jkiss.dbeaver.ui.editors.sql.execute.SQLQueryJob.lambda$2(SQLQueryJob.java:522)
	at org.jkiss.dbeaver.model.exec.DBExecUtils.tryExecuteRecover(DBExecUtils.java:192)
	at org.jkiss.dbeaver.ui.editors.sql.execute.SQLQueryJob.executeSingleQuery(SQLQueryJob.java:541)
	at org.jkiss.dbeaver.ui.editors.sql.execute.SQLQueryJob.extractData(SQLQueryJob.java:1001)
	at org.jkiss.dbeaver.ui.editors.sql.SQLEditor$QueryResultsContainer.readData(SQLEditor.java:4231)
	at org.jkiss.dbeaver.ui.controls.resultset.ResultSetJobDataRead.lambda$0(ResultSetJobDataRead.java:128)
	at org.jkiss.dbeaver.model.exec.DBExecUtils.tryExecuteRecover(DBExecUtils.java:192)
	at org.jkiss.dbeaver.ui.controls.resultset.ResultSetJobDataRead.run(ResultSetJobDataRead.java:126)
	at org.jkiss.dbeaver.ui.controls.resultset.ResultSetViewer$ResultSetDataPumpJob.run(ResultSetViewer.java:5160)
	at org.jkiss.dbeaver.model.runtime.AbstractJob.run(AbstractJob.java:117)
	at org.eclipse.core.internal.jobs.Worker.run(Worker.java:63)

!ENTRY org.jkiss.dbeaver.model 4 0 2024-09-13 16:13:12.313
!MESSAGE SQL Error [6550] [65000]: ORA-06550: 줄 4, 열39:PLS-00103: 심볼 ")"를 만났습니다 다음 중 하나가 기대될 때:
   ( - + case for mod new not null <식별자>
   <큰 따옴표로 구분된 식별자> <바인드 변수>
   continue avg count current exists max min prior sql stddev
   sum variance execute forall merge standard time timestamp
   interval date
   <문자 집합 사양을 사용하는 문자열 리터럴>
   <번호> <작은 따옴표로 묶인 SQL 문자열> pipe
   <문자 집합을 지정하여 대체 인용 부호로 묶인


Error position: line: 162 pos: 78
!SUBENTRY 1 org.jkiss.dbeaver.model 4 0 2024-09-13 16:13:12.313
!MESSAGE SQL Error [6550] [65000]: ORA-06550: 줄 4, 열39:PLS-00103: 심볼 ")"를 만났습니다 다음 중 하나가 기대될 때:
   ( - + case for mod new not null <식별자>
   <큰 따옴표로 구분된 식별자> <바인드 변수>
   continue avg count current exists max min prior sql stddev
   sum variance execute forall merge standard time timestamp
   interval date
   <문자 집합 사양을 사용하는 문자열 리터럴>
   <번호> <작은 따옴표로 묶인 SQL 문자열> pipe
   <문자 집합을 지정하여 대체 인용 부호로 묶인

!SUBENTRY 2 org.jkiss.dbeaver.model 4 0 2024-09-13 16:13:12.313
!MESSAGE Error : 6550, Position : 78, Sql = DECLARE
	V_NUMBER NUMBER := 0;
BEGIN
	WHILE V_NUMBER < 11 AND MOD(V_NUMBER,) = 1 LOOP
		DBMS_OUTPUT.PUT_LINE('V_NUMBER : ' || V_NUMBER);
		V_NUMBER := V_NUMBER + 1;
	END LOOP;
END;, OriginalSql = DECLARE
	V_NUMBER NUMBER := 0;
BEGIN
	WHILE V_NUMBER < 11 AND MOD(V_NUMBER,) = 1 LOOP
		DBMS_OUTPUT.PUT_LINE('V_NUMBER : ' || V_NUMBER);
		V_NUMBER := V_NUMBER + 1;
	END LOOP;
END;, Error Msg = ORA-06550: 줄 4, 열39:PLS-00103: 심볼 ")"를 만났습니다 다음 중 하나가 기대될 때:
   ( - + case for mod new not null <식별자>
   <큰 따옴표로 구분된 식별자> <바인드 변수>
   continue avg count current exists max min prior sql stddev
   sum variance execute forall merge standard time timestamp
   interval date
   <문자 집합 사양을 사용하는 문자열 리터럴>
   <번호> <작은 따옴표로 묶인 SQL 문자열> pipe
   <문자 집합을 지정하여 대체 인용 부호로 묶인

!STACK 0
Error : 6550, Position : 78, Sql = DECLARE
	V_NUMBER NUMBER := 0;
BEGIN
	WHILE V_NUMBER < 11 AND MOD(V_NUMBER,) = 1 LOOP
		DBMS_OUTPUT.PUT_LINE('V_NUMBER : ' || V_NUMBER);
		V_NUMBER := V_NUMBER + 1;
	END LOOP;
END;, OriginalSql = DECLARE
	V_NUMBER NUMBER := 0;
BEGIN
	WHILE V_NUMBER < 11 AND MOD(V_NUMBER,) = 1 LOOP
		DBMS_OUTPUT.PUT_LINE('V_NUMBER : ' || V_NUMBER);
		V_NUMBER := V_NUMBER + 1;
	END LOOP;
END;, Error Msg = ORA-06550: 줄 4, 열39:PLS-00103: 심볼 ")"를 만났습니다 다음 중 하나가 기대될 때:
   ( - + case for mod new not null <식별자>
   <큰 따옴표로 구분된 식별자> <바인드 변수>
   continue avg count current exists max min prior sql stddev
   sum variance execute forall merge standard time timestamp
   interval date
   <문자 집합 사양을 사용하는 문자열 리터럴>
   <번호> <작은 따옴표로 묶인 SQL 문자열> pipe
   <문자 집합을 지정하여 대체 인용 부호로 묶인

	at oracle.jdbc.driver.T4CTTIoer11.processError(T4CTTIoer11.java:637)
	at oracle.jdbc.driver.T4CTTIoer11.processError(T4CTTIoer11.java:564)
	at oracle.jdbc.driver.T4C8Oall.processError(T4C8Oall.java:1231)
	at oracle.jdbc.driver.T4CTTIfun.receive(T4CTTIfun.java:772)
	at oracle.jdbc.driver.T4CTTIfun.doRPC(T4CTTIfun.java:299)
	at oracle.jdbc.driver.T4C8Oall.doOALL(T4C8Oall.java:512)
	at oracle.jdbc.driver.T4CStatement.doOall8(T4CStatement.java:123)
	at oracle.jdbc.driver.T4CStatement.executeForRows(T4CStatement.java:1200)
	at oracle.jdbc.driver.OracleStatement.executeSQLStatement(OracleStatement.java:1820)
	at oracle.jdbc.driver.OracleStatement.doExecuteWithTimeout(OracleStatement.java:1472)
	at oracle.jdbc.driver.OracleStatement.executeInternal(OracleStatement.java:2505)
	at oracle.jdbc.driver.OracleStatement.execute(OracleStatement.java:2460)
	at oracle.jdbc.driver.OracleStatementWrapper.execute(OracleStatementWrapper.java:328)
	at org.jkiss.dbeaver.model.impl.jdbc.exec.JDBCStatementImpl.execute(JDBCStatementImpl.java:332)
	at org.jkiss.dbeaver.model.impl.jdbc.exec.JDBCStatementImpl.executeStatement(JDBCStatementImpl.java:131)
	at org.jkiss.dbeaver.ui.editors.sql.execute.SQLQueryJob.executeStatement(SQLQueryJob.java:631)
	at org.jkiss.dbeaver.ui.editors.sql.execute.SQLQueryJob.lambda$2(SQLQueryJob.java:522)
	at org.jkiss.dbeaver.model.exec.DBExecUtils.tryExecuteRecover(DBExecUtils.java:192)
	at org.jkiss.dbeaver.ui.editors.sql.execute.SQLQueryJob.executeSingleQuery(SQLQueryJob.java:541)
	at org.jkiss.dbeaver.ui.editors.sql.execute.SQLQueryJob.extractData(SQLQueryJob.java:1001)
	at org.jkiss.dbeaver.ui.editors.sql.SQLEditor$QueryResultsContainer.readData(SQLEditor.java:4231)
	at org.jkiss.dbeaver.ui.controls.resultset.ResultSetJobDataRead.lambda$0(ResultSetJobDataRead.java:128)
	at org.jkiss.dbeaver.model.exec.DBExecUtils.tryExecuteRecover(DBExecUtils.java:192)
	at org.jkiss.dbeaver.ui.controls.resultset.ResultSetJobDataRead.run(ResultSetJobDataRead.java:126)
	at org.jkiss.dbeaver.ui.controls.resultset.ResultSetViewer$ResultSetDataPumpJob.run(ResultSetViewer.java:5160)
	at org.jkiss.dbeaver.model.runtime.AbstractJob.run(AbstractJob.java:117)
	at org.eclipse.core.internal.jobs.Worker.run(Worker.java:63)

!ENTRY org.jkiss.dbeaver.model 4 0 2024-09-13 16:15:22.067
!MESSAGE SQL Error [6550] [65000]: ORA-06550: 줄 3, 열18:PLS-00103: 심볼 ";"를 만났습니다 다음 중 하나가 기대될 때:
   * & - + / at mod remainder rem then <지수(**)> and or ||
   multiset
ORA-06550: 줄 5, 열6:PLS-00103: 심볼 "IF"를 만났습니다 다음 중 하나가 기대될 때:
   ; <식별자> <큰 따옴표로 구분된 식별자> current
   delete exists prior
   <작은 따옴표로 묶인 SQL 문자열>

!SUBENTRY 1 org.jkiss.dbeaver.model 4 0 2024-09-13 16:15:22.067
!MESSAGE Error : 6550, Position : 54, Sql = BEGIN
	FOR I IN REVERSE 1..10 LOOP
		IF MOD(I,2) = 1;
		DBMS_OUTPUT.PUT_LINE('I : ' || I);
	END IF;
	END LOOP;
END;, OriginalSql = BEGIN
	FOR I IN REVERSE 1..10 LOOP
		IF MOD(I,2) = 1;
		DBMS_OUTPUT.PUT_LINE('I : ' || I);
	END IF;
	END LOOP;
END;, Error Msg = ORA-06550: 줄 3, 열18:PLS-00103: 심볼 ";"를 만났습니다 다음 중 하나가 기대될 때:
   * & - + / at mod remainder rem then <지수(**)> and or ||
   multiset
ORA-06550: 줄 5, 열6:PLS-00103: 심볼 "IF"를 만났습니다 다음 중 하나가 기대될 때:
   ; <식별자> <큰 따옴표로 구분된 식별자> current
   delete exists prior
   <작은 따옴표로 묶인 SQL 문자열>

!STACK 0
Error : 6550, Position : 54, Sql = BEGIN
	FOR I IN REVERSE 1..10 LOOP
		IF MOD(I,2) = 1;
		DBMS_OUTPUT.PUT_LINE('I : ' || I);
	END IF;
	END LOOP;
END;, OriginalSql = BEGIN
	FOR I IN REVERSE 1..10 LOOP
		IF MOD(I,2) = 1;
		DBMS_OUTPUT.PUT_LINE('I : ' || I);
	END IF;
	END LOOP;
END;, Error Msg = ORA-06550: 줄 3, 열18:PLS-00103: 심볼 ";"를 만났습니다 다음 중 하나가 기대될 때:
   * & - + / at mod remainder rem then <지수(**)> and or ||
   multiset
ORA-06550: 줄 5, 열6:PLS-00103: 심볼 "IF"를 만났습니다 다음 중 하나가 기대될 때:
   ; <식별자> <큰 따옴표로 구분된 식별자> current
   delete exists prior
   <작은 따옴표로 묶인 SQL 문자열>

	at oracle.jdbc.driver.T4CTTIoer11.processError(T4CTTIoer11.java:637)
	at oracle.jdbc.driver.T4CTTIoer11.processError(T4CTTIoer11.java:564)
	at oracle.jdbc.driver.T4C8Oall.processError(T4C8Oall.java:1231)
	at oracle.jdbc.driver.T4CTTIfun.receive(T4CTTIfun.java:772)
	at oracle.jdbc.driver.T4CTTIfun.doRPC(T4CTTIfun.java:299)
	at oracle.jdbc.driver.T4C8Oall.doOALL(T4C8Oall.java:512)
	at oracle.jdbc.driver.T4CStatement.doOall8(T4CStatement.java:123)
	at oracle.jdbc.driver.T4CStatement.executeForRows(T4CStatement.java:1200)
	at oracle.jdbc.driver.OracleStatement.executeSQLStatement(OracleStatement.java:1820)
	at oracle.jdbc.driver.OracleStatement.doExecuteWithTimeout(OracleStatement.java:1472)
	at oracle.jdbc.driver.OracleStatement.executeInternal(OracleStatement.java:2505)
	at oracle.jdbc.driver.OracleStatement.execute(OracleStatement.java:2460)
	at oracle.jdbc.driver.OracleStatementWrapper.execute(OracleStatementWrapper.java:328)
	at org.jkiss.dbeaver.model.impl.jdbc.exec.JDBCStatementImpl.execute(JDBCStatementImpl.java:332)
	at org.jkiss.dbeaver.model.impl.jdbc.exec.JDBCStatementImpl.executeStatement(JDBCStatementImpl.java:131)
	at org.jkiss.dbeaver.ui.editors.sql.execute.SQLQueryJob.executeStatement(SQLQueryJob.java:631)
	at org.jkiss.dbeaver.ui.editors.sql.execute.SQLQueryJob.lambda$2(SQLQueryJob.java:522)
	at org.jkiss.dbeaver.model.exec.DBExecUtils.tryExecuteRecover(DBExecUtils.java:192)
	at org.jkiss.dbeaver.ui.editors.sql.execute.SQLQueryJob.executeSingleQuery(SQLQueryJob.java:541)
	at org.jkiss.dbeaver.ui.editors.sql.execute.SQLQueryJob.extractData(SQLQueryJob.java:1001)
	at org.jkiss.dbeaver.ui.editors.sql.SQLEditor$QueryResultsContainer.readData(SQLEditor.java:4231)
	at org.jkiss.dbeaver.ui.controls.resultset.ResultSetJobDataRead.lambda$0(ResultSetJobDataRead.java:128)
	at org.jkiss.dbeaver.model.exec.DBExecUtils.tryExecuteRecover(DBExecUtils.java:192)
	at org.jkiss.dbeaver.ui.controls.resultset.ResultSetJobDataRead.run(ResultSetJobDataRead.java:126)
	at org.jkiss.dbeaver.ui.controls.resultset.ResultSetViewer$ResultSetDataPumpJob.run(ResultSetViewer.java:5160)
	at org.jkiss.dbeaver.model.runtime.AbstractJob.run(AbstractJob.java:117)
	at org.eclipse.core.internal.jobs.Worker.run(Worker.java:63)

!ENTRY org.jkiss.dbeaver.model 4 0 2024-09-13 16:28:35.187
!MESSAGE SQL Error [942] [42000]: ORA-00942: 테이블 또는 뷰가 존재하지 않습니다


Error position: line: 111
!SUBENTRY 1 org.jkiss.dbeaver.model 4 0 2024-09-13 16:28:35.187
!MESSAGE SQL Error [942] [42000]: ORA-00942: 테이블 또는 뷰가 존재하지 않습니다

!SUBENTRY 2 org.jkiss.dbeaver.model 4 0 2024-09-13 16:28:35.187
!MESSAGE Error : 942, Position : 0, Sql = ALTER TABLE hotIce
  ADD CONSTRAINT FK_menu_TO_hotIce
    FOREIGN KEY (menuNo)
    REFERENCES menu (menuNo), OriginalSql = ALTER TABLE hotIce
  ADD CONSTRAINT FK_menu_TO_hotIce
    FOREIGN KEY (menuNo)
    REFERENCES menu (menuNo), Error Msg = ORA-00942: 테이블 또는 뷰가 존재하지 않습니다

!STACK 0
Error : 942, Position : 0, Sql = ALTER TABLE hotIce
  ADD CONSTRAINT FK_menu_TO_hotIce
    FOREIGN KEY (menuNo)
    REFERENCES menu (menuNo), OriginalSql = ALTER TABLE hotIce
  ADD CONSTRAINT FK_menu_TO_hotIce
    FOREIGN KEY (menuNo)
    REFERENCES menu (menuNo), Error Msg = ORA-00942: 테이블 또는 뷰가 존재하지 않습니다

	at oracle.jdbc.driver.T4CTTIoer11.processError(T4CTTIoer11.java:637)
	at oracle.jdbc.driver.T4CTTIoer11.processError(T4CTTIoer11.java:564)
	at oracle.jdbc.driver.T4C8Oall.processError(T4C8Oall.java:1231)
	at oracle.jdbc.driver.T4CTTIfun.receive(T4CTTIfun.java:772)
	at oracle.jdbc.driver.T4CTTIfun.doRPC(T4CTTIfun.java:299)
	at oracle.jdbc.driver.T4C8Oall.doOALL(T4C8Oall.java:512)
	at oracle.jdbc.driver.T4CStatement.doOall8(T4CStatement.java:123)
	at oracle.jdbc.driver.T4CStatement.executeForRows(T4CStatement.java:1200)
	at oracle.jdbc.driver.OracleStatement.executeSQLStatement(OracleStatement.java:1820)
	at oracle.jdbc.driver.OracleStatement.doExecuteWithTimeout(OracleStatement.java:1472)
	at oracle.jdbc.driver.OracleStatement.executeInternal(OracleStatement.java:2505)
	at oracle.jdbc.driver.OracleStatement.execute(OracleStatement.java:2460)
	at oracle.jdbc.driver.OracleStatementWrapper.execute(OracleStatementWrapper.java:328)
	at org.jkiss.dbeaver.model.impl.jdbc.exec.JDBCStatementImpl.execute(JDBCStatementImpl.java:332)
	at org.jkiss.dbeaver.model.impl.jdbc.exec.JDBCStatementImpl.executeStatement(JDBCStatementImpl.java:131)
	at org.jkiss.dbeaver.ui.editors.sql.execute.SQLQueryJob.executeStatement(SQLQueryJob.java:631)
	at org.jkiss.dbeaver.ui.editors.sql.execute.SQLQueryJob.lambda$2(SQLQueryJob.java:522)
	at org.jkiss.dbeaver.model.exec.DBExecUtils.tryExecuteRecover(DBExecUtils.java:192)
	at org.jkiss.dbeaver.ui.editors.sql.execute.SQLQueryJob.executeSingleQuery(SQLQueryJob.java:541)
	at org.jkiss.dbeaver.ui.editors.sql.execute.SQLQueryJob.extractData(SQLQueryJob.java:1001)
	at org.jkiss.dbeaver.ui.editors.sql.SQLEditor$QueryResultsContainer.readData(SQLEditor.java:4231)
	at org.jkiss.dbeaver.ui.controls.resultset.ResultSetJobDataRead.lambda$0(ResultSetJobDataRead.java:128)
	at org.jkiss.dbeaver.model.exec.DBExecUtils.tryExecuteRecover(DBExecUtils.java:192)
	at org.jkiss.dbeaver.ui.controls.resultset.ResultSetJobDataRead.run(ResultSetJobDataRead.java:126)
	at org.jkiss.dbeaver.ui.controls.resultset.ResultSetViewer$ResultSetDataPumpJob.run(ResultSetViewer.java:5160)
	at org.jkiss.dbeaver.model.runtime.AbstractJob.run(AbstractJob.java:117)
	at org.eclipse.core.internal.jobs.Worker.run(Worker.java:63)

!ENTRY org.jkiss.dbeaver.model 4 0 2024-09-13 16:29:39.338
!MESSAGE SQL Error [906] [42000]: ORA-00906: 누락된 좌괄호

!SUBENTRY 1 org.jkiss.dbeaver.model 4 0 2024-09-13 16:29:39.338
!MESSAGE Error : 906, Position : 44, Sql = CREATE TABLE cafe
(
  cafeCode  NVARCHAR2 NOT NULL,
  name      NVARCHAR2 NOT NULL,
  president VARCHAR2  NOT NULL,
  tel       NVARCHAR2 NOT NULL,
  loc       NVARCHAR2 NOT NULL,
  CONSTRAINT PK_cafe PRIMARY KEY (cafeCode)
), OriginalSql = CREATE TABLE cafe
(
  cafeCode  NVARCHAR2 NOT NULL,
  name      NVARCHAR2 NOT NULL,
  president VARCHAR2  NOT NULL,
  tel       NVARCHAR2 NOT NULL,
  loc       NVARCHAR2 NOT NULL,
  CONSTRAINT PK_cafe PRIMARY KEY (cafeCode)
), Error Msg = ORA-00906: 누락된 좌괄호

!STACK 0
Error : 906, Position : 44, Sql = CREATE TABLE cafe
(
  cafeCode  NVARCHAR2 NOT NULL,
  name      NVARCHAR2 NOT NULL,
  president VARCHAR2  NOT NULL,
  tel       NVARCHAR2 NOT NULL,
  loc       NVARCHAR2 NOT NULL,
  CONSTRAINT PK_cafe PRIMARY KEY (cafeCode)
), OriginalSql = CREATE TABLE cafe
(
  cafeCode  NVARCHAR2 NOT NULL,
  name      NVARCHAR2 NOT NULL,
  president VARCHAR2  NOT NULL,
  tel       NVARCHAR2 NOT NULL,
  loc       NVARCHAR2 NOT NULL,
  CONSTRAINT PK_cafe PRIMARY KEY (cafeCode)
), Error Msg = ORA-00906: 누락된 좌괄호

	at oracle.jdbc.driver.T4CTTIoer11.processError(T4CTTIoer11.java:637)
	at oracle.jdbc.driver.T4CTTIoer11.processError(T4CTTIoer11.java:564)
	at oracle.jdbc.driver.T4C8Oall.processError(T4C8Oall.java:1231)
	at oracle.jdbc.driver.T4CTTIfun.receive(T4CTTIfun.java:772)
	at oracle.jdbc.driver.T4CTTIfun.doRPC(T4CTTIfun.java:299)
	at oracle.jdbc.driver.T4C8Oall.doOALL(T4C8Oall.java:512)
	at oracle.jdbc.driver.T4CStatement.doOall8(T4CStatement.java:123)
	at oracle.jdbc.driver.T4CStatement.executeForRows(T4CStatement.java:1200)
	at oracle.jdbc.driver.OracleStatement.executeSQLStatement(OracleStatement.java:1820)
	at oracle.jdbc.driver.OracleStatement.doExecuteWithTimeout(OracleStatement.java:1472)
	at oracle.jdbc.driver.OracleStatement.executeInternal(OracleStatement.java:2505)
	at oracle.jdbc.driver.OracleStatement.execute(OracleStatement.java:2460)
	at oracle.jdbc.driver.OracleStatementWrapper.execute(OracleStatementWrapper.java:328)
	at org.jkiss.dbeaver.model.impl.jdbc.exec.JDBCStatementImpl.execute(JDBCStatementImpl.java:332)
	at org.jkiss.dbeaver.model.impl.jdbc.exec.JDBCStatementImpl.executeStatement(JDBCStatementImpl.java:131)
	at org.jkiss.dbeaver.ui.editors.sql.execute.SQLQueryJob.executeStatement(SQLQueryJob.java:631)
	at org.jkiss.dbeaver.ui.editors.sql.execute.SQLQueryJob.lambda$2(SQLQueryJob.java:522)
	at org.jkiss.dbeaver.model.exec.DBExecUtils.tryExecuteRecover(DBExecUtils.java:192)
	at org.jkiss.dbeaver.ui.editors.sql.execute.SQLQueryJob.executeSingleQuery(SQLQueryJob.java:541)
	at org.jkiss.dbeaver.ui.editors.sql.execute.SQLQueryJob.extractData(SQLQueryJob.java:1001)
	at org.jkiss.dbeaver.ui.editors.sql.SQLEditor$QueryResultsContainer.readData(SQLEditor.java:4231)
	at org.jkiss.dbeaver.ui.controls.resultset.ResultSetJobDataRead.lambda$0(ResultSetJobDataRead.java:128)
	at org.jkiss.dbeaver.model.exec.DBExecUtils.tryExecuteRecover(DBExecUtils.java:192)
	at org.jkiss.dbeaver.ui.controls.resultset.ResultSetJobDataRead.run(ResultSetJobDataRead.java:126)
	at org.jkiss.dbeaver.ui.controls.resultset.ResultSetViewer$ResultSetDataPumpJob.run(ResultSetViewer.java:5160)
	at org.jkiss.dbeaver.model.runtime.AbstractJob.run(AbstractJob.java:117)
	at org.eclipse.core.internal.jobs.Worker.run(Worker.java:63)
!SESSION 2024-09-13 16:34:10.785 -----------------------------------------------
eclipse.buildId=unknown
java.version=17.0.6
java.vendor=Eclipse Adoptium
BootLoader constants: OS=win32, ARCH=x86_64, WS=win32, NL=ko
Framework arguments:  -eclipse.keyring C:\Users\soldesk\AppData\Roaming\DBeaverData\secure\secure_storage
Command-line arguments:  -os win32 -ws win32 -arch x86_64

!ENTRY org.eclipse.ui 2 2 2024-09-13 16:34:15.722
!MESSAGE Invalid preference category path: org.eclipse.debug.ui.ConsolePreferencePage (bundle: org.eclipse.ui.console, page: org.eclipse.ui.internal.console.ansi.preferences.AnsiConsolePreferencePage)
!SESSION 2024-09-13 16:35:14.540 -----------------------------------------------
eclipse.buildId=unknown
java.version=17.0.6
java.vendor=Eclipse Adoptium
BootLoader constants: OS=win32, ARCH=x86_64, WS=win32, NL=ko
Framework arguments:  -eclipse.keyring C:\Users\soldesk\AppData\Roaming\DBeaverData\secure\secure_storage
Command-line arguments:  -os win32 -ws win32 -arch x86_64

!ENTRY org.eclipse.ui 2 2 2024-09-13 16:35:19.416
!MESSAGE Invalid preference category path: org.eclipse.debug.ui.ConsolePreferencePage (bundle: org.eclipse.ui.console, page: org.eclipse.ui.internal.console.ansi.preferences.AnsiConsolePreferencePage)

!ENTRY org.jkiss.dbeaver.model 2 0 2024-09-13 16:35:54.598
!MESSAGE Maven artifact 'com.oracle.database.jdbc:ojdbc11:RELEASE' not found in any available repository.

!ENTRY org.jkiss.dbeaver.model 4 0 2024-09-13 16:35:54.602
!MESSAGE Error resolving library 'com.oracle.database.jdbc:ojdbc11:RELEASE' dependencies
!SUBENTRY 1 org.jkiss.dbeaver.model 4 0 2024-09-13 16:35:54.602
!MESSAGE Maven artifact maven:/com.oracle.database.jdbc:ojdbc11:RELEASE :23.2.0.0 is not found
!STACK 0
java.io.IOException: Maven artifact maven:/com.oracle.database.jdbc:ojdbc11:RELEASE :23.2.0.0 is not found
	at org.jkiss.dbeaver.registry.driver.DriverLibraryMavenArtifact.resolveLocalVersion(DriverLibraryMavenArtifact.java:343)
	at org.jkiss.dbeaver.registry.driver.DriverLibraryMavenArtifact.getDependencies(DriverLibraryMavenArtifact.java:247)
	at org.jkiss.dbeaver.registry.driver.DriverDependencies.resolveDependencies(DriverDependencies.java:107)
	at org.jkiss.dbeaver.registry.driver.DriverDependencies.resolveDependencies(DriverDependencies.java:57)
	at org.jkiss.dbeaver.ui.dialogs.driver.DriverDependenciesTree.lambda$1(DriverDependenciesTree.java:135)
	at org.jkiss.dbeaver.runtime.RunnableContextDelegate.lambda$0(RunnableContextDelegate.java:39)
	at org.eclipse.jface.operation.ModalContext$ModalContextThread.run(ModalContext.java:124)

!ENTRY org.jkiss.dbeaver.model 2 0 2024-09-13 16:35:55.284
!MESSAGE Maven artifact 'com.oracle.database.nls:orai18n:RELEASE' not found in any available repository.

!ENTRY org.jkiss.dbeaver.model 4 0 2024-09-13 16:35:55.285
!MESSAGE Error resolving library 'com.oracle.database.nls:orai18n:RELEASE' dependencies
!SUBENTRY 1 org.jkiss.dbeaver.model 4 0 2024-09-13 16:35:55.285
!MESSAGE Maven artifact maven:/com.oracle.database.nls:orai18n:RELEASE :23.2.0.0 is not found
!STACK 0
java.io.IOException: Maven artifact maven:/com.oracle.database.nls:orai18n:RELEASE :23.2.0.0 is not found
	at org.jkiss.dbeaver.registry.driver.DriverLibraryMavenArtifact.resolveLocalVersion(DriverLibraryMavenArtifact.java:343)
	at org.jkiss.dbeaver.registry.driver.DriverLibraryMavenArtifact.getDependencies(DriverLibraryMavenArtifact.java:247)
	at org.jkiss.dbeaver.registry.driver.DriverDependencies.resolveDependencies(DriverDependencies.java:107)
	at org.jkiss.dbeaver.registry.driver.DriverDependencies.resolveDependencies(DriverDependencies.java:57)
	at org.jkiss.dbeaver.ui.dialogs.driver.DriverDependenciesTree.lambda$1(DriverDependenciesTree.java:135)
	at org.jkiss.dbeaver.runtime.RunnableContextDelegate.lambda$0(RunnableContextDelegate.java:39)
	at org.eclipse.jface.operation.ModalContext$ModalContextThread.run(ModalContext.java:124)

!ENTRY org.jkiss.dbeaver.model 2 0 2024-09-13 16:35:55.962
!MESSAGE Maven artifact 'com.oracle.database.xml:xdb6:RELEASE' not found in any available repository.

!ENTRY org.jkiss.dbeaver.model 4 0 2024-09-13 16:35:55.964
!MESSAGE Error resolving library 'com.oracle.database.xml:xdb6:RELEASE' dependencies
!SUBENTRY 1 org.jkiss.dbeaver.model 4 0 2024-09-13 16:35:55.964
!MESSAGE Maven artifact maven:/com.oracle.database.xml:xdb6:RELEASE :18.3.0.0 is not found
!STACK 0
java.io.IOException: Maven artifact maven:/com.oracle.database.xml:xdb6:RELEASE :18.3.0.0 is not found
	at org.jkiss.dbeaver.registry.driver.DriverLibraryMavenArtifact.resolveLocalVersion(DriverLibraryMavenArtifact.java:343)
	at org.jkiss.dbeaver.registry.driver.DriverLibraryMavenArtifact.getDependencies(DriverLibraryMavenArtifact.java:247)
	at org.jkiss.dbeaver.registry.driver.DriverDependencies.resolveDependencies(DriverDependencies.java:107)
	at org.jkiss.dbeaver.registry.driver.DriverDependencies.resolveDependencies(DriverDependencies.java:57)
	at org.jkiss.dbeaver.ui.dialogs.driver.DriverDependenciesTree.lambda$1(DriverDependenciesTree.java:135)
	at org.jkiss.dbeaver.runtime.RunnableContextDelegate.lambda$0(RunnableContextDelegate.java:39)
	at org.eclipse.jface.operation.ModalContext$ModalContextThread.run(ModalContext.java:124)

!ENTRY org.jkiss.dbeaver.model 2 0 2024-09-13 16:35:56.656
!MESSAGE Maven artifact 'com.oracle.database.xml:xmlparserv2:RELEASE' not found in any available repository.

!ENTRY org.jkiss.dbeaver.model 4 0 2024-09-13 16:35:56.660
!MESSAGE Error resolving library 'com.oracle.database.xml:xmlparserv2:RELEASE' dependencies
!SUBENTRY 1 org.jkiss.dbeaver.model 4 0 2024-09-13 16:35:56.660
!MESSAGE Maven artifact maven:/com.oracle.database.xml:xmlparserv2:RELEASE :23.2.0.0 is not found
!STACK 0
java.io.IOException: Maven artifact maven:/com.oracle.database.xml:xmlparserv2:RELEASE :23.2.0.0 is not found
	at org.jkiss.dbeaver.registry.driver.DriverLibraryMavenArtifact.resolveLocalVersion(DriverLibraryMavenArtifact.java:343)
	at org.jkiss.dbeaver.registry.driver.DriverLibraryMavenArtifact.getDependencies(DriverLibraryMavenArtifact.java:247)
	at org.jkiss.dbeaver.registry.driver.DriverDependencies.resolveDependencies(DriverDependencies.java:107)
	at org.jkiss.dbeaver.registry.driver.DriverDependencies.resolveDependencies(DriverDependencies.java:57)
	at org.jkiss.dbeaver.ui.dialogs.driver.DriverDependenciesTree.lambda$1(DriverDependenciesTree.java:135)
	at org.jkiss.dbeaver.runtime.RunnableContextDelegate.lambda$0(RunnableContextDelegate.java:39)
	at org.eclipse.jface.operation.ModalContext$ModalContextThread.run(ModalContext.java:124)

!ENTRY org.jkiss.dbeaver.model 4 0 2024-09-13 16:35:56.971
!MESSAGE Exception during a connection to https://repo1.maven.org/maven2/com/oracle/database/jdbc/ojdbc11/23.2.0.0/ojdbc11-23.2.0.0.pom

!ENTRY org.jkiss.dbeaver.model 4 0 2024-09-13 16:36:02.973
!MESSAGE Error resolving library 'com.oracle.database.jdbc:ojdbc11:RELEASE' dependencies
!SUBENTRY 1 org.jkiss.dbeaver.model 4 0 2024-09-13 16:36:02.973
!MESSAGE Maven artifact maven:/com.oracle.database.jdbc:ojdbc11:RELEASE :23.2.0.0 is not found
!STACK 0
java.io.IOException: Maven artifact maven:/com.oracle.database.jdbc:ojdbc11:RELEASE :23.2.0.0 is not found
	at org.jkiss.dbeaver.registry.driver.DriverLibraryMavenArtifact.resolveLocalVersion(DriverLibraryMavenArtifact.java:343)
	at org.jkiss.dbeaver.registry.driver.DriverLibraryMavenArtifact.getDependencies(DriverLibraryMavenArtifact.java:247)
	at org.jkiss.dbeaver.registry.driver.DriverDependencies.resolveDependencies(DriverDependencies.java:107)
	at org.jkiss.dbeaver.registry.driver.DriverDependencies.resolveDependencies(DriverDependencies.java:57)
	at org.jkiss.dbeaver.ui.dialogs.driver.DriverDependenciesTree.lambda$1(DriverDependenciesTree.java:135)
	at org.jkiss.dbeaver.runtime.RunnableContextDelegate.lambda$0(RunnableContextDelegate.java:39)
	at org.eclipse.jface.operation.ModalContext$ModalContextThread.run(ModalContext.java:124)

!ENTRY org.jkiss.dbeaver.model 4 0 2024-09-13 16:36:02.982
!MESSAGE Error resolving library 'com.oracle.database.nls:orai18n:RELEASE' dependencies
!SUBENTRY 1 org.jkiss.dbeaver.model 4 0 2024-09-13 16:36:02.982
!MESSAGE Maven artifact maven:/com.oracle.database.nls:orai18n:RELEASE :23.2.0.0 is not found
!STACK 0
java.io.IOException: Maven artifact maven:/com.oracle.database.nls:orai18n:RELEASE :23.2.0.0 is not found
	at org.jkiss.dbeaver.registry.driver.DriverLibraryMavenArtifact.resolveLocalVersion(DriverLibraryMavenArtifact.java:343)
	at org.jkiss.dbeaver.registry.driver.DriverLibraryMavenArtifact.getDependencies(DriverLibraryMavenArtifact.java:247)
	at org.jkiss.dbeaver.registry.driver.DriverDependencies.resolveDependencies(DriverDependencies.java:107)
	at org.jkiss.dbeaver.registry.driver.DriverDependencies.resolveDependencies(DriverDependencies.java:57)
	at org.jkiss.dbeaver.ui.dialogs.driver.DriverDependenciesTree.lambda$1(DriverDependenciesTree.java:135)
	at org.jkiss.dbeaver.runtime.RunnableContextDelegate.lambda$0(RunnableContextDelegate.java:39)
	at org.eclipse.jface.operation.ModalContext$ModalContextThread.run(ModalContext.java:124)

!ENTRY org.jkiss.dbeaver.model 4 0 2024-09-13 16:36:02.983
!MESSAGE Error resolving library 'com.oracle.database.xml:xdb6:RELEASE' dependencies
!SUBENTRY 1 org.jkiss.dbeaver.model 4 0 2024-09-13 16:36:02.983
!MESSAGE Maven artifact maven:/com.oracle.database.xml:xdb6:RELEASE :18.3.0.0 is not found
!STACK 0
java.io.IOException: Maven artifact maven:/com.oracle.database.xml:xdb6:RELEASE :18.3.0.0 is not found
	at org.jkiss.dbeaver.registry.driver.DriverLibraryMavenArtifact.resolveLocalVersion(DriverLibraryMavenArtifact.java:343)
	at org.jkiss.dbeaver.registry.driver.DriverLibraryMavenArtifact.getDependencies(DriverLibraryMavenArtifact.java:247)
	at org.jkiss.dbeaver.registry.driver.DriverDependencies.resolveDependencies(DriverDependencies.java:107)
	at org.jkiss.dbeaver.registry.driver.DriverDependencies.resolveDependencies(DriverDependencies.java:57)
	at org.jkiss.dbeaver.ui.dialogs.driver.DriverDependenciesTree.lambda$1(DriverDependenciesTree.java:135)
	at org.jkiss.dbeaver.runtime.RunnableContextDelegate.lambda$0(RunnableContextDelegate.java:39)
	at org.eclipse.jface.operation.ModalContext$ModalContextThread.run(ModalContext.java:124)

!ENTRY org.jkiss.dbeaver.model 4 0 2024-09-13 16:36:02.984
!MESSAGE Error resolving library 'com.oracle.database.xml:xmlparserv2:RELEASE' dependencies
!SUBENTRY 1 org.jkiss.dbeaver.model 4 0 2024-09-13 16:36:02.984
!MESSAGE Maven artifact maven:/com.oracle.database.xml:xmlparserv2:RELEASE :23.2.0.0 is not found
!STACK 0
java.io.IOException: Maven artifact maven:/com.oracle.database.xml:xmlparserv2:RELEASE :23.2.0.0 is not found
	at org.jkiss.dbeaver.registry.driver.DriverLibraryMavenArtifact.resolveLocalVersion(DriverLibraryMavenArtifact.java:343)
	at org.jkiss.dbeaver.registry.driver.DriverLibraryMavenArtifact.getDependencies(DriverLibraryMavenArtifact.java:247)
	at org.jkiss.dbeaver.registry.driver.DriverDependencies.resolveDependencies(DriverDependencies.java:107)
	at org.jkiss.dbeaver.registry.driver.DriverDependencies.resolveDependencies(DriverDependencies.java:57)
	at org.jkiss.dbeaver.ui.dialogs.driver.DriverDependenciesTree.lambda$1(DriverDependenciesTree.java:135)
	at org.jkiss.dbeaver.runtime.RunnableContextDelegate.lambda$0(RunnableContextDelegate.java:39)
	at org.eclipse.jface.operation.ModalContext$ModalContextThread.run(ModalContext.java:124)

!ENTRY org.jkiss.dbeaver.model 4 0 2024-09-13 16:36:03.287
!MESSAGE Error resolving dependencies

!ENTRY org.jkiss.dbeaver.model 4 0 2024-09-13 16:37:32.447
!MESSAGE Error resolving library 'com.oracle.database.jdbc:ojdbc11:RELEASE' dependencies
!SUBENTRY 1 org.jkiss.dbeaver.model 4 0 2024-09-13 16:37:32.447
!MESSAGE Maven artifact maven:/com.oracle.database.jdbc:ojdbc11:RELEASE :23.2.0.0 is not found
!STACK 0
java.io.IOException: Maven artifact maven:/com.oracle.database.jdbc:ojdbc11:RELEASE :23.2.0.0 is not found
	at org.jkiss.dbeaver.registry.driver.DriverLibraryMavenArtifact.resolveLocalVersion(DriverLibraryMavenArtifact.java:343)
	at org.jkiss.dbeaver.registry.driver.DriverLibraryMavenArtifact.getDependencies(DriverLibraryMavenArtifact.java:247)
	at org.jkiss.dbeaver.registry.driver.DriverDependencies.resolveDependencies(DriverDependencies.java:107)
	at org.jkiss.dbeaver.registry.driver.DriverDependencies.resolveDependencies(DriverDependencies.java:57)
	at org.jkiss.dbeaver.ui.dialogs.driver.DriverDependenciesTree.lambda$1(DriverDependenciesTree.java:135)
	at org.jkiss.dbeaver.runtime.RunnableContextDelegate.lambda$0(RunnableContextDelegate.java:39)
	at org.eclipse.jface.operation.ModalContext$ModalContextThread.run(ModalContext.java:124)

!ENTRY org.jkiss.dbeaver.model 4 0 2024-09-13 16:37:32.448
!MESSAGE Error resolving library 'com.oracle.database.nls:orai18n:RELEASE' dependencies
!SUBENTRY 1 org.jkiss.dbeaver.model 4 0 2024-09-13 16:37:32.448
!MESSAGE Maven artifact maven:/com.oracle.database.nls:orai18n:RELEASE :23.2.0.0 is not found
!STACK 0
java.io.IOException: Maven artifact maven:/com.oracle.database.nls:orai18n:RELEASE :23.2.0.0 is not found
	at org.jkiss.dbeaver.registry.driver.DriverLibraryMavenArtifact.resolveLocalVersion(DriverLibraryMavenArtifact.java:343)
	at org.jkiss.dbeaver.registry.driver.DriverLibraryMavenArtifact.getDependencies(DriverLibraryMavenArtifact.java:247)
	at org.jkiss.dbeaver.registry.driver.DriverDependencies.resolveDependencies(DriverDependencies.java:107)
	at org.jkiss.dbeaver.registry.driver.DriverDependencies.resolveDependencies(DriverDependencies.java:57)
	at org.jkiss.dbeaver.ui.dialogs.driver.DriverDependenciesTree.lambda$1(DriverDependenciesTree.java:135)
	at org.jkiss.dbeaver.runtime.RunnableContextDelegate.lambda$0(RunnableContextDelegate.java:39)
	at org.eclipse.jface.operation.ModalContext$ModalContextThread.run(ModalContext.java:124)

!ENTRY org.jkiss.dbeaver.model 4 0 2024-09-13 16:37:32.449
!MESSAGE Error resolving library 'com.oracle.database.xml:xdb6:RELEASE' dependencies
!SUBENTRY 1 org.jkiss.dbeaver.model 4 0 2024-09-13 16:37:32.449
!MESSAGE Maven artifact maven:/com.oracle.database.xml:xdb6:RELEASE :18.3.0.0 is not found
!STACK 0
java.io.IOException: Maven artifact maven:/com.oracle.database.xml:xdb6:RELEASE :18.3.0.0 is not found
	at org.jkiss.dbeaver.registry.driver.DriverLibraryMavenArtifact.resolveLocalVersion(DriverLibraryMavenArtifact.java:343)
	at org.jkiss.dbeaver.registry.driver.DriverLibraryMavenArtifact.getDependencies(DriverLibraryMavenArtifact.java:247)
	at org.jkiss.dbeaver.registry.driver.DriverDependencies.resolveDependencies(DriverDependencies.java:107)
	at org.jkiss.dbeaver.registry.driver.DriverDependencies.resolveDependencies(DriverDependencies.java:57)
	at org.jkiss.dbeaver.ui.dialogs.driver.DriverDependenciesTree.lambda$1(DriverDependenciesTree.java:135)
	at org.jkiss.dbeaver.runtime.RunnableContextDelegate.lambda$0(RunnableContextDelegate.java:39)
	at org.eclipse.jface.operation.ModalContext$ModalContextThread.run(ModalContext.java:124)

!ENTRY org.jkiss.dbeaver.model 4 0 2024-09-13 16:37:32.450
!MESSAGE Error resolving library 'com.oracle.database.xml:xmlparserv2:RELEASE' dependencies
!SUBENTRY 1 org.jkiss.dbeaver.model 4 0 2024-09-13 16:37:32.450
!MESSAGE Maven artifact maven:/com.oracle.database.xml:xmlparserv2:RELEASE :23.2.0.0 is not found
!STACK 0
java.io.IOException: Maven artifact maven:/com.oracle.database.xml:xmlparserv2:RELEASE :23.2.0.0 is not found
	at org.jkiss.dbeaver.registry.driver.DriverLibraryMavenArtifact.resolveLocalVersion(DriverLibraryMavenArtifact.java:343)
	at org.jkiss.dbeaver.registry.driver.DriverLibraryMavenArtifact.getDependencies(DriverLibraryMavenArtifact.java:247)
	at org.jkiss.dbeaver.registry.driver.DriverDependencies.resolveDependencies(DriverDependencies.java:107)
	at org.jkiss.dbeaver.registry.driver.DriverDependencies.resolveDependencies(DriverDependencies.java:57)
	at org.jkiss.dbeaver.ui.dialogs.driver.DriverDependenciesTree.lambda$1(DriverDependenciesTree.java:135)
	at org.jkiss.dbeaver.runtime.RunnableContextDelegate.lambda$0(RunnableContextDelegate.java:39)
	at org.eclipse.jface.operation.ModalContext$ModalContextThread.run(ModalContext.java:124)

!ENTRY org.jkiss.dbeaver.model 4 0 2024-09-13 16:37:32.761
!MESSAGE Error resolving dependencies

!ENTRY org.jkiss.dbeaver.model 4 0 2024-09-13 16:37:35.368
!MESSAGE Error resolving library 'com.oracle.database.jdbc:ojdbc11:RELEASE' dependencies
!SUBENTRY 1 org.jkiss.dbeaver.model 4 0 2024-09-13 16:37:35.368
!MESSAGE Maven artifact maven:/com.oracle.database.jdbc:ojdbc11:RELEASE :23.2.0.0 is not found
!STACK 0
java.io.IOException: Maven artifact maven:/com.oracle.database.jdbc:ojdbc11:RELEASE :23.2.0.0 is not found
	at org.jkiss.dbeaver.registry.driver.DriverLibraryMavenArtifact.resolveLocalVersion(DriverLibraryMavenArtifact.java:343)
	at org.jkiss.dbeaver.registry.driver.DriverLibraryMavenArtifact.getDependencies(DriverLibraryMavenArtifact.java:247)
	at org.jkiss.dbeaver.registry.driver.DriverDependencies.resolveDependencies(DriverDependencies.java:107)
	at org.jkiss.dbeaver.registry.driver.DriverDependencies.resolveDependencies(DriverDependencies.java:57)
	at org.jkiss.dbeaver.ui.dialogs.driver.DriverDependenciesTree.lambda$1(DriverDependenciesTree.java:135)
	at org.jkiss.dbeaver.runtime.RunnableContextDelegate.lambda$0(RunnableContextDelegate.java:39)
	at org.eclipse.jface.operation.ModalContext$ModalContextThread.run(ModalContext.java:124)

!ENTRY org.jkiss.dbeaver.model 4 0 2024-09-13 16:37:35.369
!MESSAGE Error resolving library 'com.oracle.database.nls:orai18n:RELEASE' dependencies
!SUBENTRY 1 org.jkiss.dbeaver.model 4 0 2024-09-13 16:37:35.369
!MESSAGE Maven artifact maven:/com.oracle.database.nls:orai18n:RELEASE :23.2.0.0 is not found
!STACK 0
java.io.IOException: Maven artifact maven:/com.oracle.database.nls:orai18n:RELEASE :23.2.0.0 is not found
	at org.jkiss.dbeaver.registry.driver.DriverLibraryMavenArtifact.resolveLocalVersion(DriverLibraryMavenArtifact.java:343)
	at org.jkiss.dbeaver.registry.driver.DriverLibraryMavenArtifact.getDependencies(DriverLibraryMavenArtifact.java:247)
	at org.jkiss.dbeaver.registry.driver.DriverDependencies.resolveDependencies(DriverDependencies.java:107)
	at org.jkiss.dbeaver.registry.driver.DriverDependencies.resolveDependencies(DriverDependencies.java:57)
	at org.jkiss.dbeaver.ui.dialogs.driver.DriverDependenciesTree.lambda$1(DriverDependenciesTree.java:135)
	at org.jkiss.dbeaver.runtime.RunnableContextDelegate.lambda$0(RunnableContextDelegate.java:39)
	at org.eclipse.jface.operation.ModalContext$ModalContextThread.run(ModalContext.java:124)

!ENTRY org.jkiss.dbeaver.model 4 0 2024-09-13 16:37:35.370
!MESSAGE Error resolving library 'com.oracle.database.xml:xdb6:RELEASE' dependencies
!SUBENTRY 1 org.jkiss.dbeaver.model 4 0 2024-09-13 16:37:35.370
!MESSAGE Maven artifact maven:/com.oracle.database.xml:xdb6:RELEASE :18.3.0.0 is not found
!STACK 0
java.io.IOException: Maven artifact maven:/com.oracle.database.xml:xdb6:RELEASE :18.3.0.0 is not found
	at org.jkiss.dbeaver.registry.driver.DriverLibraryMavenArtifact.resolveLocalVersion(DriverLibraryMavenArtifact.java:343)
	at org.jkiss.dbeaver.registry.driver.DriverLibraryMavenArtifact.getDependencies(DriverLibraryMavenArtifact.java:247)
	at org.jkiss.dbeaver.registry.driver.DriverDependencies.resolveDependencies(DriverDependencies.java:107)
	at org.jkiss.dbeaver.registry.driver.DriverDependencies.resolveDependencies(DriverDependencies.java:57)
	at org.jkiss.dbeaver.ui.dialogs.driver.DriverDependenciesTree.lambda$1(DriverDependenciesTree.java:135)
	at org.jkiss.dbeaver.runtime.RunnableContextDelegate.lambda$0(RunnableContextDelegate.java:39)
	at org.eclipse.jface.operation.ModalContext$ModalContextThread.run(ModalContext.java:124)

!ENTRY org.jkiss.dbeaver.model 4 0 2024-09-13 16:37:35.371
!MESSAGE Error resolving library 'com.oracle.database.xml:xmlparserv2:RELEASE' dependencies
!SUBENTRY 1 org.jkiss.dbeaver.model 4 0 2024-09-13 16:37:35.371
!MESSAGE Maven artifact maven:/com.oracle.database.xml:xmlparserv2:RELEASE :23.2.0.0 is not found
!STACK 0
java.io.IOException: Maven artifact maven:/com.oracle.database.xml:xmlparserv2:RELEASE :23.2.0.0 is not found
	at org.jkiss.dbeaver.registry.driver.DriverLibraryMavenArtifact.resolveLocalVersion(DriverLibraryMavenArtifact.java:343)
	at org.jkiss.dbeaver.registry.driver.DriverLibraryMavenArtifact.getDependencies(DriverLibraryMavenArtifact.java:247)
	at org.jkiss.dbeaver.registry.driver.DriverDependencies.resolveDependencies(DriverDependencies.java:107)
	at org.jkiss.dbeaver.registry.driver.DriverDependencies.resolveDependencies(DriverDependencies.java:57)
	at org.jkiss.dbeaver.ui.dialogs.driver.DriverDependenciesTree.lambda$1(DriverDependenciesTree.java:135)
	at org.jkiss.dbeaver.runtime.RunnableContextDelegate.lambda$0(RunnableContextDelegate.java:39)
	at org.eclipse.jface.operation.ModalContext$ModalContextThread.run(ModalContext.java:124)

!ENTRY org.jkiss.dbeaver.model 4 0 2024-09-13 16:37:35.654
!MESSAGE Error resolving dependencies

!ENTRY org.jkiss.dbeaver.model 4 0 2024-09-13 16:37:37.850
!MESSAGE Error creating driver 'Oracle' instance.
Most likely required jar files are missing.
You should configure jars in driver settings.

Reason: can't load driver class 'oracle.jdbc.OracleDriver'
!SUBENTRY 1 org.jkiss.dbeaver.model 4 0 2024-09-13 16:37:37.850
!MESSAGE oracle.jdbc.OracleDriver
!STACK 0
java.lang.ClassNotFoundException: oracle.jdbc.OracleDriver
	at java.base/java.net.URLClassLoader.findClass(Unknown Source)
	at java.base/java.lang.ClassLoader.loadClass(Unknown Source)
	at java.base/java.lang.ClassLoader.loadClass(Unknown Source)
	at java.base/java.lang.Class.forName0(Native Method)
	at java.base/java.lang.Class.forName(Unknown Source)
	at org.jkiss.dbeaver.registry.driver.DriverDescriptor.loadDriver(DriverDescriptor.java:1339)
	at org.jkiss.dbeaver.registry.driver.DriverDescriptor.loadDriver(DriverDescriptor.java:1269)
	at org.jkiss.dbeaver.registry.driver.DriverDescriptor.getDriverInstance(DriverDescriptor.java:785)
	at org.jkiss.dbeaver.model.impl.jdbc.JDBCDataSource.getDriverInstance(JDBCDataSource.java:729)
	at org.jkiss.dbeaver.model.impl.jdbc.JDBCDataSource.createDriverInstance(JDBCDataSource.java:284)
	at org.jkiss.dbeaver.model.impl.jdbc.JDBCDataSource.openConnection(JDBCDataSource.java:200)
	at org.jkiss.dbeaver.ext.oracle.model.OracleDataSource.openConnection(OracleDataSource.java:177)
	at org.jkiss.dbeaver.model.impl.jdbc.JDBCExecutionContext.connect(JDBCExecutionContext.java:119)
	at org.jkiss.dbeaver.model.impl.jdbc.JDBCRemoteInstance.initializeMainContext(JDBCRemoteInstance.java:102)
	at org.jkiss.dbeaver.model.impl.jdbc.JDBCRemoteInstance.<init>(JDBCRemoteInstance.java:61)
	at org.jkiss.dbeaver.model.impl.jdbc.JDBCDataSource.initializeRemoteInstance(JDBCDataSource.java:121)
	at org.jkiss.dbeaver.model.impl.jdbc.JDBCDataSource.<init>(JDBCDataSource.java:105)
	at org.jkiss.dbeaver.model.impl.jdbc.JDBCDataSource.<init>(JDBCDataSource.java:96)
	at org.jkiss.dbeaver.ext.oracle.model.OracleDataSource.<init>(OracleDataSource.java:95)
	at org.jkiss.dbeaver.ext.oracle.OracleDataSourceProvider.openDataSource(OracleDataSourceProvider.java:143)
	at org.jkiss.dbeaver.registry.DataSourceDescriptor.openDataSource(DataSourceDescriptor.java:1406)
	at org.jkiss.dbeaver.registry.DataSourceDescriptor.connect0(DataSourceDescriptor.java:1276)
	at org.jkiss.dbeaver.registry.DataSourceDescriptor.connect(DataSourceDescriptor.java:1061)
	at org.jkiss.dbeaver.runtime.jobs.ConnectJob.run(ConnectJob.java:78)
	at org.jkiss.dbeaver.runtime.jobs.ConnectionTestJob.run(ConnectionTestJob.java:103)
	at org.jkiss.dbeaver.model.runtime.AbstractJob.run(AbstractJob.java:117)
	at org.eclipse.core.internal.jobs.Worker.run(Worker.java:63)

!ENTRY org.jkiss.dbeaver.model 4 0 2024-09-13 16:38:22.640
!MESSAGE Error resolving library 'com.oracle.database.jdbc:ojdbc11:RELEASE' dependencies
!SUBENTRY 1 org.jkiss.dbeaver.model 4 0 2024-09-13 16:38:22.640
!MESSAGE Maven artifact maven:/com.oracle.database.jdbc:ojdbc11:RELEASE :23.2.0.0 is not found
!STACK 0
java.io.IOException: Maven artifact maven:/com.oracle.database.jdbc:ojdbc11:RELEASE :23.2.0.0 is not found
	at org.jkiss.dbeaver.registry.driver.DriverLibraryMavenArtifact.resolveLocalVersion(DriverLibraryMavenArtifact.java:343)
	at org.jkiss.dbeaver.registry.driver.DriverLibraryMavenArtifact.getDependencies(DriverLibraryMavenArtifact.java:247)
	at org.jkiss.dbeaver.registry.driver.DriverDependencies.resolveDependencies(DriverDependencies.java:107)
	at org.jkiss.dbeaver.registry.driver.DriverDependencies.resolveDependencies(DriverDependencies.java:57)
	at org.jkiss.dbeaver.ui.dialogs.driver.DriverDependenciesTree.lambda$1(DriverDependenciesTree.java:135)
	at org.jkiss.dbeaver.runtime.RunnableContextDelegate.lambda$0(RunnableContextDelegate.java:39)
	at org.eclipse.jface.operation.ModalContext$ModalContextThread.run(ModalContext.java:124)

!ENTRY org.jkiss.dbeaver.model 4 0 2024-09-13 16:38:22.643
!MESSAGE Error resolving library 'com.oracle.database.nls:orai18n:RELEASE' dependencies
!SUBENTRY 1 org.jkiss.dbeaver.model 4 0 2024-09-13 16:38:22.643
!MESSAGE Maven artifact maven:/com.oracle.database.nls:orai18n:RELEASE :23.2.0.0 is not found
!STACK 0
java.io.IOException: Maven artifact maven:/com.oracle.database.nls:orai18n:RELEASE :23.2.0.0 is not found
	at org.jkiss.dbeaver.registry.driver.DriverLibraryMavenArtifact.resolveLocalVersion(DriverLibraryMavenArtifact.java:343)
	at org.jkiss.dbeaver.registry.driver.DriverLibraryMavenArtifact.getDependencies(DriverLibraryMavenArtifact.java:247)
	at org.jkiss.dbeaver.registry.driver.DriverDependencies.resolveDependencies(DriverDependencies.java:107)
	at org.jkiss.dbeaver.registry.driver.DriverDependencies.resolveDependencies(DriverDependencies.java:57)
	at org.jkiss.dbeaver.ui.dialogs.driver.DriverDependenciesTree.lambda$1(DriverDependenciesTree.java:135)
	at org.jkiss.dbeaver.runtime.RunnableContextDelegate.lambda$0(RunnableContextDelegate.java:39)
	at org.eclipse.jface.operation.ModalContext$ModalContextThread.run(ModalContext.java:124)

!ENTRY org.jkiss.dbeaver.model 4 0 2024-09-13 16:38:22.648
!MESSAGE Error resolving library 'com.oracle.database.xml:xdb6:RELEASE' dependencies
!SUBENTRY 1 org.jkiss.dbeaver.model 4 0 2024-09-13 16:38:22.648
!MESSAGE Maven artifact maven:/com.oracle.database.xml:xdb6:RELEASE :18.3.0.0 is not found
!STACK 0
java.io.IOException: Maven artifact maven:/com.oracle.database.xml:xdb6:RELEASE :18.3.0.0 is not found
	at org.jkiss.dbeaver.registry.driver.DriverLibraryMavenArtifact.resolveLocalVersion(DriverLibraryMavenArtifact.java:343)
	at org.jkiss.dbeaver.registry.driver.DriverLibraryMavenArtifact.getDependencies(DriverLibraryMavenArtifact.java:247)
	at org.jkiss.dbeaver.registry.driver.DriverDependencies.resolveDependencies(DriverDependencies.java:107)
	at org.jkiss.dbeaver.registry.driver.DriverDependencies.resolveDependencies(DriverDependencies.java:57)
	at org.jkiss.dbeaver.ui.dialogs.driver.DriverDependenciesTree.lambda$1(DriverDependenciesTree.java:135)
	at org.jkiss.dbeaver.runtime.RunnableContextDelegate.lambda$0(RunnableContextDelegate.java:39)
	at org.eclipse.jface.operation.ModalContext$ModalContextThread.run(ModalContext.java:124)

!ENTRY org.jkiss.dbeaver.model 4 0 2024-09-13 16:38:22.649
!MESSAGE Error resolving library 'com.oracle.database.xml:xmlparserv2:RELEASE' dependencies
!SUBENTRY 1 org.jkiss.dbeaver.model 4 0 2024-09-13 16:38:22.650
!MESSAGE Maven artifact maven:/com.oracle.database.xml:xmlparserv2:RELEASE :23.2.0.0 is not found
!STACK 0
java.io.IOException: Maven artifact maven:/com.oracle.database.xml:xmlparserv2:RELEASE :23.2.0.0 is not found
	at org.jkiss.dbeaver.registry.driver.DriverLibraryMavenArtifact.resolveLocalVersion(DriverLibraryMavenArtifact.java:343)
	at org.jkiss.dbeaver.registry.driver.DriverLibraryMavenArtifact.getDependencies(DriverLibraryMavenArtifact.java:247)
	at org.jkiss.dbeaver.registry.driver.DriverDependencies.resolveDependencies(DriverDependencies.java:107)
	at org.jkiss.dbeaver.registry.driver.DriverDependencies.resolveDependencies(DriverDependencies.java:57)
	at org.jkiss.dbeaver.ui.dialogs.driver.DriverDependenciesTree.lambda$1(DriverDependenciesTree.java:135)
	at org.jkiss.dbeaver.runtime.RunnableContextDelegate.lambda$0(RunnableContextDelegate.java:39)
	at org.eclipse.jface.operation.ModalContext$ModalContextThread.run(ModalContext.java:124)

!ENTRY org.jkiss.dbeaver.model 4 0 2024-09-13 16:38:22.974
!MESSAGE Error resolving dependencies

!ENTRY org.jkiss.dbeaver.model 4 0 2024-09-13 16:38:25.989
!MESSAGE Error resolving library 'com.oracle.database.jdbc:ojdbc11:RELEASE' dependencies
!SUBENTRY 1 org.jkiss.dbeaver.model 4 0 2024-09-13 16:38:25.989
!MESSAGE Maven artifact maven:/com.oracle.database.jdbc:ojdbc11:RELEASE :23.2.0.0 is not found
!STACK 0
java.io.IOException: Maven artifact maven:/com.oracle.database.jdbc:ojdbc11:RELEASE :23.2.0.0 is not found
	at org.jkiss.dbeaver.registry.driver.DriverLibraryMavenArtifact.resolveLocalVersion(DriverLibraryMavenArtifact.java:343)
	at org.jkiss.dbeaver.registry.driver.DriverLibraryMavenArtifact.getDependencies(DriverLibraryMavenArtifact.java:247)
	at org.jkiss.dbeaver.registry.driver.DriverDependencies.resolveDependencies(DriverDependencies.java:107)
	at org.jkiss.dbeaver.registry.driver.DriverDependencies.resolveDependencies(DriverDependencies.java:57)
	at org.jkiss.dbeaver.ui.dialogs.driver.DriverDependenciesTree.lambda$1(DriverDependenciesTree.java:135)
	at org.jkiss.dbeaver.runtime.RunnableContextDelegate.lambda$0(RunnableContextDelegate.java:39)
	at org.eclipse.jface.operation.ModalContext$ModalContextThread.run(ModalContext.java:124)

!ENTRY org.jkiss.dbeaver.model 4 0 2024-09-13 16:38:25.990
!MESSAGE Error resolving library 'com.oracle.database.nls:orai18n:RELEASE' dependencies
!SUBENTRY 1 org.jkiss.dbeaver.model 4 0 2024-09-13 16:38:25.990
!MESSAGE Maven artifact maven:/com.oracle.database.nls:orai18n:RELEASE :23.2.0.0 is not found
!STACK 0
java.io.IOException: Maven artifact maven:/com.oracle.database.nls:orai18n:RELEASE :23.2.0.0 is not found
	at org.jkiss.dbeaver.registry.driver.DriverLibraryMavenArtifact.resolveLocalVersion(DriverLibraryMavenArtifact.java:343)
	at org.jkiss.dbeaver.registry.driver.DriverLibraryMavenArtifact.getDependencies(DriverLibraryMavenArtifact.java:247)
	at org.jkiss.dbeaver.registry.driver.DriverDependencies.resolveDependencies(DriverDependencies.java:107)
	at org.jkiss.dbeaver.registry.driver.DriverDependencies.resolveDependencies(DriverDependencies.java:57)
	at org.jkiss.dbeaver.ui.dialogs.driver.DriverDependenciesTree.lambda$1(DriverDependenciesTree.java:135)
	at org.jkiss.dbeaver.runtime.RunnableContextDelegate.lambda$0(RunnableContextDelegate.java:39)
	at org.eclipse.jface.operation.ModalContext$ModalContextThread.run(ModalContext.java:124)

!ENTRY org.jkiss.dbeaver.model 4 0 2024-09-13 16:38:25.991
!MESSAGE Error resolving library 'com.oracle.database.xml:xdb6:RELEASE' dependencies
!SUBENTRY 1 org.jkiss.dbeaver.model 4 0 2024-09-13 16:38:25.991
!MESSAGE Maven artifact maven:/com.oracle.database.xml:xdb6:RELEASE :18.3.0.0 is not found
!STACK 0
java.io.IOException: Maven artifact maven:/com.oracle.database.xml:xdb6:RELEASE :18.3.0.0 is not found
	at org.jkiss.dbeaver.registry.driver.DriverLibraryMavenArtifact.resolveLocalVersion(DriverLibraryMavenArtifact.java:343)
	at org.jkiss.dbeaver.registry.driver.DriverLibraryMavenArtifact.getDependencies(DriverLibraryMavenArtifact.java:247)
	at org.jkiss.dbeaver.registry.driver.DriverDependencies.resolveDependencies(DriverDependencies.java:107)
	at org.jkiss.dbeaver.registry.driver.DriverDependencies.resolveDependencies(DriverDependencies.java:57)
	at org.jkiss.dbeaver.ui.dialogs.driver.DriverDependenciesTree.lambda$1(DriverDependenciesTree.java:135)
	at org.jkiss.dbeaver.runtime.RunnableContextDelegate.lambda$0(RunnableContextDelegate.java:39)
	at org.eclipse.jface.operation.ModalContext$ModalContextThread.run(ModalContext.java:124)

!ENTRY org.jkiss.dbeaver.model 4 0 2024-09-13 16:38:25.995
!MESSAGE Error resolving library 'com.oracle.database.xml:xmlparserv2:RELEASE' dependencies
!SUBENTRY 1 org.jkiss.dbeaver.model 4 0 2024-09-13 16:38:25.995
!MESSAGE Maven artifact maven:/com.oracle.database.xml:xmlparserv2:RELEASE :23.2.0.0 is not found
!STACK 0
java.io.IOException: Maven artifact maven:/com.oracle.database.xml:xmlparserv2:RELEASE :23.2.0.0 is not found
	at org.jkiss.dbeaver.registry.driver.DriverLibraryMavenArtifact.resolveLocalVersion(DriverLibraryMavenArtifact.java:343)
	at org.jkiss.dbeaver.registry.driver.DriverLibraryMavenArtifact.getDependencies(DriverLibraryMavenArtifact.java:247)
	at org.jkiss.dbeaver.registry.driver.DriverDependencies.resolveDependencies(DriverDependencies.java:107)
	at org.jkiss.dbeaver.registry.driver.DriverDependencies.resolveDependencies(DriverDependencies.java:57)
	at org.jkiss.dbeaver.ui.dialogs.driver.DriverDependenciesTree.lambda$1(DriverDependenciesTree.java:135)
	at org.jkiss.dbeaver.runtime.RunnableContextDelegate.lambda$0(RunnableContextDelegate.java:39)
	at org.eclipse.jface.operation.ModalContext$ModalContextThread.run(ModalContext.java:124)

!ENTRY org.jkiss.dbeaver.model 4 0 2024-09-13 16:38:27.307
!MESSAGE Error resolving dependencies
!SESSION 2024-09-13 16:39:34.439 -----------------------------------------------
eclipse.buildId=unknown
java.version=17.0.6
java.vendor=Eclipse Adoptium
BootLoader constants: OS=win32, ARCH=x86_64, WS=win32, NL=ko
Framework arguments:  -eclipse.keyring C:\Users\soldesk\AppData\Roaming\DBeaverData\secure\secure_storage
Command-line arguments:  -os win32 -ws win32 -arch x86_64

!ENTRY org.eclipse.ui 2 2 2024-09-13 16:39:39.397
!MESSAGE Invalid preference category path: org.eclipse.debug.ui.ConsolePreferencePage (bundle: org.eclipse.ui.console, page: org.eclipse.ui.internal.console.ansi.preferences.AnsiConsolePreferencePage)

!ENTRY org.jkiss.dbeaver.model 4 0 2024-09-13 16:43:20.181
!MESSAGE No active connection

!ENTRY org.jkiss.dbeaver.model 4 0 2024-09-13 16:56:57.935
!MESSAGE SQL Error [900] [42000]: ORA-00900: SQL 문이 부적합합니다


Error position: line: 212
!SUBENTRY 1 org.jkiss.dbeaver.model 4 0 2024-09-13 16:56:57.935
!MESSAGE SQL Error [900] [42000]: ORA-00900: SQL 문이 부적합합니다

!SUBENTRY 2 org.jkiss.dbeaver.model 4 0 2024-09-13 16:56:57.935
!MESSAGE Error : 900, Position : 0, Sql = END, OriginalSql = END, Error Msg = ORA-00900: SQL 문이 부적합합니다

!STACK 0
Error : 900, Position : 0, Sql = END, OriginalSql = END, Error Msg = ORA-00900: SQL 문이 부적합합니다

	at oracle.jdbc.driver.T4CTTIoer11.processError(T4CTTIoer11.java:637)
	at oracle.jdbc.driver.T4CTTIoer11.processError(T4CTTIoer11.java:564)
	at oracle.jdbc.driver.T4C8Oall.processError(T4C8Oall.java:1231)
	at oracle.jdbc.driver.T4CTTIfun.receive(T4CTTIfun.java:772)
	at oracle.jdbc.driver.T4CTTIfun.doRPC(T4CTTIfun.java:299)
	at oracle.jdbc.driver.T4C8Oall.doOALL(T4C8Oall.java:512)
	at oracle.jdbc.driver.T4CStatement.doOall8(T4CStatement.java:123)
	at oracle.jdbc.driver.T4CStatement.executeForRows(T4CStatement.java:1200)
	at oracle.jdbc.driver.OracleStatement.executeSQLStatement(OracleStatement.java:1820)
	at oracle.jdbc.driver.OracleStatement.doExecuteWithTimeout(OracleStatement.java:1472)
	at oracle.jdbc.driver.OracleStatement.executeInternal(OracleStatement.java:2505)
	at oracle.jdbc.driver.OracleStatement.execute(OracleStatement.java:2460)
	at oracle.jdbc.driver.OracleStatementWrapper.execute(OracleStatementWrapper.java:328)
	at org.jkiss.dbeaver.model.impl.jdbc.exec.JDBCStatementImpl.execute(JDBCStatementImpl.java:332)
	at org.jkiss.dbeaver.model.impl.jdbc.exec.JDBCStatementImpl.executeStatement(JDBCStatementImpl.java:131)
	at org.jkiss.dbeaver.ui.editors.sql.execute.SQLQueryJob.executeStatement(SQLQueryJob.java:631)
	at org.jkiss.dbeaver.ui.editors.sql.execute.SQLQueryJob.lambda$2(SQLQueryJob.java:522)
	at org.jkiss.dbeaver.model.exec.DBExecUtils.tryExecuteRecover(DBExecUtils.java:192)
	at org.jkiss.dbeaver.ui.editors.sql.execute.SQLQueryJob.executeSingleQuery(SQLQueryJob.java:541)
	at org.jkiss.dbeaver.ui.editors.sql.execute.SQLQueryJob.extractData(SQLQueryJob.java:1001)
	at org.jkiss.dbeaver.ui.editors.sql.SQLEditor$QueryResultsContainer.readData(SQLEditor.java:4231)
	at org.jkiss.dbeaver.ui.controls.resultset.ResultSetJobDataRead.lambda$0(ResultSetJobDataRead.java:128)
	at org.jkiss.dbeaver.model.exec.DBExecUtils.tryExecuteRecover(DBExecUtils.java:192)
	at org.jkiss.dbeaver.ui.controls.resultset.ResultSetJobDataRead.run(ResultSetJobDataRead.java:126)
	at org.jkiss.dbeaver.ui.controls.resultset.ResultSetViewer$ResultSetDataPumpJob.run(ResultSetViewer.java:5160)
	at org.jkiss.dbeaver.model.runtime.AbstractJob.run(AbstractJob.java:117)
	at org.eclipse.core.internal.jobs.Worker.run(Worker.java:63)

!ENTRY org.jkiss.dbeaver.model 4 0 2024-09-13 16:57:43.627
!MESSAGE SQL Error [900] [42000]: ORA-00900: SQL 문이 부적합합니다

!SUBENTRY 1 org.jkiss.dbeaver.model 4 0 2024-09-13 16:57:43.627
!MESSAGE Error : 900, Position : 0, Sql = END, OriginalSql = END, Error Msg = ORA-00900: SQL 문이 부적합합니다

!STACK 0
Error : 900, Position : 0, Sql = END, OriginalSql = END, Error Msg = ORA-00900: SQL 문이 부적합합니다

	at oracle.jdbc.driver.T4CTTIoer11.processError(T4CTTIoer11.java:637)
	at oracle.jdbc.driver.T4CTTIoer11.processError(T4CTTIoer11.java:564)
	at oracle.jdbc.driver.T4C8Oall.processError(T4C8Oall.java:1231)
	at oracle.jdbc.driver.T4CTTIfun.receive(T4CTTIfun.java:772)
	at oracle.jdbc.driver.T4CTTIfun.doRPC(T4CTTIfun.java:299)
	at oracle.jdbc.driver.T4C8Oall.doOALL(T4C8Oall.java:512)
	at oracle.jdbc.driver.T4CStatement.doOall8(T4CStatement.java:123)
	at oracle.jdbc.driver.T4CStatement.executeForRows(T4CStatement.java:1200)
	at oracle.jdbc.driver.OracleStatement.executeSQLStatement(OracleStatement.java:1820)
	at oracle.jdbc.driver.OracleStatement.doExecuteWithTimeout(OracleStatement.java:1472)
	at oracle.jdbc.driver.OracleStatement.executeInternal(OracleStatement.java:2505)
	at oracle.jdbc.driver.OracleStatement.execute(OracleStatement.java:2460)
	at oracle.jdbc.driver.OracleStatementWrapper.execute(OracleStatementWrapper.java:328)
	at org.jkiss.dbeaver.model.impl.jdbc.exec.JDBCStatementImpl.execute(JDBCStatementImpl.java:332)
	at org.jkiss.dbeaver.model.impl.jdbc.exec.JDBCStatementImpl.executeStatement(JDBCStatementImpl.java:131)
	at org.jkiss.dbeaver.ui.editors.sql.execute.SQLQueryJob.executeStatement(SQLQueryJob.java:631)
	at org.jkiss.dbeaver.ui.editors.sql.execute.SQLQueryJob.lambda$2(SQLQueryJob.java:522)
	at org.jkiss.dbeaver.model.exec.DBExecUtils.tryExecuteRecover(DBExecUtils.java:192)
	at org.jkiss.dbeaver.ui.editors.sql.execute.SQLQueryJob.executeSingleQuery(SQLQueryJob.java:541)
	at org.jkiss.dbeaver.ui.editors.sql.execute.SQLQueryJob.extractData(SQLQueryJob.java:1001)
	at org.jkiss.dbeaver.ui.editors.sql.SQLEditor$QueryResultsContainer.readData(SQLEditor.java:4231)
	at org.jkiss.dbeaver.ui.controls.resultset.ResultSetJobDataRead.lambda$0(ResultSetJobDataRead.java:128)
	at org.jkiss.dbeaver.model.exec.DBExecUtils.tryExecuteRecover(DBExecUtils.java:192)
	at org.jkiss.dbeaver.ui.controls.resultset.ResultSetJobDataRead.run(ResultSetJobDataRead.java:126)
	at org.jkiss.dbeaver.ui.controls.resultset.ResultSetViewer$ResultSetDataPumpJob.run(ResultSetViewer.java:5160)
	at org.jkiss.dbeaver.model.runtime.AbstractJob.run(AbstractJob.java:117)
	at org.eclipse.core.internal.jobs.Worker.run(Worker.java:63)

!ENTRY org.jkiss.dbeaver.model 4 0 2024-09-13 17:01:49.839
!MESSAGE ORA-01017: 사용자명/비밀번호가 부적합, 로그온할 수 없습니다.

!STACK 0
java.sql.SQLException: ORA-01017: 사용자명/비밀번호가 부적합, 로그온할 수 없습니다.

	at oracle.jdbc.driver.T4CTTIoer11.processError(T4CTTIoer11.java:630)
	at oracle.jdbc.driver.T4CTTIoer11.processError(T4CTTIoer11.java:559)
	at oracle.jdbc.driver.T4CTTIoer11.processError(T4CTTIoer11.java:554)
	at oracle.jdbc.driver.T4CTTIfun.processError(T4CTTIfun.java:1377)
	at oracle.jdbc.driver.T4CTTIoauthenticate.processError(T4CTTIoauthenticate.java:700)
	at oracle.jdbc.driver.T4CTTIfun.receive(T4CTTIfun.java:772)
	at oracle.jdbc.driver.T4CTTIfun.doRPC(T4CTTIfun.java:299)
	at oracle.jdbc.driver.T4CTTIoauthenticate.doOAUTH(T4CTTIoauthenticate.java:390)
	at oracle.jdbc.driver.T4CTTIoauthenticate.doOAUTHWithO5Logon(T4CTTIoauthenticate.java:1471)
	at oracle.jdbc.driver.T4CTTIoauthenticate.doOAUTH(T4CTTIoauthenticate.java:1220)
	at oracle.jdbc.driver.T4CTTIoauthenticate.doOAUTH(T4CTTIoauthenticate.java:1174)
	at oracle.jdbc.driver.T4CConnection.authenticateUserForLogon(T4CConnection.java:1042)
	at oracle.jdbc.driver.T4CConnection.logon(T4CConnection.java:658)
	at oracle.jdbc.driver.PhysicalConnection.connect(PhysicalConnection.java:1086)
	at oracle.jdbc.driver.T4CDriverExtension.getConnection(T4CDriverExtension.java:90)
	at oracle.jdbc.driver.OracleDriver.connect(OracleDriver.java:728)
	at oracle.jdbc.driver.OracleDriver.connect(OracleDriver.java:649)
	at org.jkiss.dbeaver.model.impl.jdbc.JDBCConnectionOpener.run(JDBCConnectionOpener.java:109)
	at org.jkiss.dbeaver.model.impl.jdbc.JDBCConnectionOpener.run(JDBCConnectionOpener.java:83)
	at org.jkiss.dbeaver.model.impl.jdbc.JDBCDataSource.openConnection(JDBCDataSource.java:223)
	at org.jkiss.dbeaver.ext.oracle.model.OracleDataSource.openConnection(OracleDataSource.java:177)
	at org.jkiss.dbeaver.model.impl.jdbc.JDBCExecutionContext.connect(JDBCExecutionContext.java:119)
	at org.jkiss.dbeaver.model.impl.jdbc.JDBCRemoteInstance.initializeMainContext(JDBCRemoteInstance.java:102)
	at org.jkiss.dbeaver.model.impl.jdbc.JDBCRemoteInstance.<init>(JDBCRemoteInstance.java:61)
	at org.jkiss.dbeaver.model.impl.jdbc.JDBCDataSource.initializeRemoteInstance(JDBCDataSource.java:121)
	at org.jkiss.dbeaver.model.impl.jdbc.JDBCDataSource.<init>(JDBCDataSource.java:105)
	at org.jkiss.dbeaver.model.impl.jdbc.JDBCDataSource.<init>(JDBCDataSource.java:96)
	at org.jkiss.dbeaver.ext.oracle.model.OracleDataSource.<init>(OracleDataSource.java:95)
	at org.jkiss.dbeaver.ext.oracle.OracleDataSourceProvider.openDataSource(OracleDataSourceProvider.java:143)
	at org.jkiss.dbeaver.registry.DataSourceDescriptor.openDataSource(DataSourceDescriptor.java:1406)
	at org.jkiss.dbeaver.registry.DataSourceDescriptor.connect0(DataSourceDescriptor.java:1276)
	at org.jkiss.dbeaver.registry.DataSourceDescriptor.connect(DataSourceDescriptor.java:1061)
	at org.jkiss.dbeaver.runtime.jobs.ConnectJob.run(ConnectJob.java:78)
	at org.jkiss.dbeaver.model.runtime.AbstractJob.run(AbstractJob.java:117)
	at org.eclipse.core.internal.jobs.Worker.run(Worker.java:63)

!ENTRY org.jkiss.dbeaver.model 4 0 2024-09-13 17:02:46.558
!MESSAGE ORA-01005: 널 비밀번호가 입력되었습니다. 로그온이 허락되지 않습니다.

!STACK 0
java.sql.SQLException: ORA-01005: 널 비밀번호가 입력되었습니다. 로그온이 허락되지 않습니다.

	at oracle.jdbc.driver.T4CTTIoer11.processError(T4CTTIoer11.java:630)
	at oracle.jdbc.driver.T4CTTIoer11.processError(T4CTTIoer11.java:559)
	at oracle.jdbc.driver.T4CTTIoer11.processError(T4CTTIoer11.java:554)
	at oracle.jdbc.driver.T4CTTIfun.processError(T4CTTIfun.java:1377)
	at oracle.jdbc.driver.T4CTTIoauthenticate.processError(T4CTTIoauthenticate.java:700)
	at oracle.jdbc.driver.T4CTTIfun.receive(T4CTTIfun.java:772)
	at oracle.jdbc.driver.T4CTTIfun.doRPC(T4CTTIfun.java:299)
	at oracle.jdbc.driver.T4CTTIoauthenticate.doOAUTH(T4CTTIoauthenticate.java:390)
	at oracle.jdbc.driver.T4CTTIoauthenticate.doOAUTHWithoutPassword(T4CTTIoauthenticate.java:1909)
	at oracle.jdbc.driver.T4CTTIoauthenticate.doOAUTH(T4CTTIoauthenticate.java:1232)
	at oracle.jdbc.driver.T4CTTIoauthenticate.doOAUTH(T4CTTIoauthenticate.java:1174)
	at oracle.jdbc.driver.T4CConnection.authenticateUserForLogon(T4CConnection.java:1042)
	at oracle.jdbc.driver.T4CConnection.logon(T4CConnection.java:658)
	at oracle.jdbc.driver.PhysicalConnection.connect(PhysicalConnection.java:1086)
	at oracle.jdbc.driver.T4CDriverExtension.getConnection(T4CDriverExtension.java:90)
	at oracle.jdbc.driver.OracleDriver.connect(OracleDriver.java:728)
	at oracle.jdbc.driver.OracleDriver.connect(OracleDriver.java:649)
	at org.jkiss.dbeaver.model.impl.jdbc.JDBCConnectionOpener.run(JDBCConnectionOpener.java:109)
	at org.jkiss.dbeaver.model.impl.jdbc.JDBCConnectionOpener.run(JDBCConnectionOpener.java:83)
	at org.jkiss.dbeaver.model.impl.jdbc.JDBCDataSource.openConnection(JDBCDataSource.java:223)
	at org.jkiss.dbeaver.ext.oracle.model.OracleDataSource.openConnection(OracleDataSource.java:177)
	at org.jkiss.dbeaver.model.impl.jdbc.JDBCExecutionContext.connect(JDBCExecutionContext.java:119)
	at org.jkiss.dbeaver.model.impl.jdbc.JDBCRemoteInstance.initializeMainContext(JDBCRemoteInstance.java:102)
	at org.jkiss.dbeaver.model.impl.jdbc.JDBCRemoteInstance.<init>(JDBCRemoteInstance.java:61)
	at org.jkiss.dbeaver.model.impl.jdbc.JDBCDataSource.initializeRemoteInstance(JDBCDataSource.java:121)
	at org.jkiss.dbeaver.model.impl.jdbc.JDBCDataSource.<init>(JDBCDataSource.java:105)
	at org.jkiss.dbeaver.model.impl.jdbc.JDBCDataSource.<init>(JDBCDataSource.java:96)
	at org.jkiss.dbeaver.ext.oracle.model.OracleDataSource.<init>(OracleDataSource.java:95)
	at org.jkiss.dbeaver.ext.oracle.OracleDataSourceProvider.openDataSource(OracleDataSourceProvider.java:143)
	at org.jkiss.dbeaver.registry.DataSourceDescriptor.openDataSource(DataSourceDescriptor.java:1406)
	at org.jkiss.dbeaver.registry.DataSourceDescriptor.connect0(DataSourceDescriptor.java:1276)
	at org.jkiss.dbeaver.registry.DataSourceDescriptor.connect(DataSourceDescriptor.java:1061)
	at org.jkiss.dbeaver.runtime.jobs.ConnectJob.run(ConnectJob.java:78)
	at org.jkiss.dbeaver.model.runtime.AbstractJob.run(AbstractJob.java:117)
	at org.eclipse.core.internal.jobs.Worker.run(Worker.java:63)

!ENTRY org.jkiss.dbeaver.model 4 0 2024-09-13 17:03:31.094
!MESSAGE ORA-01017: 사용자명/비밀번호가 부적합, 로그온할 수 없습니다.

!STACK 0
java.sql.SQLException: ORA-01017: 사용자명/비밀번호가 부적합, 로그온할 수 없습니다.

	at oracle.jdbc.driver.T4CTTIoer11.processError(T4CTTIoer11.java:630)
	at oracle.jdbc.driver.T4CTTIoer11.processError(T4CTTIoer11.java:559)
	at oracle.jdbc.driver.T4CTTIoer11.processError(T4CTTIoer11.java:554)
	at oracle.jdbc.driver.T4CTTIfun.processError(T4CTTIfun.java:1377)
	at oracle.jdbc.driver.T4CTTIoauthenticate.processError(T4CTTIoauthenticate.java:700)
	at oracle.jdbc.driver.T4CTTIfun.receive(T4CTTIfun.java:772)
	at oracle.jdbc.driver.T4CTTIfun.doRPC(T4CTTIfun.java:299)
	at oracle.jdbc.driver.T4CTTIoauthenticate.doOAUTH(T4CTTIoauthenticate.java:390)
	at oracle.jdbc.driver.T4CTTIoauthenticate.doOAUTHWithO5Logon(T4CTTIoauthenticate.java:1471)
	at oracle.jdbc.driver.T4CTTIoauthenticate.doOAUTH(T4CTTIoauthenticate.java:1220)
	at oracle.jdbc.driver.T4CTTIoauthenticate.doOAUTH(T4CTTIoauthenticate.java:1174)
	at oracle.jdbc.driver.T4CConnection.authenticateUserForLogon(T4CConnection.java:1042)
	at oracle.jdbc.driver.T4CConnection.logon(T4CConnection.java:658)
	at oracle.jdbc.driver.PhysicalConnection.connect(PhysicalConnection.java:1086)
	at oracle.jdbc.driver.T4CDriverExtension.getConnection(T4CDriverExtension.java:90)
	at oracle.jdbc.driver.OracleDriver.connect(OracleDriver.java:728)
	at oracle.jdbc.driver.OracleDriver.connect(OracleDriver.java:649)
	at org.jkiss.dbeaver.model.impl.jdbc.JDBCConnectionOpener.run(JDBCConnectionOpener.java:109)
	at org.jkiss.dbeaver.model.impl.jdbc.JDBCConnectionOpener.run(JDBCConnectionOpener.java:83)
	at org.jkiss.dbeaver.model.impl.jdbc.JDBCDataSource.openConnection(JDBCDataSource.java:223)
	at org.jkiss.dbeaver.ext.oracle.model.OracleDataSource.openConnection(OracleDataSource.java:177)
	at org.jkiss.dbeaver.model.impl.jdbc.JDBCExecutionContext.connect(JDBCExecutionContext.java:119)
	at org.jkiss.dbeaver.model.impl.jdbc.JDBCRemoteInstance.initializeMainContext(JDBCRemoteInstance.java:102)
	at org.jkiss.dbeaver.model.impl.jdbc.JDBCRemoteInstance.<init>(JDBCRemoteInstance.java:61)
	at org.jkiss.dbeaver.model.impl.jdbc.JDBCDataSource.initializeRemoteInstance(JDBCDataSource.java:121)
	at org.jkiss.dbeaver.model.impl.jdbc.JDBCDataSource.<init>(JDBCDataSource.java:105)
	at org.jkiss.dbeaver.model.impl.jdbc.JDBCDataSource.<init>(JDBCDataSource.java:96)
	at org.jkiss.dbeaver.ext.oracle.model.OracleDataSource.<init>(OracleDataSource.java:95)
	at org.jkiss.dbeaver.ext.oracle.OracleDataSourceProvider.openDataSource(OracleDataSourceProvider.java:143)
	at org.jkiss.dbeaver.registry.DataSourceDescriptor.openDataSource(DataSourceDescriptor.java:1406)
	at org.jkiss.dbeaver.registry.DataSourceDescriptor.connect0(DataSourceDescriptor.java:1276)
	at org.jkiss.dbeaver.registry.DataSourceDescriptor.connect(DataSourceDescriptor.java:1061)
	at org.jkiss.dbeaver.runtime.jobs.ConnectJob.run(ConnectJob.java:78)
	at org.jkiss.dbeaver.model.runtime.AbstractJob.run(AbstractJob.java:117)
	at org.eclipse.core.internal.jobs.Worker.run(Worker.java:63)

!ENTRY org.jkiss.dbeaver.model 4 0 2024-09-13 17:04:41.380
!MESSAGE ORA-01017: 사용자명/비밀번호가 부적합, 로그온할 수 없습니다.

!STACK 0
java.sql.SQLException: ORA-01017: 사용자명/비밀번호가 부적합, 로그온할 수 없습니다.

	at oracle.jdbc.driver.T4CTTIoer11.processError(T4CTTIoer11.java:630)
	at oracle.jdbc.driver.T4CTTIoer11.processError(T4CTTIoer11.java:559)
	at oracle.jdbc.driver.T4CTTIoer11.processError(T4CTTIoer11.java:554)
	at oracle.jdbc.driver.T4CTTIfun.processError(T4CTTIfun.java:1377)
	at oracle.jdbc.driver.T4CTTIoauthenticate.processError(T4CTTIoauthenticate.java:700)
	at oracle.jdbc.driver.T4CTTIfun.receive(T4CTTIfun.java:772)
	at oracle.jdbc.driver.T4CTTIfun.doRPC(T4CTTIfun.java:299)
	at oracle.jdbc.driver.T4CTTIoauthenticate.doOAUTH(T4CTTIoauthenticate.java:390)
	at oracle.jdbc.driver.T4CTTIoauthenticate.doOAUTHWithO5Logon(T4CTTIoauthenticate.java:1471)
	at oracle.jdbc.driver.T4CTTIoauthenticate.doOAUTH(T4CTTIoauthenticate.java:1220)
	at oracle.jdbc.driver.T4CTTIoauthenticate.doOAUTH(T4CTTIoauthenticate.java:1174)
	at oracle.jdbc.driver.T4CConnection.authenticateUserForLogon(T4CConnection.java:1042)
	at oracle.jdbc.driver.T4CConnection.logon(T4CConnection.java:658)
	at oracle.jdbc.driver.PhysicalConnection.connect(PhysicalConnection.java:1086)
	at oracle.jdbc.driver.T4CDriverExtension.getConnection(T4CDriverExtension.java:90)
	at oracle.jdbc.driver.OracleDriver.connect(OracleDriver.java:728)
	at oracle.jdbc.driver.OracleDriver.connect(OracleDriver.java:649)
	at org.jkiss.dbeaver.model.impl.jdbc.JDBCConnectionOpener.run(JDBCConnectionOpener.java:109)
	at org.jkiss.dbeaver.model.impl.jdbc.JDBCConnectionOpener.run(JDBCConnectionOpener.java:83)
	at org.jkiss.dbeaver.model.impl.jdbc.JDBCDataSource.openConnection(JDBCDataSource.java:223)
	at org.jkiss.dbeaver.ext.oracle.model.OracleDataSource.openConnection(OracleDataSource.java:177)
	at org.jkiss.dbeaver.model.impl.jdbc.JDBCExecutionContext.connect(JDBCExecutionContext.java:119)
	at org.jkiss.dbeaver.model.impl.jdbc.JDBCRemoteInstance.initializeMainContext(JDBCRemoteInstance.java:102)
	at org.jkiss.dbeaver.model.impl.jdbc.JDBCRemoteInstance.<init>(JDBCRemoteInstance.java:61)
	at org.jkiss.dbeaver.model.impl.jdbc.JDBCDataSource.initializeRemoteInstance(JDBCDataSource.java:121)
	at org.jkiss.dbeaver.model.impl.jdbc.JDBCDataSource.<init>(JDBCDataSource.java:105)
	at org.jkiss.dbeaver.model.impl.jdbc.JDBCDataSource.<init>(JDBCDataSource.java:96)
	at org.jkiss.dbeaver.ext.oracle.model.OracleDataSource.<init>(OracleDataSource.java:95)
	at org.jkiss.dbeaver.ext.oracle.OracleDataSourceProvider.openDataSource(OracleDataSourceProvider.java:143)
	at org.jkiss.dbeaver.registry.DataSourceDescriptor.openDataSource(DataSourceDescriptor.java:1406)
	at org.jkiss.dbeaver.registry.DataSourceDescriptor.connect0(DataSourceDescriptor.java:1276)
	at org.jkiss.dbeaver.registry.DataSourceDescriptor.connect(DataSourceDescriptor.java:1061)
	at org.jkiss.dbeaver.runtime.jobs.ConnectJob.run(ConnectJob.java:78)
	at org.jkiss.dbeaver.runtime.jobs.ConnectionTestJob.run(ConnectionTestJob.java:103)
	at org.jkiss.dbeaver.model.runtime.AbstractJob.run(AbstractJob.java:117)
	at org.eclipse.core.internal.jobs.Worker.run(Worker.java:63)

!ENTRY org.jkiss.dbeaver.model 4 0 2024-09-13 17:04:55.548
!MESSAGE ORA-01017: 사용자명/비밀번호가 부적합, 로그온할 수 없습니다.

!STACK 0
java.sql.SQLException: ORA-01017: 사용자명/비밀번호가 부적합, 로그온할 수 없습니다.

	at oracle.jdbc.driver.T4CTTIoer11.processError(T4CTTIoer11.java:630)
	at oracle.jdbc.driver.T4CTTIoer11.processError(T4CTTIoer11.java:559)
	at oracle.jdbc.driver.T4CTTIoer11.processError(T4CTTIoer11.java:554)
	at oracle.jdbc.driver.T4CTTIfun.processError(T4CTTIfun.java:1377)
	at oracle.jdbc.driver.T4CTTIoauthenticate.processError(T4CTTIoauthenticate.java:700)
	at oracle.jdbc.driver.T4CTTIfun.receive(T4CTTIfun.java:772)
	at oracle.jdbc.driver.T4CTTIfun.doRPC(T4CTTIfun.java:299)
	at oracle.jdbc.driver.T4CTTIoauthenticate.doOAUTH(T4CTTIoauthenticate.java:390)
	at oracle.jdbc.driver.T4CTTIoauthenticate.doOAUTHWithO5Logon(T4CTTIoauthenticate.java:1471)
	at oracle.jdbc.driver.T4CTTIoauthenticate.doOAUTH(T4CTTIoauthenticate.java:1220)
	at oracle.jdbc.driver.T4CTTIoauthenticate.doOAUTH(T4CTTIoauthenticate.java:1174)
	at oracle.jdbc.driver.T4CConnection.authenticateUserForLogon(T4CConnection.java:1042)
	at oracle.jdbc.driver.T4CConnection.logon(T4CConnection.java:658)
	at oracle.jdbc.driver.PhysicalConnection.connect(PhysicalConnection.java:1086)
	at oracle.jdbc.driver.T4CDriverExtension.getConnection(T4CDriverExtension.java:90)
	at oracle.jdbc.driver.OracleDriver.connect(OracleDriver.java:728)
	at oracle.jdbc.driver.OracleDriver.connect(OracleDriver.java:649)
	at org.jkiss.dbeaver.model.impl.jdbc.JDBCConnectionOpener.run(JDBCConnectionOpener.java:109)
	at org.jkiss.dbeaver.model.impl.jdbc.JDBCConnectionOpener.run(JDBCConnectionOpener.java:83)
	at org.jkiss.dbeaver.model.impl.jdbc.JDBCDataSource.openConnection(JDBCDataSource.java:223)
	at org.jkiss.dbeaver.ext.oracle.model.OracleDataSource.openConnection(OracleDataSource.java:177)
	at org.jkiss.dbeaver.model.impl.jdbc.JDBCExecutionContext.connect(JDBCExecutionContext.java:119)
	at org.jkiss.dbeaver.model.impl.jdbc.JDBCRemoteInstance.initializeMainContext(JDBCRemoteInstance.java:102)
	at org.jkiss.dbeaver.model.impl.jdbc.JDBCRemoteInstance.<init>(JDBCRemoteInstance.java:61)
	at org.jkiss.dbeaver.model.impl.jdbc.JDBCDataSource.initializeRemoteInstance(JDBCDataSource.java:121)
	at org.jkiss.dbeaver.model.impl.jdbc.JDBCDataSource.<init>(JDBCDataSource.java:105)
	at org.jkiss.dbeaver.model.impl.jdbc.JDBCDataSource.<init>(JDBCDataSource.java:96)
	at org.jkiss.dbeaver.ext.oracle.model.OracleDataSource.<init>(OracleDataSource.java:95)
	at org.jkiss.dbeaver.ext.oracle.OracleDataSourceProvider.openDataSource(OracleDataSourceProvider.java:143)
	at org.jkiss.dbeaver.registry.DataSourceDescriptor.openDataSource(DataSourceDescriptor.java:1406)
	at org.jkiss.dbeaver.registry.DataSourceDescriptor.connect0(DataSourceDescriptor.java:1276)
	at org.jkiss.dbeaver.registry.DataSourceDescriptor.connect(DataSourceDescriptor.java:1061)
	at org.jkiss.dbeaver.runtime.jobs.ConnectJob.run(ConnectJob.java:78)
	at org.jkiss.dbeaver.runtime.jobs.ConnectionTestJob.run(ConnectionTestJob.java:103)
	at org.jkiss.dbeaver.model.runtime.AbstractJob.run(AbstractJob.java:117)
	at org.eclipse.core.internal.jobs.Worker.run(Worker.java:63)
!SESSION 2024-09-13 17:07:23.317 -----------------------------------------------
eclipse.buildId=unknown
java.version=17.0.6
java.vendor=Eclipse Adoptium
BootLoader constants: OS=win32, ARCH=x86_64, WS=win32, NL=ko
Framework arguments:  -eclipse.keyring C:\Users\soldesk\AppData\Roaming\DBeaverData\secure\secure_storage
Command-line arguments:  -os win32 -ws win32 -arch x86_64

!ENTRY org.eclipse.ui 2 2 2024-09-13 17:07:28.409
!MESSAGE Invalid preference category path: org.eclipse.debug.ui.ConsolePreferencePage (bundle: org.eclipse.ui.console, page: org.eclipse.ui.internal.console.ansi.preferences.AnsiConsolePreferencePage)
!SESSION 2024-09-13 17:13:02.788 -----------------------------------------------
eclipse.buildId=unknown
java.version=17.0.6
java.vendor=Eclipse Adoptium
BootLoader constants: OS=win32, ARCH=x86_64, WS=win32, NL=ko
Framework arguments:  -eclipse.keyring C:\Users\soldesk\AppData\Roaming\DBeaverData\secure\secure_storage
Command-line arguments:  -os win32 -ws win32 -arch x86_64

!ENTRY org.eclipse.ui 2 2 2024-09-13 17:13:11.997
!MESSAGE Invalid preference category path: org.eclipse.debug.ui.ConsolePreferencePage (bundle: org.eclipse.ui.console, page: org.eclipse.ui.internal.console.ansi.preferences.AnsiConsolePreferencePage)

!ENTRY org.jkiss.dbeaver.model 4 0 2024-09-13 17:16:52.270
!MESSAGE SQL Error [6550] [65000]: ORA-06550: 줄 5, 열3:PLS-00103: 심볼 "end-of-file"를 만났습니다 다음 중 하나가 기대될 때:
   ; <식별자> <큰 따옴표로 구분된 식별자>
심볼이 ";" 계속하기 위하여 "end-of-file"로 치환되었습니다

!SUBENTRY 1 org.jkiss.dbeaver.model 4 0 2024-09-13 17:16:52.270
!MESSAGE Error : 6550, Position : 130, Sql = BEGIN
		V_ENAME := 'SCOTT';
	DBMS_OUTPUT.PUT_LINE('V_EMPNO : ' || V_EMPNO);
	DBMS_OUTPUT.PUT_LINE('V_ENAME : ' || V_ENAME);
END, OriginalSql = BEGIN
		V_ENAME := 'SCOTT';
	DBMS_OUTPUT.PUT_LINE('V_EMPNO : ' || V_EMPNO);
	DBMS_OUTPUT.PUT_LINE('V_ENAME : ' || V_ENAME);
END, Error Msg = ORA-06550: 줄 5, 열3:PLS-00103: 심볼 "end-of-file"를 만났습니다 다음 중 하나가 기대될 때:
   ; <식별자> <큰 따옴표로 구분된 식별자>
심볼이 ";" 계속하기 위하여 "end-of-file"로 치환되었습니다

!STACK 0
Error : 6550, Position : 130, Sql = BEGIN
		V_ENAME := 'SCOTT';
	DBMS_OUTPUT.PUT_LINE('V_EMPNO : ' || V_EMPNO);
	DBMS_OUTPUT.PUT_LINE('V_ENAME : ' || V_ENAME);
END, OriginalSql = BEGIN
		V_ENAME := 'SCOTT';
	DBMS_OUTPUT.PUT_LINE('V_EMPNO : ' || V_EMPNO);
	DBMS_OUTPUT.PUT_LINE('V_ENAME : ' || V_ENAME);
END, Error Msg = ORA-06550: 줄 5, 열3:PLS-00103: 심볼 "end-of-file"를 만났습니다 다음 중 하나가 기대될 때:
   ; <식별자> <큰 따옴표로 구분된 식별자>
심볼이 ";" 계속하기 위하여 "end-of-file"로 치환되었습니다

	at oracle.jdbc.driver.T4CTTIoer11.processError(T4CTTIoer11.java:637)
	at oracle.jdbc.driver.T4CTTIoer11.processError(T4CTTIoer11.java:564)
	at oracle.jdbc.driver.T4C8Oall.processError(T4C8Oall.java:1231)
	at oracle.jdbc.driver.T4CTTIfun.receive(T4CTTIfun.java:772)
	at oracle.jdbc.driver.T4CTTIfun.doRPC(T4CTTIfun.java:299)
	at oracle.jdbc.driver.T4C8Oall.doOALL(T4C8Oall.java:512)
	at oracle.jdbc.driver.T4CStatement.doOall8(T4CStatement.java:123)
	at oracle.jdbc.driver.T4CStatement.executeForRows(T4CStatement.java:1200)
	at oracle.jdbc.driver.OracleStatement.executeSQLStatement(OracleStatement.java:1820)
	at oracle.jdbc.driver.OracleStatement.doExecuteWithTimeout(OracleStatement.java:1472)
	at oracle.jdbc.driver.OracleStatement.executeInternal(OracleStatement.java:2505)
	at oracle.jdbc.driver.OracleStatement.execute(OracleStatement.java:2460)
	at oracle.jdbc.driver.OracleStatementWrapper.execute(OracleStatementWrapper.java:328)
	at org.jkiss.dbeaver.model.impl.jdbc.exec.JDBCStatementImpl.execute(JDBCStatementImpl.java:332)
	at org.jkiss.dbeaver.model.impl.jdbc.exec.JDBCStatementImpl.executeStatement(JDBCStatementImpl.java:131)
	at org.jkiss.dbeaver.ui.editors.sql.execute.SQLQueryJob.executeStatement(SQLQueryJob.java:631)
	at org.jkiss.dbeaver.ui.editors.sql.execute.SQLQueryJob.lambda$2(SQLQueryJob.java:522)
	at org.jkiss.dbeaver.model.exec.DBExecUtils.tryExecuteRecover(DBExecUtils.java:192)
	at org.jkiss.dbeaver.ui.editors.sql.execute.SQLQueryJob.executeSingleQuery(SQLQueryJob.java:541)
	at org.jkiss.dbeaver.ui.editors.sql.execute.SQLQueryJob.extractData(SQLQueryJob.java:1001)
	at org.jkiss.dbeaver.ui.editors.sql.SQLEditor$QueryResultsContainer.readData(SQLEditor.java:4231)
	at org.jkiss.dbeaver.ui.controls.resultset.ResultSetJobDataRead.lambda$0(ResultSetJobDataRead.java:128)
	at org.jkiss.dbeaver.model.exec.DBExecUtils.tryExecuteRecover(DBExecUtils.java:192)
	at org.jkiss.dbeaver.ui.controls.resultset.ResultSetJobDataRead.run(ResultSetJobDataRead.java:126)
	at org.jkiss.dbeaver.ui.controls.resultset.ResultSetViewer$ResultSetDataPumpJob.run(ResultSetViewer.java:5160)
	at org.jkiss.dbeaver.model.runtime.AbstractJob.run(AbstractJob.java:117)
	at org.eclipse.core.internal.jobs.Worker.run(Worker.java:63)

!ENTRY org.jkiss.dbeaver.model 4 0 2024-09-13 17:17:15.504
!MESSAGE SQL Error [6550] [65000]: ORA-06550: 줄 2, 열3:PLS-00201: 'V_ENAME' 식별자가 정의되어야 합니다
ORA-06550: 줄 2, 열3:PL/SQL: Statement ignored
ORA-06550: 줄 3, 열39:PLS-00201: 'V_EMPNO' 식별자가 정의되어야 합니다
ORA-06550: 줄 3, 열2:PL/SQL: Statement ignored
ORA-06550: 줄 4, 열39:PLS-00201: 'V_ENAME' 식별자가 정의되어야 합니다
ORA-06550: 줄 4, 열2:PL/SQL: Statement ignored

!SUBENTRY 1 org.jkiss.dbeaver.model 4 0 2024-09-13 17:17:15.504
!MESSAGE Error : 6550, Position : 9, Sql = BEGIN
		V_ENAME := 'SCOTT';
	DBMS_OUTPUT.PUT_LINE('V_EMPNO : ' || V_EMPNO);
	DBMS_OUTPUT.PUT_LINE('V_ENAME : ' || V_ENAME);
END;, OriginalSql = BEGIN
		V_ENAME := 'SCOTT';
	DBMS_OUTPUT.PUT_LINE('V_EMPNO : ' || V_EMPNO);
	DBMS_OUTPUT.PUT_LINE('V_ENAME : ' || V_ENAME);
END;, Error Msg = ORA-06550: 줄 2, 열3:PLS-00201: 'V_ENAME' 식별자가 정의되어야 합니다
ORA-06550: 줄 2, 열3:PL/SQL: Statement ignored
ORA-06550: 줄 3, 열39:PLS-00201: 'V_EMPNO' 식별자가 정의되어야 합니다
ORA-06550: 줄 3, 열2:PL/SQL: Statement ignored
ORA-06550: 줄 4, 열39:PLS-00201: 'V_ENAME' 식별자가 정의되어야 합니다
ORA-06550: 줄 4, 열2:PL/SQL: Statement ignored

!STACK 0
Error : 6550, Position : 9, Sql = BEGIN
		V_ENAME := 'SCOTT';
	DBMS_OUTPUT.PUT_LINE('V_EMPNO : ' || V_EMPNO);
	DBMS_OUTPUT.PUT_LINE('V_ENAME : ' || V_ENAME);
END;, OriginalSql = BEGIN
		V_ENAME := 'SCOTT';
	DBMS_OUTPUT.PUT_LINE('V_EMPNO : ' || V_EMPNO);
	DBMS_OUTPUT.PUT_LINE('V_ENAME : ' || V_ENAME);
END;, Error Msg = ORA-06550: 줄 2, 열3:PLS-00201: 'V_ENAME' 식별자가 정의되어야 합니다
ORA-06550: 줄 2, 열3:PL/SQL: Statement ignored
ORA-06550: 줄 3, 열39:PLS-00201: 'V_EMPNO' 식별자가 정의되어야 합니다
ORA-06550: 줄 3, 열2:PL/SQL: Statement ignored
ORA-06550: 줄 4, 열39:PLS-00201: 'V_ENAME' 식별자가 정의되어야 합니다
ORA-06550: 줄 4, 열2:PL/SQL: Statement ignored

	at oracle.jdbc.driver.T4CTTIoer11.processError(T4CTTIoer11.java:637)
	at oracle.jdbc.driver.T4CTTIoer11.processError(T4CTTIoer11.java:564)
	at oracle.jdbc.driver.T4C8Oall.processError(T4C8Oall.java:1231)
	at oracle.jdbc.driver.T4CTTIfun.receive(T4CTTIfun.java:772)
	at oracle.jdbc.driver.T4CTTIfun.doRPC(T4CTTIfun.java:299)
	at oracle.jdbc.driver.T4C8Oall.doOALL(T4C8Oall.java:512)
	at oracle.jdbc.driver.T4CStatement.doOall8(T4CStatement.java:123)
	at oracle.jdbc.driver.T4CStatement.executeForRows(T4CStatement.java:1200)
	at oracle.jdbc.driver.OracleStatement.executeSQLStatement(OracleStatement.java:1820)
	at oracle.jdbc.driver.OracleStatement.doExecuteWithTimeout(OracleStatement.java:1472)
	at oracle.jdbc.driver.OracleStatement.executeInternal(OracleStatement.java:2505)
	at oracle.jdbc.driver.OracleStatement.execute(OracleStatement.java:2460)
	at oracle.jdbc.driver.OracleStatementWrapper.execute(OracleStatementWrapper.java:328)
	at org.jkiss.dbeaver.model.impl.jdbc.exec.JDBCStatementImpl.execute(JDBCStatementImpl.java:332)
	at org.jkiss.dbeaver.model.impl.jdbc.exec.JDBCStatementImpl.executeStatement(JDBCStatementImpl.java:131)
	at org.jkiss.dbeaver.ui.editors.sql.execute.SQLQueryJob.executeStatement(SQLQueryJob.java:631)
	at org.jkiss.dbeaver.ui.editors.sql.execute.SQLQueryJob.lambda$2(SQLQueryJob.java:522)
	at org.jkiss.dbeaver.model.exec.DBExecUtils.tryExecuteRecover(DBExecUtils.java:192)
	at org.jkiss.dbeaver.ui.editors.sql.execute.SQLQueryJob.executeSingleQuery(SQLQueryJob.java:541)
	at org.jkiss.dbeaver.ui.editors.sql.execute.SQLQueryJob.extractData(SQLQueryJob.java:1001)
	at org.jkiss.dbeaver.ui.editors.sql.SQLEditor$QueryResultsContainer.readData(SQLEditor.java:4231)
	at org.jkiss.dbeaver.ui.controls.resultset.ResultSetJobDataRead.lambda$0(ResultSetJobDataRead.java:128)
	at org.jkiss.dbeaver.model.exec.DBExecUtils.tryExecuteRecover(DBExecUtils.java:192)
	at org.jkiss.dbeaver.ui.controls.resultset.ResultSetJobDataRead.run(ResultSetJobDataRead.java:126)
	at org.jkiss.dbeaver.ui.controls.resultset.ResultSetViewer$ResultSetDataPumpJob.run(ResultSetViewer.java:5160)
	at org.jkiss.dbeaver.model.runtime.AbstractJob.run(AbstractJob.java:117)
	at org.eclipse.core.internal.jobs.Worker.run(Worker.java:63)

!ENTRY org.jkiss.dbeaver.model 4 0 2024-09-13 17:17:18.431
!MESSAGE SQL Error [6550] [65000]: ORA-06550: 줄 2, 열3:PLS-00201: 'V_ENAME' 식별자가 정의되어야 합니다
ORA-06550: 줄 2, 열3:PL/SQL: Statement ignored
ORA-06550: 줄 3, 열39:PLS-00201: 'V_EMPNO' 식별자가 정의되어야 합니다
ORA-06550: 줄 3, 열2:PL/SQL: Statement ignored
ORA-06550: 줄 4, 열39:PLS-00201: 'V_ENAME' 식별자가 정의되어야 합니다
ORA-06550: 줄 4, 열2:PL/SQL: Statement ignored

!SUBENTRY 1 org.jkiss.dbeaver.model 4 0 2024-09-13 17:17:18.431
!MESSAGE Error : 6550, Position : 9, Sql = BEGIN
		V_ENAME := 'SCOTT';
	DBMS_OUTPUT.PUT_LINE('V_EMPNO : ' || V_EMPNO);
	DBMS_OUTPUT.PUT_LINE('V_ENAME : ' || V_ENAME);
END;, OriginalSql = BEGIN
		V_ENAME := 'SCOTT';
	DBMS_OUTPUT.PUT_LINE('V_EMPNO : ' || V_EMPNO);
	DBMS_OUTPUT.PUT_LINE('V_ENAME : ' || V_ENAME);
END;, Error Msg = ORA-06550: 줄 2, 열3:PLS-00201: 'V_ENAME' 식별자가 정의되어야 합니다
ORA-06550: 줄 2, 열3:PL/SQL: Statement ignored
ORA-06550: 줄 3, 열39:PLS-00201: 'V_EMPNO' 식별자가 정의되어야 합니다
ORA-06550: 줄 3, 열2:PL/SQL: Statement ignored
ORA-06550: 줄 4, 열39:PLS-00201: 'V_ENAME' 식별자가 정의되어야 합니다
ORA-06550: 줄 4, 열2:PL/SQL: Statement ignored

!STACK 0
Error : 6550, Position : 9, Sql = BEGIN
		V_ENAME := 'SCOTT';
	DBMS_OUTPUT.PUT_LINE('V_EMPNO : ' || V_EMPNO);
	DBMS_OUTPUT.PUT_LINE('V_ENAME : ' || V_ENAME);
END;, OriginalSql = BEGIN
		V_ENAME := 'SCOTT';
	DBMS_OUTPUT.PUT_LINE('V_EMPNO : ' || V_EMPNO);
	DBMS_OUTPUT.PUT_LINE('V_ENAME : ' || V_ENAME);
END;, Error Msg = ORA-06550: 줄 2, 열3:PLS-00201: 'V_ENAME' 식별자가 정의되어야 합니다
ORA-06550: 줄 2, 열3:PL/SQL: Statement ignored
ORA-06550: 줄 3, 열39:PLS-00201: 'V_EMPNO' 식별자가 정의되어야 합니다
ORA-06550: 줄 3, 열2:PL/SQL: Statement ignored
ORA-06550: 줄 4, 열39:PLS-00201: 'V_ENAME' 식별자가 정의되어야 합니다
ORA-06550: 줄 4, 열2:PL/SQL: Statement ignored

	at oracle.jdbc.driver.T4CTTIoer11.processError(T4CTTIoer11.java:637)
	at oracle.jdbc.driver.T4CTTIoer11.processError(T4CTTIoer11.java:564)
	at oracle.jdbc.driver.T4C8Oall.processError(T4C8Oall.java:1231)
	at oracle.jdbc.driver.T4CTTIfun.receive(T4CTTIfun.java:772)
	at oracle.jdbc.driver.T4CTTIfun.doRPC(T4CTTIfun.java:299)
	at oracle.jdbc.driver.T4C8Oall.doOALL(T4C8Oall.java:512)
	at oracle.jdbc.driver.T4CStatement.doOall8(T4CStatement.java:123)
	at oracle.jdbc.driver.T4CStatement.executeForRows(T4CStatement.java:1200)
	at oracle.jdbc.driver.OracleStatement.executeSQLStatement(OracleStatement.java:1820)
	at oracle.jdbc.driver.OracleStatement.doExecuteWithTimeout(OracleStatement.java:1472)
	at oracle.jdbc.driver.OracleStatement.executeInternal(OracleStatement.java:2505)
	at oracle.jdbc.driver.OracleStatement.execute(OracleStatement.java:2460)
	at oracle.jdbc.driver.OracleStatementWrapper.execute(OracleStatementWrapper.java:328)
	at org.jkiss.dbeaver.model.impl.jdbc.exec.JDBCStatementImpl.execute(JDBCStatementImpl.java:332)
	at org.jkiss.dbeaver.model.impl.jdbc.exec.JDBCStatementImpl.executeStatement(JDBCStatementImpl.java:131)
	at org.jkiss.dbeaver.ui.editors.sql.execute.SQLQueryJob.executeStatement(SQLQueryJob.java:631)
	at org.jkiss.dbeaver.ui.editors.sql.execute.SQLQueryJob.lambda$2(SQLQueryJob.java:522)
	at org.jkiss.dbeaver.model.exec.DBExecUtils.tryExecuteRecover(DBExecUtils.java:192)
	at org.jkiss.dbeaver.ui.editors.sql.execute.SQLQueryJob.executeSingleQuery(SQLQueryJob.java:541)
	at org.jkiss.dbeaver.ui.editors.sql.execute.SQLQueryJob.extractData(SQLQueryJob.java:1001)
	at org.jkiss.dbeaver.ui.editors.sql.SQLEditor$QueryResultsContainer.readData(SQLEditor.java:4231)
	at org.jkiss.dbeaver.ui.controls.resultset.ResultSetJobDataRead.lambda$0(ResultSetJobDataRead.java:128)
	at org.jkiss.dbeaver.model.exec.DBExecUtils.tryExecuteRecover(DBExecUtils.java:192)
	at org.jkiss.dbeaver.ui.controls.resultset.ResultSetJobDataRead.run(ResultSetJobDataRead.java:126)
	at org.jkiss.dbeaver.ui.controls.resultset.ResultSetViewer$ResultSetDataPumpJob.run(ResultSetViewer.java:5160)
	at org.jkiss.dbeaver.model.runtime.AbstractJob.run(AbstractJob.java:117)
	at org.eclipse.core.internal.jobs.Worker.run(Worker.java:63)

!ENTRY org.jkiss.dbeaver.model 4 0 2024-09-13 17:17:23.995
!MESSAGE SQL Error [900] [42000]: ORA-00900: SQL 문이 부적합합니다

!SUBENTRY 1 org.jkiss.dbeaver.model 4 0 2024-09-13 17:17:23.995
!MESSAGE Error : 900, Position : 0, Sql = /, OriginalSql = /, Error Msg = ORA-00900: SQL 문이 부적합합니다

!STACK 0
Error : 900, Position : 0, Sql = /, OriginalSql = /, Error Msg = ORA-00900: SQL 문이 부적합합니다

	at oracle.jdbc.driver.T4CTTIoer11.processError(T4CTTIoer11.java:637)
	at oracle.jdbc.driver.T4CTTIoer11.processError(T4CTTIoer11.java:564)
	at oracle.jdbc.driver.T4C8Oall.processError(T4C8Oall.java:1231)
	at oracle.jdbc.driver.T4CTTIfun.receive(T4CTTIfun.java:772)
	at oracle.jdbc.driver.T4CTTIfun.doRPC(T4CTTIfun.java:299)
	at oracle.jdbc.driver.T4C8Oall.doOALL(T4C8Oall.java:512)
	at oracle.jdbc.driver.T4CStatement.doOall8(T4CStatement.java:123)
	at oracle.jdbc.driver.T4CStatement.executeForRows(T4CStatement.java:1200)
	at oracle.jdbc.driver.OracleStatement.executeSQLStatement(OracleStatement.java:1820)
	at oracle.jdbc.driver.OracleStatement.doExecuteWithTimeout(OracleStatement.java:1472)
	at oracle.jdbc.driver.OracleStatement.executeInternal(OracleStatement.java:2505)
	at oracle.jdbc.driver.OracleStatement.execute(OracleStatement.java:2460)
	at oracle.jdbc.driver.OracleStatementWrapper.execute(OracleStatementWrapper.java:328)
	at org.jkiss.dbeaver.model.impl.jdbc.exec.JDBCStatementImpl.execute(JDBCStatementImpl.java:332)
	at org.jkiss.dbeaver.model.impl.jdbc.exec.JDBCStatementImpl.executeStatement(JDBCStatementImpl.java:131)
	at org.jkiss.dbeaver.ui.editors.sql.execute.SQLQueryJob.executeStatement(SQLQueryJob.java:631)
	at org.jkiss.dbeaver.ui.editors.sql.execute.SQLQueryJob.lambda$2(SQLQueryJob.java:522)
	at org.jkiss.dbeaver.model.exec.DBExecUtils.tryExecuteRecover(DBExecUtils.java:192)
	at org.jkiss.dbeaver.ui.editors.sql.execute.SQLQueryJob.executeSingleQuery(SQLQueryJob.java:541)
	at org.jkiss.dbeaver.ui.editors.sql.execute.SQLQueryJob.extractData(SQLQueryJob.java:1001)
	at org.jkiss.dbeaver.ui.editors.sql.SQLEditor$QueryResultsContainer.readData(SQLEditor.java:4231)
	at org.jkiss.dbeaver.ui.controls.resultset.ResultSetJobDataRead.lambda$0(ResultSetJobDataRead.java:128)
	at org.jkiss.dbeaver.model.exec.DBExecUtils.tryExecuteRecover(DBExecUtils.java:192)
	at org.jkiss.dbeaver.ui.controls.resultset.ResultSetJobDataRead.run(ResultSetJobDataRead.java:126)
	at org.jkiss.dbeaver.ui.controls.resultset.ResultSetViewer$ResultSetDataPumpJob.run(ResultSetViewer.java:5160)
	at org.jkiss.dbeaver.model.runtime.AbstractJob.run(AbstractJob.java:117)
	at org.eclipse.core.internal.jobs.Worker.run(Worker.java:63)
!SESSION 2024-09-19 09:07:21.956 -----------------------------------------------
eclipse.buildId=unknown
java.version=17.0.6
java.vendor=Eclipse Adoptium
BootLoader constants: OS=win32, ARCH=x86_64, WS=win32, NL=ko
Framework arguments:  -eclipse.keyring C:\Users\soldesk\AppData\Roaming\DBeaverData\secure\secure_storage
Command-line arguments:  -os win32 -ws win32 -arch x86_64

!ENTRY org.eclipse.ui 2 2 2024-09-19 09:07:40.095
!MESSAGE Invalid preference category path: org.eclipse.debug.ui.ConsolePreferencePage (bundle: org.eclipse.ui.console, page: org.eclipse.ui.internal.console.ansi.preferences.AnsiConsolePreferencePage)

!ENTRY org.jkiss.dbeaver.model 4 0 2024-09-19 09:09:31.970
!MESSAGE SQL Error [942] [42000]: ORA-00942: 테이블 또는 뷰가 존재하지 않습니다


Error position: line: 111
!SUBENTRY 1 org.jkiss.dbeaver.model 4 0 2024-09-19 09:09:31.970
!MESSAGE SQL Error [942] [42000]: ORA-00942: 테이블 또는 뷰가 존재하지 않습니다

!SUBENTRY 2 org.jkiss.dbeaver.model 4 0 2024-09-19 09:09:31.970
!MESSAGE Error : 942, Position : 0, Sql = ALTER TABLE hotIce
  ADD CONSTRAINT FK_menu_TO_hotIce
    FOREIGN KEY (menuNo)
    REFERENCES menu (menuNo), OriginalSql = ALTER TABLE hotIce
  ADD CONSTRAINT FK_menu_TO_hotIce
    FOREIGN KEY (menuNo)
    REFERENCES menu (menuNo), Error Msg = ORA-00942: 테이블 또는 뷰가 존재하지 않습니다

!STACK 0
Error : 942, Position : 0, Sql = ALTER TABLE hotIce
  ADD CONSTRAINT FK_menu_TO_hotIce
    FOREIGN KEY (menuNo)
    REFERENCES menu (menuNo), OriginalSql = ALTER TABLE hotIce
  ADD CONSTRAINT FK_menu_TO_hotIce
    FOREIGN KEY (menuNo)
    REFERENCES menu (menuNo), Error Msg = ORA-00942: 테이블 또는 뷰가 존재하지 않습니다

	at oracle.jdbc.driver.T4CTTIoer11.processError(T4CTTIoer11.java:637)
	at oracle.jdbc.driver.T4CTTIoer11.processError(T4CTTIoer11.java:564)
	at oracle.jdbc.driver.T4C8Oall.processError(T4C8Oall.java:1231)
	at oracle.jdbc.driver.T4CTTIfun.receive(T4CTTIfun.java:772)
	at oracle.jdbc.driver.T4CTTIfun.doRPC(T4CTTIfun.java:299)
	at oracle.jdbc.driver.T4C8Oall.doOALL(T4C8Oall.java:512)
	at oracle.jdbc.driver.T4CStatement.doOall8(T4CStatement.java:123)
	at oracle.jdbc.driver.T4CStatement.executeForRows(T4CStatement.java:1200)
	at oracle.jdbc.driver.OracleStatement.executeSQLStatement(OracleStatement.java:1820)
	at oracle.jdbc.driver.OracleStatement.doExecuteWithTimeout(OracleStatement.java:1472)
	at oracle.jdbc.driver.OracleStatement.executeInternal(OracleStatement.java:2505)
	at oracle.jdbc.driver.OracleStatement.execute(OracleStatement.java:2460)
	at oracle.jdbc.driver.OracleStatementWrapper.execute(OracleStatementWrapper.java:328)
	at org.jkiss.dbeaver.model.impl.jdbc.exec.JDBCStatementImpl.execute(JDBCStatementImpl.java:332)
	at org.jkiss.dbeaver.model.impl.jdbc.exec.JDBCStatementImpl.executeStatement(JDBCStatementImpl.java:131)
	at org.jkiss.dbeaver.ui.editors.sql.execute.SQLQueryJob.executeStatement(SQLQueryJob.java:631)
	at org.jkiss.dbeaver.ui.editors.sql.execute.SQLQueryJob.lambda$2(SQLQueryJob.java:522)
	at org.jkiss.dbeaver.model.exec.DBExecUtils.tryExecuteRecover(DBExecUtils.java:192)
	at org.jkiss.dbeaver.ui.editors.sql.execute.SQLQueryJob.executeSingleQuery(SQLQueryJob.java:541)
	at org.jkiss.dbeaver.ui.editors.sql.execute.SQLQueryJob.extractData(SQLQueryJob.java:1001)
	at org.jkiss.dbeaver.ui.editors.sql.SQLEditor$QueryResultsContainer.readData(SQLEditor.java:4231)
	at org.jkiss.dbeaver.ui.controls.resultset.ResultSetJobDataRead.lambda$0(ResultSetJobDataRead.java:128)
	at org.jkiss.dbeaver.model.exec.DBExecUtils.tryExecuteRecover(DBExecUtils.java:192)
	at org.jkiss.dbeaver.ui.controls.resultset.ResultSetJobDataRead.run(ResultSetJobDataRead.java:126)
	at org.jkiss.dbeaver.ui.controls.resultset.ResultSetViewer$ResultSetDataPumpJob.run(ResultSetViewer.java:5160)
	at org.jkiss.dbeaver.model.runtime.AbstractJob.run(AbstractJob.java:117)
	at org.eclipse.core.internal.jobs.Worker.run(Worker.java:63)

!ENTRY org.jkiss.dbeaver.model 4 0 2024-09-19 09:11:02.587
!MESSAGE SQL Error [922] [42000]: ORA-00922: 누락된 또는 부적합한 옵션

!SUBENTRY 1 org.jkiss.dbeaver.model 4 0 2024-09-19 09:11:02.587
!MESSAGE Error : 922, Position : 117, Sql = CREATE USER C##orderpass IDENTIFIED BY 12345
DEFAULT TABLESPACE USERS
TEMPORARY TABLESPACE TEMP
QUOTA 10M ON USERS;

GRANT CREATE SESSION TO C##orderpass;

GRANT CREATE SESSION, CREATE TABLE TO C##orderpass;

GRANT CONNECT, RESOURCE TO C##orderpass, OriginalSql = CREATE USER C##orderpass IDENTIFIED BY 12345
DEFAULT TABLESPACE USERS
TEMPORARY TABLESPACE TEMP
QUOTA 10M ON USERS;

GRANT CREATE SESSION TO C##orderpass;

GRANT CREATE SESSION, CREATE TABLE TO C##orderpass;

GRANT CONNECT, RESOURCE TO C##orderpass, Error Msg = ORA-00922: 누락된 또는 부적합한 옵션

!STACK 0
Error : 922, Position : 117, Sql = CREATE USER C##orderpass IDENTIFIED BY 12345
DEFAULT TABLESPACE USERS
TEMPORARY TABLESPACE TEMP
QUOTA 10M ON USERS;

GRANT CREATE SESSION TO C##orderpass;

GRANT CREATE SESSION, CREATE TABLE TO C##orderpass;

GRANT CONNECT, RESOURCE TO C##orderpass, OriginalSql = CREATE USER C##orderpass IDENTIFIED BY 12345
DEFAULT TABLESPACE USERS
TEMPORARY TABLESPACE TEMP
QUOTA 10M ON USERS;

GRANT CREATE SESSION TO C##orderpass;

GRANT CREATE SESSION, CREATE TABLE TO C##orderpass;

GRANT CONNECT, RESOURCE TO C##orderpass, Error Msg = ORA-00922: 누락된 또는 부적합한 옵션

	at oracle.jdbc.driver.T4CTTIoer11.processError(T4CTTIoer11.java:637)
	at oracle.jdbc.driver.T4CTTIoer11.processError(T4CTTIoer11.java:564)
	at oracle.jdbc.driver.T4C8Oall.processError(T4C8Oall.java:1231)
	at oracle.jdbc.driver.T4CTTIfun.receive(T4CTTIfun.java:772)
	at oracle.jdbc.driver.T4CTTIfun.doRPC(T4CTTIfun.java:299)
	at oracle.jdbc.driver.T4C8Oall.doOALL(T4C8Oall.java:512)
	at oracle.jdbc.driver.T4CStatement.doOall8(T4CStatement.java:123)
	at oracle.jdbc.driver.T4CStatement.executeForRows(T4CStatement.java:1200)
	at oracle.jdbc.driver.OracleStatement.executeSQLStatement(OracleStatement.java:1820)
	at oracle.jdbc.driver.OracleStatement.doExecuteWithTimeout(OracleStatement.java:1472)
	at oracle.jdbc.driver.OracleStatement.executeInternal(OracleStatement.java:2505)
	at oracle.jdbc.driver.OracleStatement.execute(OracleStatement.java:2460)
	at oracle.jdbc.driver.OracleStatementWrapper.execute(OracleStatementWrapper.java:328)
	at org.jkiss.dbeaver.model.impl.jdbc.exec.JDBCStatementImpl.execute(JDBCStatementImpl.java:332)
	at org.jkiss.dbeaver.model.impl.jdbc.exec.JDBCStatementImpl.executeStatement(JDBCStatementImpl.java:131)
	at org.jkiss.dbeaver.ui.editors.sql.execute.SQLQueryJob.executeStatement(SQLQueryJob.java:631)
	at org.jkiss.dbeaver.ui.editors.sql.execute.SQLQueryJob.lambda$2(SQLQueryJob.java:522)
	at org.jkiss.dbeaver.model.exec.DBExecUtils.tryExecuteRecover(DBExecUtils.java:192)
	at org.jkiss.dbeaver.ui.editors.sql.execute.SQLQueryJob.executeSingleQuery(SQLQueryJob.java:541)
	at org.jkiss.dbeaver.ui.editors.sql.execute.SQLQueryJob.extractData(SQLQueryJob.java:1001)
	at org.jkiss.dbeaver.ui.editors.sql.SQLEditor$QueryResultsContainer.readData(SQLEditor.java:4231)
	at org.jkiss.dbeaver.ui.controls.resultset.ResultSetJobDataRead.lambda$0(ResultSetJobDataRead.java:128)
	at org.jkiss.dbeaver.model.exec.DBExecUtils.tryExecuteRecover(DBExecUtils.java:192)
	at org.jkiss.dbeaver.ui.controls.resultset.ResultSetJobDataRead.run(ResultSetJobDataRead.java:126)
	at org.jkiss.dbeaver.ui.controls.resultset.ResultSetViewer$ResultSetDataPumpJob.run(ResultSetViewer.java:5160)
	at org.jkiss.dbeaver.model.runtime.AbstractJob.run(AbstractJob.java:117)
	at org.eclipse.core.internal.jobs.Worker.run(Worker.java:63)

!ENTRY org.jkiss.dbeaver.model 4 0 2024-09-19 09:11:33.374
!MESSAGE SQL Error [906] [42000]: ORA-00906: 누락된 좌괄호

!SUBENTRY 1 org.jkiss.dbeaver.model 4 0 2024-09-19 09:11:33.374
!MESSAGE Error : 906, Position : 44, Sql = CREATE TABLE cafe
(
  cafeCode  NVARCHAR2 NOT NULL,
  name      NVARCHAR2 NOT NULL,
  president VARCHAR2  NOT NULL,
  tel       NVARCHAR2 NOT NULL,
  loc       NVARCHAR2 NOT NULL,
  CONSTRAINT PK_cafe PRIMARY KEY (cafeCode)
), OriginalSql = CREATE TABLE cafe
(
  cafeCode  NVARCHAR2 NOT NULL,
  name      NVARCHAR2 NOT NULL,
  president VARCHAR2  NOT NULL,
  tel       NVARCHAR2 NOT NULL,
  loc       NVARCHAR2 NOT NULL,
  CONSTRAINT PK_cafe PRIMARY KEY (cafeCode)
), Error Msg = ORA-00906: 누락된 좌괄호

!STACK 0
Error : 906, Position : 44, Sql = CREATE TABLE cafe
(
  cafeCode  NVARCHAR2 NOT NULL,
  name      NVARCHAR2 NOT NULL,
  president VARCHAR2  NOT NULL,
  tel       NVARCHAR2 NOT NULL,
  loc       NVARCHAR2 NOT NULL,
  CONSTRAINT PK_cafe PRIMARY KEY (cafeCode)
), OriginalSql = CREATE TABLE cafe
(
  cafeCode  NVARCHAR2 NOT NULL,
  name      NVARCHAR2 NOT NULL,
  president VARCHAR2  NOT NULL,
  tel       NVARCHAR2 NOT NULL,
  loc       NVARCHAR2 NOT NULL,
  CONSTRAINT PK_cafe PRIMARY KEY (cafeCode)
), Error Msg = ORA-00906: 누락된 좌괄호

	at oracle.jdbc.driver.T4CTTIoer11.processError(T4CTTIoer11.java:637)
	at oracle.jdbc.driver.T4CTTIoer11.processError(T4CTTIoer11.java:564)
	at oracle.jdbc.driver.T4C8Oall.processError(T4C8Oall.java:1231)
	at oracle.jdbc.driver.T4CTTIfun.receive(T4CTTIfun.java:772)
	at oracle.jdbc.driver.T4CTTIfun.doRPC(T4CTTIfun.java:299)
	at oracle.jdbc.driver.T4C8Oall.doOALL(T4C8Oall.java:512)
	at oracle.jdbc.driver.T4CStatement.doOall8(T4CStatement.java:123)
	at oracle.jdbc.driver.T4CStatement.executeForRows(T4CStatement.java:1200)
	at oracle.jdbc.driver.OracleStatement.executeSQLStatement(OracleStatement.java:1820)
	at oracle.jdbc.driver.OracleStatement.doExecuteWithTimeout(OracleStatement.java:1472)
	at oracle.jdbc.driver.OracleStatement.executeInternal(OracleStatement.java:2505)
	at oracle.jdbc.driver.OracleStatement.execute(OracleStatement.java:2460)
	at oracle.jdbc.driver.OracleStatementWrapper.execute(OracleStatementWrapper.java:328)
	at org.jkiss.dbeaver.model.impl.jdbc.exec.JDBCStatementImpl.execute(JDBCStatementImpl.java:332)
	at org.jkiss.dbeaver.model.impl.jdbc.exec.JDBCStatementImpl.executeStatement(JDBCStatementImpl.java:131)
	at org.jkiss.dbeaver.ui.editors.sql.execute.SQLQueryJob.executeStatement(SQLQueryJob.java:631)
	at org.jkiss.dbeaver.ui.editors.sql.execute.SQLQueryJob.lambda$2(SQLQueryJob.java:522)
	at org.jkiss.dbeaver.model.exec.DBExecUtils.tryExecuteRecover(DBExecUtils.java:192)
	at org.jkiss.dbeaver.ui.editors.sql.execute.SQLQueryJob.executeSingleQuery(SQLQueryJob.java:541)
	at org.jkiss.dbeaver.ui.editors.sql.execute.SQLQueryJob.extractData(SQLQueryJob.java:1001)
	at org.jkiss.dbeaver.ui.editors.sql.SQLEditor$QueryResultsContainer.readData(SQLEditor.java:4231)
	at org.jkiss.dbeaver.ui.controls.resultset.ResultSetJobDataRead.lambda$0(ResultSetJobDataRead.java:128)
	at org.jkiss.dbeaver.model.exec.DBExecUtils.tryExecuteRecover(DBExecUtils.java:192)
	at org.jkiss.dbeaver.ui.controls.resultset.ResultSetJobDataRead.run(ResultSetJobDataRead.java:126)
	at org.jkiss.dbeaver.ui.controls.resultset.ResultSetViewer$ResultSetDataPumpJob.run(ResultSetViewer.java:5160)
	at org.jkiss.dbeaver.model.runtime.AbstractJob.run(AbstractJob.java:117)
	at org.eclipse.core.internal.jobs.Worker.run(Worker.java:63)

!ENTRY org.jkiss.dbeaver.model 4 0 2024-09-19 09:14:32.306
!MESSAGE SQL Error [1735] [42000]: ORA-01735: 부적합한 ALTER TABLE 옵션입니다

!SUBENTRY 1 org.jkiss.dbeaver.model 4 0 2024-09-19 09:14:32.306
!MESSAGE Error : 1735, Position : 64, Sql = ALTER TABLE cafe
  ADD CONSTRAINT UQ_cafeCode UNIQUE (cafeCode);

ALTER TABLE cafe
  ADD CONSTRAINT UQ_name UNIQUE (name);

ALTER TABLE cafe
  ADD CONSTRAINT UQ_president UNIQUE (president);

ALTER TABLE cafe
  ADD CONSTRAINT UQ_tel UNIQUE (tel);

ALTER TABLE cafe
  ADD CONSTRAINT UQ_loc UNIQUE (loc), OriginalSql = ALTER TABLE cafe
  ADD CONSTRAINT UQ_cafeCode UNIQUE (cafeCode);

ALTER TABLE cafe
  ADD CONSTRAINT UQ_name UNIQUE (name);

ALTER TABLE cafe
  ADD CONSTRAINT UQ_president UNIQUE (president);

ALTER TABLE cafe
  ADD CONSTRAINT UQ_tel UNIQUE (tel);

ALTER TABLE cafe
  ADD CONSTRAINT UQ_loc UNIQUE (loc), Error Msg = ORA-01735: 부적합한 ALTER TABLE 옵션입니다

!STACK 0
Error : 1735, Position : 64, Sql = ALTER TABLE cafe
  ADD CONSTRAINT UQ_cafeCode UNIQUE (cafeCode);

ALTER TABLE cafe
  ADD CONSTRAINT UQ_name UNIQUE (name);

ALTER TABLE cafe
  ADD CONSTRAINT UQ_president UNIQUE (president);

ALTER TABLE cafe
  ADD CONSTRAINT UQ_tel UNIQUE (tel);

ALTER TABLE cafe
  ADD CONSTRAINT UQ_loc UNIQUE (loc), OriginalSql = ALTER TABLE cafe
  ADD CONSTRAINT UQ_cafeCode UNIQUE (cafeCode);

ALTER TABLE cafe
  ADD CONSTRAINT UQ_name UNIQUE (name);

ALTER TABLE cafe
  ADD CONSTRAINT UQ_president UNIQUE (president);

ALTER TABLE cafe
  ADD CONSTRAINT UQ_tel UNIQUE (tel);

ALTER TABLE cafe
  ADD CONSTRAINT UQ_loc UNIQUE (loc), Error Msg = ORA-01735: 부적합한 ALTER TABLE 옵션입니다

	at oracle.jdbc.driver.T4CTTIoer11.processError(T4CTTIoer11.java:637)
	at oracle.jdbc.driver.T4CTTIoer11.processError(T4CTTIoer11.java:564)
	at oracle.jdbc.driver.T4C8Oall.processError(T4C8Oall.java:1231)
	at oracle.jdbc.driver.T4CTTIfun.receive(T4CTTIfun.java:772)
	at oracle.jdbc.driver.T4CTTIfun.doRPC(T4CTTIfun.java:299)
	at oracle.jdbc.driver.T4C8Oall.doOALL(T4C8Oall.java:512)
	at oracle.jdbc.driver.T4CStatement.doOall8(T4CStatement.java:123)
	at oracle.jdbc.driver.T4CStatement.executeForRows(T4CStatement.java:1200)
	at oracle.jdbc.driver.OracleStatement.executeSQLStatement(OracleStatement.java:1820)
	at oracle.jdbc.driver.OracleStatement.doExecuteWithTimeout(OracleStatement.java:1472)
	at oracle.jdbc.driver.OracleStatement.executeInternal(OracleStatement.java:2505)
	at oracle.jdbc.driver.OracleStatement.execute(OracleStatement.java:2460)
	at oracle.jdbc.driver.OracleStatementWrapper.execute(OracleStatementWrapper.java:328)
	at org.jkiss.dbeaver.model.impl.jdbc.exec.JDBCStatementImpl.execute(JDBCStatementImpl.java:332)
	at org.jkiss.dbeaver.model.impl.jdbc.exec.JDBCStatementImpl.executeStatement(JDBCStatementImpl.java:131)
	at org.jkiss.dbeaver.ui.editors.sql.execute.SQLQueryJob.executeStatement(SQLQueryJob.java:631)
	at org.jkiss.dbeaver.ui.editors.sql.execute.SQLQueryJob.lambda$2(SQLQueryJob.java:522)
	at org.jkiss.dbeaver.model.exec.DBExecUtils.tryExecuteRecover(DBExecUtils.java:192)
	at org.jkiss.dbeaver.ui.editors.sql.execute.SQLQueryJob.executeSingleQuery(SQLQueryJob.java:541)
	at org.jkiss.dbeaver.ui.editors.sql.execute.SQLQueryJob.extractData(SQLQueryJob.java:1001)
	at org.jkiss.dbeaver.ui.editors.sql.SQLEditor$QueryResultsContainer.readData(SQLEditor.java:4231)
	at org.jkiss.dbeaver.ui.controls.resultset.ResultSetJobDataRead.lambda$0(ResultSetJobDataRead.java:128)
	at org.jkiss.dbeaver.model.exec.DBExecUtils.tryExecuteRecover(DBExecUtils.java:192)
	at org.jkiss.dbeaver.ui.controls.resultset.ResultSetJobDataRead.run(ResultSetJobDataRead.java:126)
	at org.jkiss.dbeaver.ui.controls.resultset.ResultSetViewer$ResultSetDataPumpJob.run(ResultSetViewer.java:5160)
	at org.jkiss.dbeaver.model.runtime.AbstractJob.run(AbstractJob.java:117)
	at org.eclipse.core.internal.jobs.Worker.run(Worker.java:63)

!ENTRY org.jkiss.dbeaver.model 4 0 2024-09-19 09:14:36.624
!MESSAGE SQL Error [2261] [42000]: ORA-02261: 고유 키 또는 기본 키가 이미 존재하고 있습니다


Error position: line: 12 pos: 47
!SUBENTRY 1 org.jkiss.dbeaver.model 4 0 2024-09-19 09:14:36.624
!MESSAGE SQL Error [2261] [42000]: ORA-02261: 고유 키 또는 기본 키가 이미 존재하고 있습니다

!SUBENTRY 2 org.jkiss.dbeaver.model 4 0 2024-09-19 09:14:36.624
!MESSAGE Error : 2261, Position : 47, Sql = ALTER TABLE cafe
  ADD CONSTRAINT UQ_cafeCode UNIQUE (cafeCode), OriginalSql = ALTER TABLE cafe
  ADD CONSTRAINT UQ_cafeCode UNIQUE (cafeCode), Error Msg = ORA-02261: 고유 키 또는 기본 키가 이미 존재하고 있습니다

!STACK 0
Error : 2261, Position : 47, Sql = ALTER TABLE cafe
  ADD CONSTRAINT UQ_cafeCode UNIQUE (cafeCode), OriginalSql = ALTER TABLE cafe
  ADD CONSTRAINT UQ_cafeCode UNIQUE (cafeCode), Error Msg = ORA-02261: 고유 키 또는 기본 키가 이미 존재하고 있습니다

	at oracle.jdbc.driver.T4CTTIoer11.processError(T4CTTIoer11.java:637)
	at oracle.jdbc.driver.T4CTTIoer11.processError(T4CTTIoer11.java:564)
	at oracle.jdbc.driver.T4C8Oall.processError(T4C8Oall.java:1231)
	at oracle.jdbc.driver.T4CTTIfun.receive(T4CTTIfun.java:772)
	at oracle.jdbc.driver.T4CTTIfun.doRPC(T4CTTIfun.java:299)
	at oracle.jdbc.driver.T4C8Oall.doOALL(T4C8Oall.java:512)
	at oracle.jdbc.driver.T4CStatement.doOall8(T4CStatement.java:123)
	at oracle.jdbc.driver.T4CStatement.executeForRows(T4CStatement.java:1200)
	at oracle.jdbc.driver.OracleStatement.executeSQLStatement(OracleStatement.java:1820)
	at oracle.jdbc.driver.OracleStatement.doExecuteWithTimeout(OracleStatement.java:1472)
	at oracle.jdbc.driver.OracleStatement.executeInternal(OracleStatement.java:2505)
	at oracle.jdbc.driver.OracleStatement.execute(OracleStatement.java:2460)
	at oracle.jdbc.driver.OracleStatementWrapper.execute(OracleStatementWrapper.java:328)
	at org.jkiss.dbeaver.model.impl.jdbc.exec.JDBCStatementImpl.execute(JDBCStatementImpl.java:332)
	at org.jkiss.dbeaver.model.impl.jdbc.exec.JDBCStatementImpl.executeStatement(JDBCStatementImpl.java:131)
	at org.jkiss.dbeaver.ui.editors.sql.execute.SQLQueryJob.executeStatement(SQLQueryJob.java:631)
	at org.jkiss.dbeaver.ui.editors.sql.execute.SQLQueryJob.lambda$2(SQLQueryJob.java:522)
	at org.jkiss.dbeaver.model.exec.DBExecUtils.tryExecuteRecover(DBExecUtils.java:192)
	at org.jkiss.dbeaver.ui.editors.sql.execute.SQLQueryJob.executeSingleQuery(SQLQueryJob.java:541)
	at org.jkiss.dbeaver.ui.editors.sql.execute.SQLQueryJob.extractData(SQLQueryJob.java:1001)
	at org.jkiss.dbeaver.ui.editors.sql.SQLEditor$QueryResultsContainer.readData(SQLEditor.java:4231)
	at org.jkiss.dbeaver.ui.controls.resultset.ResultSetJobDataRead.lambda$0(ResultSetJobDataRead.java:128)
	at org.jkiss.dbeaver.model.exec.DBExecUtils.tryExecuteRecover(DBExecUtils.java:192)
	at org.jkiss.dbeaver.ui.controls.resultset.ResultSetJobDataRead.run(ResultSetJobDataRead.java:126)
	at org.jkiss.dbeaver.ui.controls.resultset.ResultSetViewer$ResultSetDataPumpJob.run(ResultSetViewer.java:5160)
	at org.jkiss.dbeaver.model.runtime.AbstractJob.run(AbstractJob.java:117)
	at org.eclipse.core.internal.jobs.Worker.run(Worker.java:63)

!ENTRY org.jkiss.dbeaver.model 4 0 2024-09-19 09:15:51.099
!MESSAGE SQL Error [2261] [42000]: ORA-02261: 고유 키 또는 기본 키가 이미 존재하고 있습니다

!SUBENTRY 1 org.jkiss.dbeaver.model 4 0 2024-09-19 09:15:51.099
!MESSAGE Error : 2261, Position : 45, Sql = ALTER TABLE customer
  ADD CONSTRAINT UQ_id UNIQUE (id), OriginalSql = ALTER TABLE customer
  ADD CONSTRAINT UQ_id UNIQUE (id), Error Msg = ORA-02261: 고유 키 또는 기본 키가 이미 존재하고 있습니다

!STACK 0
Error : 2261, Position : 45, Sql = ALTER TABLE customer
  ADD CONSTRAINT UQ_id UNIQUE (id), OriginalSql = ALTER TABLE customer
  ADD CONSTRAINT UQ_id UNIQUE (id), Error Msg = ORA-02261: 고유 키 또는 기본 키가 이미 존재하고 있습니다

	at oracle.jdbc.driver.T4CTTIoer11.processError(T4CTTIoer11.java:637)
	at oracle.jdbc.driver.T4CTTIoer11.processError(T4CTTIoer11.java:564)
	at oracle.jdbc.driver.T4C8Oall.processError(T4C8Oall.java:1231)
	at oracle.jdbc.driver.T4CTTIfun.receive(T4CTTIfun.java:772)
	at oracle.jdbc.driver.T4CTTIfun.doRPC(T4CTTIfun.java:299)
	at oracle.jdbc.driver.T4C8Oall.doOALL(T4C8Oall.java:512)
	at oracle.jdbc.driver.T4CStatement.doOall8(T4CStatement.java:123)
	at oracle.jdbc.driver.T4CStatement.executeForRows(T4CStatement.java:1200)
	at oracle.jdbc.driver.OracleStatement.executeSQLStatement(OracleStatement.java:1820)
	at oracle.jdbc.driver.OracleStatement.doExecuteWithTimeout(OracleStatement.java:1472)
	at oracle.jdbc.driver.OracleStatement.executeInternal(OracleStatement.java:2505)
	at oracle.jdbc.driver.OracleStatement.execute(OracleStatement.java:2460)
	at oracle.jdbc.driver.OracleStatementWrapper.execute(OracleStatementWrapper.java:328)
	at org.jkiss.dbeaver.model.impl.jdbc.exec.JDBCStatementImpl.execute(JDBCStatementImpl.java:332)
	at org.jkiss.dbeaver.model.impl.jdbc.exec.JDBCStatementImpl.executeStatement(JDBCStatementImpl.java:131)
	at org.jkiss.dbeaver.ui.editors.sql.execute.SQLQueryJob.executeStatement(SQLQueryJob.java:631)
	at org.jkiss.dbeaver.ui.editors.sql.execute.SQLQueryJob.lambda$2(SQLQueryJob.java:522)
	at org.jkiss.dbeaver.model.exec.DBExecUtils.tryExecuteRecover(DBExecUtils.java:192)
	at org.jkiss.dbeaver.ui.editors.sql.execute.SQLQueryJob.executeSingleQuery(SQLQueryJob.java:541)
	at org.jkiss.dbeaver.ui.editors.sql.execute.SQLQueryJob.extractData(SQLQueryJob.java:1001)
	at org.jkiss.dbeaver.ui.editors.sql.SQLEditor$QueryResultsContainer.readData(SQLEditor.java:4231)
	at org.jkiss.dbeaver.ui.controls.resultset.ResultSetJobDataRead.lambda$0(ResultSetJobDataRead.java:128)
	at org.jkiss.dbeaver.model.exec.DBExecUtils.tryExecuteRecover(DBExecUtils.java:192)
	at org.jkiss.dbeaver.ui.controls.resultset.ResultSetJobDataRead.run(ResultSetJobDataRead.java:126)
	at org.jkiss.dbeaver.ui.controls.resultset.ResultSetViewer$ResultSetDataPumpJob.run(ResultSetViewer.java:5160)
	at org.jkiss.dbeaver.model.runtime.AbstractJob.run(AbstractJob.java:117)
	at org.eclipse.core.internal.jobs.Worker.run(Worker.java:63)

!ENTRY org.jkiss.dbeaver.model 4 0 2024-09-19 09:17:01.722
!MESSAGE SQL Error [2261] [42000]: ORA-02261: 고유 키 또는 기본 키가 이미 존재하고 있습니다

!SUBENTRY 1 org.jkiss.dbeaver.model 4 0 2024-09-19 09:17:01.722
!MESSAGE Error : 2261, Position : 45, Sql = ALTER TABLE menu
  ADD CONSTRAINT UQ_menuNo UNIQUE (menuNo), OriginalSql = ALTER TABLE menu
  ADD CONSTRAINT UQ_menuNo UNIQUE (menuNo), Error Msg = ORA-02261: 고유 키 또는 기본 키가 이미 존재하고 있습니다

!STACK 0
Error : 2261, Position : 45, Sql = ALTER TABLE menu
  ADD CONSTRAINT UQ_menuNo UNIQUE (menuNo), OriginalSql = ALTER TABLE menu
  ADD CONSTRAINT UQ_menuNo UNIQUE (menuNo), Error Msg = ORA-02261: 고유 키 또는 기본 키가 이미 존재하고 있습니다

	at oracle.jdbc.driver.T4CTTIoer11.processError(T4CTTIoer11.java:637)
	at oracle.jdbc.driver.T4CTTIoer11.processError(T4CTTIoer11.java:564)
	at oracle.jdbc.driver.T4C8Oall.processError(T4C8Oall.java:1231)
	at oracle.jdbc.driver.T4CTTIfun.receive(T4CTTIfun.java:772)
	at oracle.jdbc.driver.T4CTTIfun.doRPC(T4CTTIfun.java:299)
	at oracle.jdbc.driver.T4C8Oall.doOALL(T4C8Oall.java:512)
	at oracle.jdbc.driver.T4CStatement.doOall8(T4CStatement.java:123)
	at oracle.jdbc.driver.T4CStatement.executeForRows(T4CStatement.java:1200)
	at oracle.jdbc.driver.OracleStatement.executeSQLStatement(OracleStatement.java:1820)
	at oracle.jdbc.driver.OracleStatement.doExecuteWithTimeout(OracleStatement.java:1472)
	at oracle.jdbc.driver.OracleStatement.executeInternal(OracleStatement.java:2505)
	at oracle.jdbc.driver.OracleStatement.execute(OracleStatement.java:2460)
	at oracle.jdbc.driver.OracleStatementWrapper.execute(OracleStatementWrapper.java:328)
	at org.jkiss.dbeaver.model.impl.jdbc.exec.JDBCStatementImpl.execute(JDBCStatementImpl.java:332)
	at org.jkiss.dbeaver.model.impl.jdbc.exec.JDBCStatementImpl.executeStatement(JDBCStatementImpl.java:131)
	at org.jkiss.dbeaver.ui.editors.sql.execute.SQLQueryJob.executeStatement(SQLQueryJob.java:631)
	at org.jkiss.dbeaver.ui.editors.sql.execute.SQLQueryJob.lambda$2(SQLQueryJob.java:522)
	at org.jkiss.dbeaver.model.exec.DBExecUtils.tryExecuteRecover(DBExecUtils.java:192)
	at org.jkiss.dbeaver.ui.editors.sql.execute.SQLQueryJob.executeSingleQuery(SQLQueryJob.java:541)
	at org.jkiss.dbeaver.ui.editors.sql.execute.SQLQueryJob.extractData(SQLQueryJob.java:1001)
	at org.jkiss.dbeaver.ui.editors.sql.SQLEditor$QueryResultsContainer.readData(SQLEditor.java:4231)
	at org.jkiss.dbeaver.ui.controls.resultset.ResultSetJobDataRead.lambda$0(ResultSetJobDataRead.java:128)
	at org.jkiss.dbeaver.model.exec.DBExecUtils.tryExecuteRecover(DBExecUtils.java:192)
	at org.jkiss.dbeaver.ui.controls.resultset.ResultSetJobDataRead.run(ResultSetJobDataRead.java:126)
	at org.jkiss.dbeaver.ui.controls.resultset.ResultSetViewer$ResultSetDataPumpJob.run(ResultSetViewer.java:5160)
	at org.jkiss.dbeaver.model.runtime.AbstractJob.run(AbstractJob.java:117)
	at org.eclipse.core.internal.jobs.Worker.run(Worker.java:63)

!ENTRY org.jkiss.dbeaver.model 4 0 2024-09-19 09:17:08.381
!MESSAGE SQL Error [2264] [42000]: ORA-02264: 기존의 제약에 사용된 이름입니다

!SUBENTRY 1 org.jkiss.dbeaver.model 4 0 2024-09-19 09:17:08.381
!MESSAGE Error : 2264, Position : 35, Sql = ALTER TABLE menu
  ADD CONSTRAINT UQ_name UNIQUE (name), OriginalSql = ALTER TABLE menu
  ADD CONSTRAINT UQ_name UNIQUE (name), Error Msg = ORA-02264: 기존의 제약에 사용된 이름입니다

!STACK 0
Error : 2264, Position : 35, Sql = ALTER TABLE menu
  ADD CONSTRAINT UQ_name UNIQUE (name), OriginalSql = ALTER TABLE menu
  ADD CONSTRAINT UQ_name UNIQUE (name), Error Msg = ORA-02264: 기존의 제약에 사용된 이름입니다

	at oracle.jdbc.driver.T4CTTIoer11.processError(T4CTTIoer11.java:637)
	at oracle.jdbc.driver.T4CTTIoer11.processError(T4CTTIoer11.java:564)
	at oracle.jdbc.driver.T4C8Oall.processError(T4C8Oall.java:1231)
	at oracle.jdbc.driver.T4CTTIfun.receive(T4CTTIfun.java:772)
	at oracle.jdbc.driver.T4CTTIfun.doRPC(T4CTTIfun.java:299)
	at oracle.jdbc.driver.T4C8Oall.doOALL(T4C8Oall.java:512)
	at oracle.jdbc.driver.T4CStatement.doOall8(T4CStatement.java:123)
	at oracle.jdbc.driver.T4CStatement.executeForRows(T4CStatement.java:1200)
	at oracle.jdbc.driver.OracleStatement.executeSQLStatement(OracleStatement.java:1820)
	at oracle.jdbc.driver.OracleStatement.doExecuteWithTimeout(OracleStatement.java:1472)
	at oracle.jdbc.driver.OracleStatement.executeInternal(OracleStatement.java:2505)
	at oracle.jdbc.driver.OracleStatement.execute(OracleStatement.java:2460)
	at oracle.jdbc.driver.OracleStatementWrapper.execute(OracleStatementWrapper.java:328)
	at org.jkiss.dbeaver.model.impl.jdbc.exec.JDBCStatementImpl.execute(JDBCStatementImpl.java:332)
	at org.jkiss.dbeaver.model.impl.jdbc.exec.JDBCStatementImpl.executeStatement(JDBCStatementImpl.java:131)
	at org.jkiss.dbeaver.ui.editors.sql.execute.SQLQueryJob.executeStatement(SQLQueryJob.java:631)
	at org.jkiss.dbeaver.ui.editors.sql.execute.SQLQueryJob.lambda$2(SQLQueryJob.java:522)
	at org.jkiss.dbeaver.model.exec.DBExecUtils.tryExecuteRecover(DBExecUtils.java:192)
	at org.jkiss.dbeaver.ui.editors.sql.execute.SQLQueryJob.executeSingleQuery(SQLQueryJob.java:541)
	at org.jkiss.dbeaver.ui.editors.sql.execute.SQLQueryJob.extractData(SQLQueryJob.java:1001)
	at org.jkiss.dbeaver.ui.editors.sql.SQLEditor$QueryResultsContainer.readData(SQLEditor.java:4231)
	at org.jkiss.dbeaver.ui.controls.resultset.ResultSetJobDataRead.lambda$0(ResultSetJobDataRead.java:128)
	at org.jkiss.dbeaver.model.exec.DBExecUtils.tryExecuteRecover(DBExecUtils.java:192)
	at org.jkiss.dbeaver.ui.controls.resultset.ResultSetJobDataRead.run(ResultSetJobDataRead.java:126)
	at org.jkiss.dbeaver.ui.controls.resultset.ResultSetViewer$ResultSetDataPumpJob.run(ResultSetViewer.java:5160)
	at org.jkiss.dbeaver.model.runtime.AbstractJob.run(AbstractJob.java:117)
	at org.eclipse.core.internal.jobs.Worker.run(Worker.java:63)

!ENTRY org.jkiss.dbeaver.model 4 0 2024-09-19 09:17:16.853
!MESSAGE SQL Error [2264] [42000]: ORA-02264: 기존의 제약에 사용된 이름입니다

!SUBENTRY 1 org.jkiss.dbeaver.model 4 0 2024-09-19 09:17:16.853
!MESSAGE Error : 2264, Position : 35, Sql = ALTER TABLE menu
  ADD CONSTRAINT UQ_orderNo UNIQUE (orderNo), OriginalSql = ALTER TABLE menu
  ADD CONSTRAINT UQ_orderNo UNIQUE (orderNo), Error Msg = ORA-02264: 기존의 제약에 사용된 이름입니다

!STACK 0
Error : 2264, Position : 35, Sql = ALTER TABLE menu
  ADD CONSTRAINT UQ_orderNo UNIQUE (orderNo), OriginalSql = ALTER TABLE menu
  ADD CONSTRAINT UQ_orderNo UNIQUE (orderNo), Error Msg = ORA-02264: 기존의 제약에 사용된 이름입니다

	at oracle.jdbc.driver.T4CTTIoer11.processError(T4CTTIoer11.java:637)
	at oracle.jdbc.driver.T4CTTIoer11.processError(T4CTTIoer11.java:564)
	at oracle.jdbc.driver.T4C8Oall.processError(T4C8Oall.java:1231)
	at oracle.jdbc.driver.T4CTTIfun.receive(T4CTTIfun.java:772)
	at oracle.jdbc.driver.T4CTTIfun.doRPC(T4CTTIfun.java:299)
	at oracle.jdbc.driver.T4C8Oall.doOALL(T4C8Oall.java:512)
	at oracle.jdbc.driver.T4CStatement.doOall8(T4CStatement.java:123)
	at oracle.jdbc.driver.T4CStatement.executeForRows(T4CStatement.java:1200)
	at oracle.jdbc.driver.OracleStatement.executeSQLStatement(OracleStatement.java:1820)
	at oracle.jdbc.driver.OracleStatement.doExecuteWithTimeout(OracleStatement.java:1472)
	at oracle.jdbc.driver.OracleStatement.executeInternal(OracleStatement.java:2505)
	at oracle.jdbc.driver.OracleStatement.execute(OracleStatement.java:2460)
	at oracle.jdbc.driver.OracleStatementWrapper.execute(OracleStatementWrapper.java:328)
	at org.jkiss.dbeaver.model.impl.jdbc.exec.JDBCStatementImpl.execute(JDBCStatementImpl.java:332)
	at org.jkiss.dbeaver.model.impl.jdbc.exec.JDBCStatementImpl.executeStatement(JDBCStatementImpl.java:131)
	at org.jkiss.dbeaver.ui.editors.sql.execute.SQLQueryJob.executeStatement(SQLQueryJob.java:631)
	at org.jkiss.dbeaver.ui.editors.sql.execute.SQLQueryJob.lambda$2(SQLQueryJob.java:522)
	at org.jkiss.dbeaver.model.exec.DBExecUtils.tryExecuteRecover(DBExecUtils.java:192)
	at org.jkiss.dbeaver.ui.editors.sql.execute.SQLQueryJob.executeSingleQuery(SQLQueryJob.java:541)
	at org.jkiss.dbeaver.ui.editors.sql.execute.SQLQueryJob.extractData(SQLQueryJob.java:1001)
	at org.jkiss.dbeaver.ui.editors.sql.SQLEditor$QueryResultsContainer.readData(SQLEditor.java:4231)
	at org.jkiss.dbeaver.ui.controls.resultset.ResultSetJobDataRead.lambda$0(ResultSetJobDataRead.java:128)
	at org.jkiss.dbeaver.model.exec.DBExecUtils.tryExecuteRecover(DBExecUtils.java:192)
	at org.jkiss.dbeaver.ui.controls.resultset.ResultSetJobDataRead.run(ResultSetJobDataRead.java:126)
	at org.jkiss.dbeaver.ui.controls.resultset.ResultSetViewer$ResultSetDataPumpJob.run(ResultSetViewer.java:5160)
	at org.jkiss.dbeaver.model.runtime.AbstractJob.run(AbstractJob.java:117)
	at org.eclipse.core.internal.jobs.Worker.run(Worker.java:63)

!ENTRY org.jkiss.dbeaver.model 4 0 2024-09-19 09:17:20.320
!MESSAGE SQL Error [2264] [42000]: ORA-02264: 기존의 제약에 사용된 이름입니다

!SUBENTRY 1 org.jkiss.dbeaver.model 4 0 2024-09-19 09:17:20.320
!MESSAGE Error : 2264, Position : 35, Sql = ALTER TABLE menu
  ADD CONSTRAINT UQ_name UNIQUE (name), OriginalSql = ALTER TABLE menu
  ADD CONSTRAINT UQ_name UNIQUE (name), Error Msg = ORA-02264: 기존의 제약에 사용된 이름입니다

!STACK 0
Error : 2264, Position : 35, Sql = ALTER TABLE menu
  ADD CONSTRAINT UQ_name UNIQUE (name), OriginalSql = ALTER TABLE menu
  ADD CONSTRAINT UQ_name UNIQUE (name), Error Msg = ORA-02264: 기존의 제약에 사용된 이름입니다

	at oracle.jdbc.driver.T4CTTIoer11.processError(T4CTTIoer11.java:637)
	at oracle.jdbc.driver.T4CTTIoer11.processError(T4CTTIoer11.java:564)
	at oracle.jdbc.driver.T4C8Oall.processError(T4C8Oall.java:1231)
	at oracle.jdbc.driver.T4CTTIfun.receive(T4CTTIfun.java:772)
	at oracle.jdbc.driver.T4CTTIfun.doRPC(T4CTTIfun.java:299)
	at oracle.jdbc.driver.T4C8Oall.doOALL(T4C8Oall.java:512)
	at oracle.jdbc.driver.T4CStatement.doOall8(T4CStatement.java:123)
	at oracle.jdbc.driver.T4CStatement.executeForRows(T4CStatement.java:1200)
	at oracle.jdbc.driver.OracleStatement.executeSQLStatement(OracleStatement.java:1820)
	at oracle.jdbc.driver.OracleStatement.doExecuteWithTimeout(OracleStatement.java:1472)
	at oracle.jdbc.driver.OracleStatement.executeInternal(OracleStatement.java:2505)
	at oracle.jdbc.driver.OracleStatement.execute(OracleStatement.java:2460)
	at oracle.jdbc.driver.OracleStatementWrapper.execute(OracleStatementWrapper.java:328)
	at org.jkiss.dbeaver.model.impl.jdbc.exec.JDBCStatementImpl.execute(JDBCStatementImpl.java:332)
	at org.jkiss.dbeaver.model.impl.jdbc.exec.JDBCStatementImpl.executeStatement(JDBCStatementImpl.java:131)
	at org.jkiss.dbeaver.ui.editors.sql.execute.SQLQueryJob.executeStatement(SQLQueryJob.java:631)
	at org.jkiss.dbeaver.ui.editors.sql.execute.SQLQueryJob.lambda$2(SQLQueryJob.java:522)
	at org.jkiss.dbeaver.model.exec.DBExecUtils.tryExecuteRecover(DBExecUtils.java:192)
	at org.jkiss.dbeaver.ui.editors.sql.execute.SQLQueryJob.executeSingleQuery(SQLQueryJob.java:541)
	at org.jkiss.dbeaver.ui.editors.sql.execute.SQLQueryJob.extractData(SQLQueryJob.java:1001)
	at org.jkiss.dbeaver.ui.editors.sql.SQLEditor$QueryResultsContainer.readData(SQLEditor.java:4231)
	at org.jkiss.dbeaver.ui.controls.resultset.ResultSetJobDataRead.lambda$0(ResultSetJobDataRead.java:128)
	at org.jkiss.dbeaver.model.exec.DBExecUtils.tryExecuteRecover(DBExecUtils.java:192)
	at org.jkiss.dbeaver.ui.controls.resultset.ResultSetJobDataRead.run(ResultSetJobDataRead.java:126)
	at org.jkiss.dbeaver.ui.controls.resultset.ResultSetViewer$ResultSetDataPumpJob.run(ResultSetViewer.java:5160)
	at org.jkiss.dbeaver.model.runtime.AbstractJob.run(AbstractJob.java:117)
	at org.eclipse.core.internal.jobs.Worker.run(Worker.java:63)

!ENTRY org.jkiss.dbeaver.model 4 0 2024-09-19 09:17:23.363
!MESSAGE SQL Error [2264] [42000]: ORA-02264: 기존의 제약에 사용된 이름입니다

!SUBENTRY 1 org.jkiss.dbeaver.model 4 0 2024-09-19 09:17:23.363
!MESSAGE Error : 2264, Position : 35, Sql = ALTER TABLE menu
  ADD CONSTRAINT UQ_name UNIQUE (name), OriginalSql = ALTER TABLE menu
  ADD CONSTRAINT UQ_name UNIQUE (name), Error Msg = ORA-02264: 기존의 제약에 사용된 이름입니다

!STACK 0
Error : 2264, Position : 35, Sql = ALTER TABLE menu
  ADD CONSTRAINT UQ_name UNIQUE (name), OriginalSql = ALTER TABLE menu
  ADD CONSTRAINT UQ_name UNIQUE (name), Error Msg = ORA-02264: 기존의 제약에 사용된 이름입니다

	at oracle.jdbc.driver.T4CTTIoer11.processError(T4CTTIoer11.java:637)
	at oracle.jdbc.driver.T4CTTIoer11.processError(T4CTTIoer11.java:564)
	at oracle.jdbc.driver.T4C8Oall.processError(T4C8Oall.java:1231)
	at oracle.jdbc.driver.T4CTTIfun.receive(T4CTTIfun.java:772)
	at oracle.jdbc.driver.T4CTTIfun.doRPC(T4CTTIfun.java:299)
	at oracle.jdbc.driver.T4C8Oall.doOALL(T4C8Oall.java:512)
	at oracle.jdbc.driver.T4CStatement.doOall8(T4CStatement.java:123)
	at oracle.jdbc.driver.T4CStatement.executeForRows(T4CStatement.java:1200)
	at oracle.jdbc.driver.OracleStatement.executeSQLStatement(OracleStatement.java:1820)
	at oracle.jdbc.driver.OracleStatement.doExecuteWithTimeout(OracleStatement.java:1472)
	at oracle.jdbc.driver.OracleStatement.executeInternal(OracleStatement.java:2505)
	at oracle.jdbc.driver.OracleStatement.execute(OracleStatement.java:2460)
	at oracle.jdbc.driver.OracleStatementWrapper.execute(OracleStatementWrapper.java:328)
	at org.jkiss.dbeaver.model.impl.jdbc.exec.JDBCStatementImpl.execute(JDBCStatementImpl.java:332)
	at org.jkiss.dbeaver.model.impl.jdbc.exec.JDBCStatementImpl.executeStatement(JDBCStatementImpl.java:131)
	at org.jkiss.dbeaver.ui.editors.sql.execute.SQLQueryJob.executeStatement(SQLQueryJob.java:631)
	at org.jkiss.dbeaver.ui.editors.sql.execute.SQLQueryJob.lambda$2(SQLQueryJob.java:522)
	at org.jkiss.dbeaver.model.exec.DBExecUtils.tryExecuteRecover(DBExecUtils.java:192)
	at org.jkiss.dbeaver.ui.editors.sql.execute.SQLQueryJob.executeSingleQuery(SQLQueryJob.java:541)
	at org.jkiss.dbeaver.ui.editors.sql.execute.SQLQueryJob.extractData(SQLQueryJob.java:1001)
	at org.jkiss.dbeaver.ui.editors.sql.SQLEditor$QueryResultsContainer.readData(SQLEditor.java:4231)
	at org.jkiss.dbeaver.ui.controls.resultset.ResultSetJobDataRead.lambda$0(ResultSetJobDataRead.java:128)
	at org.jkiss.dbeaver.model.exec.DBExecUtils.tryExecuteRecover(DBExecUtils.java:192)
	at org.jkiss.dbeaver.ui.controls.resultset.ResultSetJobDataRead.run(ResultSetJobDataRead.java:126)
	at org.jkiss.dbeaver.ui.controls.resultset.ResultSetViewer$ResultSetDataPumpJob.run(ResultSetViewer.java:5160)
	at org.jkiss.dbeaver.model.runtime.AbstractJob.run(AbstractJob.java:117)
	at org.eclipse.core.internal.jobs.Worker.run(Worker.java:63)

!ENTRY org.jkiss.dbeaver.model 4 0 2024-09-19 09:18:23.435
!MESSAGE SQL Error [955] [42000]: ORA-00955: 기존의 객체가 이름을 사용하고 있습니다.

!SUBENTRY 1 org.jkiss.dbeaver.model 4 0 2024-09-19 09:18:23.435
!MESSAGE Error : 955, Position : 13, Sql = CREATE TABLE menu
(
  menuNo  NUMBER(10)    NOT NULL,
  name    NVARCHAR2(20) NOT NULL UNIQUE,
  price   NUMBER(30)    NOT NULL,
  orderNo NUMBER(10)    NOT NULL UNIQUE,
  CONSTRAINT PK_menu PRIMARY KEY (menuNo)
), OriginalSql = CREATE TABLE menu
(
  menuNo  NUMBER(10)    NOT NULL,
  name    NVARCHAR2(20) NOT NULL UNIQUE,
  price   NUMBER(30)    NOT NULL,
  orderNo NUMBER(10)    NOT NULL UNIQUE,
  CONSTRAINT PK_menu PRIMARY KEY (menuNo)
), Error Msg = ORA-00955: 기존의 객체가 이름을 사용하고 있습니다.

!STACK 0
Error : 955, Position : 13, Sql = CREATE TABLE menu
(
  menuNo  NUMBER(10)    NOT NULL,
  name    NVARCHAR2(20) NOT NULL UNIQUE,
  price   NUMBER(30)    NOT NULL,
  orderNo NUMBER(10)    NOT NULL UNIQUE,
  CONSTRAINT PK_menu PRIMARY KEY (menuNo)
), OriginalSql = CREATE TABLE menu
(
  menuNo  NUMBER(10)    NOT NULL,
  name    NVARCHAR2(20) NOT NULL UNIQUE,
  price   NUMBER(30)    NOT NULL,
  orderNo NUMBER(10)    NOT NULL UNIQUE,
  CONSTRAINT PK_menu PRIMARY KEY (menuNo)
), Error Msg = ORA-00955: 기존의 객체가 이름을 사용하고 있습니다.

	at oracle.jdbc.driver.T4CTTIoer11.processError(T4CTTIoer11.java:637)
	at oracle.jdbc.driver.T4CTTIoer11.processError(T4CTTIoer11.java:564)
	at oracle.jdbc.driver.T4C8Oall.processError(T4C8Oall.java:1231)
	at oracle.jdbc.driver.T4CTTIfun.receive(T4CTTIfun.java:772)
	at oracle.jdbc.driver.T4CTTIfun.doRPC(T4CTTIfun.java:299)
	at oracle.jdbc.driver.T4C8Oall.doOALL(T4C8Oall.java:512)
	at oracle.jdbc.driver.T4CStatement.doOall8(T4CStatement.java:123)
	at oracle.jdbc.driver.T4CStatement.executeForRows(T4CStatement.java:1200)
	at oracle.jdbc.driver.OracleStatement.executeSQLStatement(OracleStatement.java:1820)
	at oracle.jdbc.driver.OracleStatement.doExecuteWithTimeout(OracleStatement.java:1472)
	at oracle.jdbc.driver.OracleStatement.executeInternal(OracleStatement.java:2505)
	at oracle.jdbc.driver.OracleStatement.execute(OracleStatement.java:2460)
	at oracle.jdbc.driver.OracleStatementWrapper.execute(OracleStatementWrapper.java:328)
	at org.jkiss.dbeaver.model.impl.jdbc.exec.JDBCStatementImpl.execute(JDBCStatementImpl.java:332)
	at org.jkiss.dbeaver.model.impl.jdbc.exec.JDBCStatementImpl.executeStatement(JDBCStatementImpl.java:131)
	at org.jkiss.dbeaver.ui.editors.sql.execute.SQLQueryJob.executeStatement(SQLQueryJob.java:631)
	at org.jkiss.dbeaver.ui.editors.sql.execute.SQLQueryJob.lambda$2(SQLQueryJob.java:522)
	at org.jkiss.dbeaver.model.exec.DBExecUtils.tryExecuteRecover(DBExecUtils.java:192)
	at org.jkiss.dbeaver.ui.editors.sql.execute.SQLQueryJob.executeSingleQuery(SQLQueryJob.java:541)
	at org.jkiss.dbeaver.ui.editors.sql.execute.SQLQueryJob.extractData(SQLQueryJob.java:1001)
	at org.jkiss.dbeaver.ui.editors.sql.SQLEditor$QueryResultsContainer.readData(SQLEditor.java:4231)
	at org.jkiss.dbeaver.ui.controls.resultset.ResultSetJobDataRead.lambda$0(ResultSetJobDataRead.java:128)
	at org.jkiss.dbeaver.model.exec.DBExecUtils.tryExecuteRecover(DBExecUtils.java:192)
	at org.jkiss.dbeaver.ui.controls.resultset.ResultSetJobDataRead.run(ResultSetJobDataRead.java:126)
	at org.jkiss.dbeaver.ui.controls.resultset.ResultSetViewer$ResultSetDataPumpJob.run(ResultSetViewer.java:5160)
	at org.jkiss.dbeaver.model.runtime.AbstractJob.run(AbstractJob.java:117)
	at org.eclipse.core.internal.jobs.Worker.run(Worker.java:63)

!ENTRY org.jkiss.dbeaver.model 4 0 2024-09-19 09:18:46.415
!MESSAGE SQL Error [2261] [42000]: ORA-02261: 고유 키 또는 기본 키가 이미 존재하고 있습니다

!SUBENTRY 1 org.jkiss.dbeaver.model 4 0 2024-09-19 09:18:46.415
!MESSAGE Error : 2261, Position : 48, Sql = ALTER TABLE orders
  ADD CONSTRAINT UQ_orderNo UNIQUE (orderNo), OriginalSql = ALTER TABLE orders
  ADD CONSTRAINT UQ_orderNo UNIQUE (orderNo), Error Msg = ORA-02261: 고유 키 또는 기본 키가 이미 존재하고 있습니다

!STACK 0
Error : 2261, Position : 48, Sql = ALTER TABLE orders
  ADD CONSTRAINT UQ_orderNo UNIQUE (orderNo), OriginalSql = ALTER TABLE orders
  ADD CONSTRAINT UQ_orderNo UNIQUE (orderNo), Error Msg = ORA-02261: 고유 키 또는 기본 키가 이미 존재하고 있습니다

	at oracle.jdbc.driver.T4CTTIoer11.processError(T4CTTIoer11.java:637)
	at oracle.jdbc.driver.T4CTTIoer11.processError(T4CTTIoer11.java:564)
	at oracle.jdbc.driver.T4C8Oall.processError(T4C8Oall.java:1231)
	at oracle.jdbc.driver.T4CTTIfun.receive(T4CTTIfun.java:772)
	at oracle.jdbc.driver.T4CTTIfun.doRPC(T4CTTIfun.java:299)
	at oracle.jdbc.driver.T4C8Oall.doOALL(T4C8Oall.java:512)
	at oracle.jdbc.driver.T4CStatement.doOall8(T4CStatement.java:123)
	at oracle.jdbc.driver.T4CStatement.executeForRows(T4CStatement.java:1200)
	at oracle.jdbc.driver.OracleStatement.executeSQLStatement(OracleStatement.java:1820)
	at oracle.jdbc.driver.OracleStatement.doExecuteWithTimeout(OracleStatement.java:1472)
	at oracle.jdbc.driver.OracleStatement.executeInternal(OracleStatement.java:2505)
	at oracle.jdbc.driver.OracleStatement.execute(OracleStatement.java:2460)
	at oracle.jdbc.driver.OracleStatementWrapper.execute(OracleStatementWrapper.java:328)
	at org.jkiss.dbeaver.model.impl.jdbc.exec.JDBCStatementImpl.execute(JDBCStatementImpl.java:332)
	at org.jkiss.dbeaver.model.impl.jdbc.exec.JDBCStatementImpl.executeStatement(JDBCStatementImpl.java:131)
	at org.jkiss.dbeaver.ui.editors.sql.execute.SQLQueryJob.executeStatement(SQLQueryJob.java:631)
	at org.jkiss.dbeaver.ui.editors.sql.execute.SQLQueryJob.lambda$2(SQLQueryJob.java:522)
	at org.jkiss.dbeaver.model.exec.DBExecUtils.tryExecuteRecover(DBExecUtils.java:192)
	at org.jkiss.dbeaver.ui.editors.sql.execute.SQLQueryJob.executeSingleQuery(SQLQueryJob.java:541)
	at org.jkiss.dbeaver.ui.editors.sql.execute.SQLQueryJob.extractData(SQLQueryJob.java:1001)
	at org.jkiss.dbeaver.ui.editors.sql.SQLEditor$QueryResultsContainer.readData(SQLEditor.java:4231)
	at org.jkiss.dbeaver.ui.controls.resultset.ResultSetJobDataRead.lambda$0(ResultSetJobDataRead.java:128)
	at org.jkiss.dbeaver.model.exec.DBExecUtils.tryExecuteRecover(DBExecUtils.java:192)
	at org.jkiss.dbeaver.ui.controls.resultset.ResultSetJobDataRead.run(ResultSetJobDataRead.java:126)
	at org.jkiss.dbeaver.ui.controls.resultset.ResultSetViewer$ResultSetDataPumpJob.run(ResultSetViewer.java:5160)
	at org.jkiss.dbeaver.model.runtime.AbstractJob.run(AbstractJob.java:117)
	at org.eclipse.core.internal.jobs.Worker.run(Worker.java:63)

!ENTRY org.jkiss.dbeaver.model 4 0 2024-09-19 09:19:14.410
!MESSAGE Error : 1031, Position : 0, Sql = DROP USER "C##P_PRO_OREDERPASS" CASCADE, OriginalSql = DROP USER "C##P_PRO_OREDERPASS" CASCADE, Error Msg = ORA-01031: 권한이 불충분합니다

!SUBENTRY 1 org.jkiss.dbeaver.model 4 0 2024-09-19 09:19:14.410
!MESSAGE Error : 1031, Position : 0, Sql = DROP USER "C##P_PRO_OREDERPASS" CASCADE, OriginalSql = DROP USER "C##P_PRO_OREDERPASS" CASCADE, Error Msg = ORA-01031: 권한이 불충분합니다

!STACK 0
Error : 1031, Position : 0, Sql = DROP USER "C##P_PRO_OREDERPASS" CASCADE, OriginalSql = DROP USER "C##P_PRO_OREDERPASS" CASCADE, Error Msg = ORA-01031: 권한이 불충분합니다

	at oracle.jdbc.driver.T4CTTIoer11.processError(T4CTTIoer11.java:637)
	at oracle.jdbc.driver.T4CTTIoer11.processError(T4CTTIoer11.java:564)
	at oracle.jdbc.driver.T4C8Oall.processError(T4C8Oall.java:1231)
	at oracle.jdbc.driver.T4CTTIfun.receive(T4CTTIfun.java:772)
	at oracle.jdbc.driver.T4CTTIfun.doRPC(T4CTTIfun.java:299)
	at oracle.jdbc.driver.T4C8Oall.doOALL(T4C8Oall.java:512)
	at oracle.jdbc.driver.T4CStatement.doOall8(T4CStatement.java:123)
	at oracle.jdbc.driver.T4CStatement.executeForRows(T4CStatement.java:1200)
	at oracle.jdbc.driver.OracleStatement.executeSQLStatement(OracleStatement.java:1820)
	at oracle.jdbc.driver.OracleStatement.doExecuteWithTimeout(OracleStatement.java:1472)
	at oracle.jdbc.driver.OracleStatement.executeInternal(OracleStatement.java:2505)
	at oracle.jdbc.driver.OracleStatement.execute(OracleStatement.java:2460)
	at oracle.jdbc.driver.OracleStatementWrapper.execute(OracleStatementWrapper.java:328)
	at org.jkiss.dbeaver.model.impl.jdbc.exec.JDBCStatementImpl.execute(JDBCStatementImpl.java:332)
	at org.jkiss.dbeaver.model.impl.jdbc.exec.JDBCStatementImpl.executeStatement(JDBCStatementImpl.java:131)
	at org.jkiss.dbeaver.model.exec.DBExecUtils.executePersistAction(DBExecUtils.java:361)
	at org.jkiss.dbeaver.model.impl.edit.AbstractObjectManager.executePersistAction(AbstractObjectManager.java:40)
	at org.jkiss.dbeaver.model.impl.edit.AbstractCommandContext.executeCommands(AbstractCommandContext.java:198)
	at org.jkiss.dbeaver.model.impl.edit.AbstractCommandContext.saveChanges(AbstractCommandContext.java:125)
	at org.jkiss.dbeaver.ui.navigator.actions.NavigatorHandlerObjectBase$ObjectSaver.run(NavigatorHandlerObjectBase.java:297)
	at org.jkiss.dbeaver.runtime.TasksJob.run(TasksJob.java:58)
	at org.jkiss.dbeaver.model.runtime.AbstractJob.run(AbstractJob.java:117)
	at org.eclipse.core.internal.jobs.Worker.run(Worker.java:63)

!ENTRY org.jkiss.dbeaver.model 4 0 2024-09-19 09:20:17.660
!MESSAGE Error : 1031, Position : 0, Sql = DROP USER "C##P_PRO_OREDERPASS" CASCADE, OriginalSql = DROP USER "C##P_PRO_OREDERPASS" CASCADE, Error Msg = ORA-01031: 권한이 불충분합니다

!SUBENTRY 1 org.jkiss.dbeaver.model 4 0 2024-09-19 09:20:17.660
!MESSAGE Error : 1031, Position : 0, Sql = DROP USER "C##P_PRO_OREDERPASS" CASCADE, OriginalSql = DROP USER "C##P_PRO_OREDERPASS" CASCADE, Error Msg = ORA-01031: 권한이 불충분합니다

!STACK 0
Error : 1031, Position : 0, Sql = DROP USER "C##P_PRO_OREDERPASS" CASCADE, OriginalSql = DROP USER "C##P_PRO_OREDERPASS" CASCADE, Error Msg = ORA-01031: 권한이 불충분합니다

	at oracle.jdbc.driver.T4CTTIoer11.processError(T4CTTIoer11.java:637)
	at oracle.jdbc.driver.T4CTTIoer11.processError(T4CTTIoer11.java:564)
	at oracle.jdbc.driver.T4C8Oall.processError(T4C8Oall.java:1231)
	at oracle.jdbc.driver.T4CTTIfun.receive(T4CTTIfun.java:772)
	at oracle.jdbc.driver.T4CTTIfun.doRPC(T4CTTIfun.java:299)
	at oracle.jdbc.driver.T4C8Oall.doOALL(T4C8Oall.java:512)
	at oracle.jdbc.driver.T4CStatement.doOall8(T4CStatement.java:123)
	at oracle.jdbc.driver.T4CStatement.executeForRows(T4CStatement.java:1200)
	at oracle.jdbc.driver.OracleStatement.executeSQLStatement(OracleStatement.java:1820)
	at oracle.jdbc.driver.OracleStatement.doExecuteWithTimeout(OracleStatement.java:1472)
	at oracle.jdbc.driver.OracleStatement.executeInternal(OracleStatement.java:2505)
	at oracle.jdbc.driver.OracleStatement.execute(OracleStatement.java:2460)
	at oracle.jdbc.driver.OracleStatementWrapper.execute(OracleStatementWrapper.java:328)
	at org.jkiss.dbeaver.model.impl.jdbc.exec.JDBCStatementImpl.execute(JDBCStatementImpl.java:332)
	at org.jkiss.dbeaver.model.impl.jdbc.exec.JDBCStatementImpl.executeStatement(JDBCStatementImpl.java:131)
	at org.jkiss.dbeaver.model.exec.DBExecUtils.executePersistAction(DBExecUtils.java:361)
	at org.jkiss.dbeaver.model.impl.edit.AbstractObjectManager.executePersistAction(AbstractObjectManager.java:40)
	at org.jkiss.dbeaver.model.impl.edit.AbstractCommandContext.executeCommands(AbstractCommandContext.java:198)
	at org.jkiss.dbeaver.model.impl.edit.AbstractCommandContext.saveChanges(AbstractCommandContext.java:125)
	at org.jkiss.dbeaver.ui.navigator.actions.NavigatorHandlerObjectBase$ObjectSaver.run(NavigatorHandlerObjectBase.java:297)
	at org.jkiss.dbeaver.runtime.TasksJob.run(TasksJob.java:58)
	at org.jkiss.dbeaver.model.runtime.AbstractJob.run(AbstractJob.java:117)
	at org.eclipse.core.internal.jobs.Worker.run(Worker.java:63)

!ENTRY org.jkiss.dbeaver.model 4 0 2024-09-19 09:21:06.050
!MESSAGE SQL Error [922] [42000]: ORA-00922: 누락된 또는 부적합한 옵션

!SUBENTRY 1 org.jkiss.dbeaver.model 4 0 2024-09-19 09:21:06.050
!MESSAGE Error : 922, Position : 253, Sql = CREATE TABLE cafe
(
  cafeCode  NVARCHAR2(20) NOT NULL,
  name      NVARCHAR2(10) NOT NULL,
  president VARCHAR2(10)  NOT NULL,
  tel       NVARCHAR2(20) NOT NULL,
  loc       NVARCHAR2(30) NOT NULL,
  CONSTRAINT PK_cafe PRIMARY KEY (cafeCode)
);

ALTER TABLE cafe
  ADD CONSTRAINT UQ_name UNIQUE (name);

ALTER TABLE cafe
  ADD CONSTRAINT UQ_president UNIQUE (president);

ALTER TABLE cafe
  ADD CONSTRAINT UQ_tel UNIQUE (tel);

ALTER TABLE cafe
  ADD CONSTRAINT UQ_loc UNIQUE (loc);

CREATE TABLE customer
(
  id         NVARCHAR2(20) NOT NULL,
  pwd        NVARCHAR2(20) NOT NULL,
  name       VARCHAR2(10)  NOT NULL,
  residentNo NVARCHAR2(30) NOT NULL,
  phoneNo    VARCHAR2(20)  NOT NULL,
  addr       NVARCHAR2(30),
  orderNo    NUMBER(10)    NOT NULL,
  CONSTRAINT PK_customer PRIMARY KEY (id)
);

ALTER TABLE customer
  ADD CONSTRAINT UQ_pwd UNIQUE (pwd);

ALTER TABLE customer
  ADD CONSTRAINT UQ_residentNo UNIQUE (residentNo);

ALTER TABLE customer
  ADD CONSTRAINT UQ_phoneNo UNIQUE (phoneNo);

ALTER TABLE customer
  ADD CONSTRAINT UQ_addr UNIQUE (addr);

ALTER TABLE customer
  ADD CONSTRAINT UQ_orderNo UNIQUE (orderNo);

CREATE TABLE hotIce
(
  menuNo      NUMBER(10)    NOT NULL,
  temperature NVARCHAR2(10) NOT NULL
);

ALTER TABLE hotIce
  ADD CONSTRAINT UQ_menuNo UNIQUE (menuNo);

ALTER TABLE hotIce
  ADD CONSTRAINT UQ_temperature UNIQUE (temperature);

CREATE TABLE menu
(
  menuNo  NUMBER(10)    NOT NULL,
  name    NVARCHAR2(20) NOT NULL,
  price   NUMBER(30)    NOT NULL,
  orderNo NUMBER(10)    NOT NULL,
  CONSTRAINT PK_menu PRIMARY KEY (menuNo)
);


CREATE TABLE orders
(
  orderNo  NUMBER(10)    NOT NULL,
  cafeCode NVARCHAR2(20) NOT NULL,
  CONSTRAINT PK_orders PRIMARY KEY (orderNo)
);

ALTER TABLE customer
  ADD CONSTRAINT FK_orders_TO_customer
    FOREIGN KEY (orderNo)
    REFERENCES orders (orderNo);

ALTER TABLE orders
  ADD CONSTRAINT FK_cafe_TO_orders
    FOREIGN KEY (cafeCode)
    REFERENCES cafe (cafeCode);

ALTER TABLE menu
  ADD CONSTRAINT FK_orders_TO_menu
    FOREIGN KEY (orderNo)
    REFERENCES orders (orderNo);

ALTER TABLE hotIce
  ADD CONSTRAINT FK_menu_TO_hotIce
    FOREIGN KEY (menuNo)
    REFERENCES menu (menuNo), OriginalSql = CREATE TABLE cafe
(
  cafeCode  NVARCHAR2(20) NOT NULL,
  name      NVARCHAR2(10) NOT NULL,
  president VARCHAR2(10)  NOT NULL,
  tel       NVARCHAR2(20) NOT NULL,
  loc       NVARCHAR2(30) NOT NULL,
  CONSTRAINT PK_cafe PRIMARY KEY (cafeCode)
);

ALTER TABLE cafe
  ADD CONSTRAINT UQ_name UNIQUE (name);

ALTER TABLE cafe
  ADD CONSTRAINT UQ_president UNIQUE (president);

ALTER TABLE cafe
  ADD CONSTRAINT UQ_tel UNIQUE (tel);

ALTER TABLE cafe
  ADD CONSTRAINT UQ_loc UNIQUE (loc);

CREATE TABLE customer
(
  id         NVARCHAR2(20) NOT NULL,
  pwd        NVARCHAR2(20) NOT NULL,
  name       VARCHAR2(10)  NOT NULL,
  residentNo NVARCHAR2(30) NOT NULL,
  phoneNo    VARCHAR2(20)  NOT NULL,
  addr       NVARCHAR2(30),
  orderNo    NUMBER(10)    NOT NULL,
  CONSTRAINT PK_customer PRIMARY KEY (id)
);

ALTER TABLE customer
  ADD CONSTRAINT UQ_pwd UNIQUE (pwd);

ALTER TABLE customer
  ADD CONSTRAINT UQ_residentNo UNIQUE (residentNo);

ALTER TABLE customer
  ADD CONSTRAINT UQ_phoneNo UNIQUE (phoneNo);

ALTER TABLE customer
  ADD CONSTRAINT UQ_addr UNIQUE (addr);

ALTER TABLE customer
  ADD CONSTRAINT UQ_orderNo UNIQUE (orderNo);

CREATE TABLE hotIce
(
  menuNo      NUMBER(10)    NOT NULL,
  temperature NVARCHAR2(10) NOT NULL
);

ALTER TABLE hotIce
  ADD CONSTRAINT UQ_menuNo UNIQUE (menuNo);

ALTER TABLE hotIce
  ADD CONSTRAINT UQ_temperature UNIQUE (temperature);

CREATE TABLE menu
(
  menuNo  NUMBER(10)    NOT NULL,
  name    NVARCHAR2(20) NOT NULL,
  price   NUMBER(30)    NOT NULL,
  orderNo NUMBER(10)    NOT NULL,
  CONSTRAINT PK_menu PRIMARY KEY (menuNo)
);


CREATE TABLE orders
(
  orderNo  NUMBER(10)    NOT NULL,
  cafeCode NVARCHAR2(20) NOT NULL,
  CONSTRAINT PK_orders PRIMARY KEY (orderNo)
);

ALTER TABLE customer
  ADD CONSTRAINT FK_orders_TO_customer
    FOREIGN KEY (orderNo)
    REFERENCES orders (orderNo);

ALTER TABLE orders
  ADD CONSTRAINT FK_cafe_TO_orders
    FOREIGN KEY (cafeCode)
    REFERENCES cafe (cafeCode);

ALTER TABLE menu
  ADD CONSTRAINT FK_orders_TO_menu
    FOREIGN KEY (orderNo)
    REFERENCES orders (orderNo);

ALTER TABLE hotIce
  ADD CONSTRAINT FK_menu_TO_hotIce
    FOREIGN KEY (menuNo)
    REFERENCES menu (menuNo), Error Msg = ORA-00922: 누락된 또는 부적합한 옵션

!STACK 0
Error : 922, Position : 253, Sql = CREATE TABLE cafe
(
  cafeCode  NVARCHAR2(20) NOT NULL,
  name      NVARCHAR2(10) NOT NULL,
  president VARCHAR2(10)  NOT NULL,
  tel       NVARCHAR2(20) NOT NULL,
  loc       NVARCHAR2(30) NOT NULL,
  CONSTRAINT PK_cafe PRIMARY KEY (cafeCode)
);

ALTER TABLE cafe
  ADD CONSTRAINT UQ_name UNIQUE (name);

ALTER TABLE cafe
  ADD CONSTRAINT UQ_president UNIQUE (president);

ALTER TABLE cafe
  ADD CONSTRAINT UQ_tel UNIQUE (tel);

ALTER TABLE cafe
  ADD CONSTRAINT UQ_loc UNIQUE (loc);

CREATE TABLE customer
(
  id         NVARCHAR2(20) NOT NULL,
  pwd        NVARCHAR2(20) NOT NULL,
  name       VARCHAR2(10)  NOT NULL,
  residentNo NVARCHAR2(30) NOT NULL,
  phoneNo    VARCHAR2(20)  NOT NULL,
  addr       NVARCHAR2(30),
  orderNo    NUMBER(10)    NOT NULL,
  CONSTRAINT PK_customer PRIMARY KEY (id)
);

ALTER TABLE customer
  ADD CONSTRAINT UQ_pwd UNIQUE (pwd);

ALTER TABLE customer
  ADD CONSTRAINT UQ_residentNo UNIQUE (residentNo);

ALTER TABLE customer
  ADD CONSTRAINT UQ_phoneNo UNIQUE (phoneNo);

ALTER TABLE customer
  ADD CONSTRAINT UQ_addr UNIQUE (addr);

ALTER TABLE customer
  ADD CONSTRAINT UQ_orderNo UNIQUE (orderNo);

CREATE TABLE hotIce
(
  menuNo      NUMBER(10)    NOT NULL,
  temperature NVARCHAR2(10) NOT NULL
);

ALTER TABLE hotIce
  ADD CONSTRAINT UQ_menuNo UNIQUE (menuNo);

ALTER TABLE hotIce
  ADD CONSTRAINT UQ_temperature UNIQUE (temperature);

CREATE TABLE menu
(
  menuNo  NUMBER(10)    NOT NULL,
  name    NVARCHAR2(20) NOT NULL,
  price   NUMBER(30)    NOT NULL,
  orderNo NUMBER(10)    NOT NULL,
  CONSTRAINT PK_menu PRIMARY KEY (menuNo)
);


CREATE TABLE orders
(
  orderNo  NUMBER(10)    NOT NULL,
  cafeCode NVARCHAR2(20) NOT NULL,
  CONSTRAINT PK_orders PRIMARY KEY (orderNo)
);

ALTER TABLE customer
  ADD CONSTRAINT FK_orders_TO_customer
    FOREIGN KEY (orderNo)
    REFERENCES orders (orderNo);

ALTER TABLE orders
  ADD CONSTRAINT FK_cafe_TO_orders
    FOREIGN KEY (cafeCode)
    REFERENCES cafe (cafeCode);

ALTER TABLE menu
  ADD CONSTRAINT FK_orders_TO_menu
    FOREIGN KEY (orderNo)
    REFERENCES orders (orderNo);

ALTER TABLE hotIce
  ADD CONSTRAINT FK_menu_TO_hotIce
    FOREIGN KEY (menuNo)
    REFERENCES menu (menuNo), OriginalSql = CREATE TABLE cafe
(
  cafeCode  NVARCHAR2(20) NOT NULL,
  name      NVARCHAR2(10) NOT NULL,
  president VARCHAR2(10)  NOT NULL,
  tel       NVARCHAR2(20) NOT NULL,
  loc       NVARCHAR2(30) NOT NULL,
  CONSTRAINT PK_cafe PRIMARY KEY (cafeCode)
);

ALTER TABLE cafe
  ADD CONSTRAINT UQ_name UNIQUE (name);

ALTER TABLE cafe
  ADD CONSTRAINT UQ_president UNIQUE (president);

ALTER TABLE cafe
  ADD CONSTRAINT UQ_tel UNIQUE (tel);

ALTER TABLE cafe
  ADD CONSTRAINT UQ_loc UNIQUE (loc);

CREATE TABLE customer
(
  id         NVARCHAR2(20) NOT NULL,
  pwd        NVARCHAR2(20) NOT NULL,
  name       VARCHAR2(10)  NOT NULL,
  residentNo NVARCHAR2(30) NOT NULL,
  phoneNo    VARCHAR2(20)  NOT NULL,
  addr       NVARCHAR2(30),
  orderNo    NUMBER(10)    NOT NULL,
  CONSTRAINT PK_customer PRIMARY KEY (id)
);

ALTER TABLE customer
  ADD CONSTRAINT UQ_pwd UNIQUE (pwd);

ALTER TABLE customer
  ADD CONSTRAINT UQ_residentNo UNIQUE (residentNo);

ALTER TABLE customer
  ADD CONSTRAINT UQ_phoneNo UNIQUE (phoneNo);

ALTER TABLE customer
  ADD CONSTRAINT UQ_addr UNIQUE (addr);

ALTER TABLE customer
  ADD CONSTRAINT UQ_orderNo UNIQUE (orderNo);

CREATE TABLE hotIce
(
  menuNo      NUMBER(10)    NOT NULL,
  temperature NVARCHAR2(10) NOT NULL
);

ALTER TABLE hotIce
  ADD CONSTRAINT UQ_menuNo UNIQUE (menuNo);

ALTER TABLE hotIce
  ADD CONSTRAINT UQ_temperature UNIQUE (temperature);

CREATE TABLE menu
(
  menuNo  NUMBER(10)    NOT NULL,
  name    NVARCHAR2(20) NOT NULL,
  price   NUMBER(30)    NOT NULL,
  orderNo NUMBER(10)    NOT NULL,
  CONSTRAINT PK_menu PRIMARY KEY (menuNo)
);


CREATE TABLE orders
(
  orderNo  NUMBER(10)    NOT NULL,
  cafeCode NVARCHAR2(20) NOT NULL,
  CONSTRAINT PK_orders PRIMARY KEY (orderNo)
);

ALTER TABLE customer
  ADD CONSTRAINT FK_orders_TO_customer
    FOREIGN KEY (orderNo)
    REFERENCES orders (orderNo);

ALTER TABLE orders
  ADD CONSTRAINT FK_cafe_TO_orders
    FOREIGN KEY (cafeCode)
    REFERENCES cafe (cafeCode);

ALTER TABLE menu
  ADD CONSTRAINT FK_orders_TO_menu
    FOREIGN KEY (orderNo)
    REFERENCES orders (orderNo);

ALTER TABLE hotIce
  ADD CONSTRAINT FK_menu_TO_hotIce
    FOREIGN KEY (menuNo)
    REFERENCES menu (menuNo), Error Msg = ORA-00922: 누락된 또는 부적합한 옵션

	at oracle.jdbc.driver.T4CTTIoer11.processError(T4CTTIoer11.java:637)
	at oracle.jdbc.driver.T4CTTIoer11.processError(T4CTTIoer11.java:564)
	at oracle.jdbc.driver.T4C8Oall.processError(T4C8Oall.java:1231)
	at oracle.jdbc.driver.T4CTTIfun.receive(T4CTTIfun.java:772)
	at oracle.jdbc.driver.T4CTTIfun.doRPC(T4CTTIfun.java:299)
	at oracle.jdbc.driver.T4C8Oall.doOALL(T4C8Oall.java:512)
	at oracle.jdbc.driver.T4CStatement.doOall8(T4CStatement.java:123)
	at oracle.jdbc.driver.T4CStatement.executeForRows(T4CStatement.java:1200)
	at oracle.jdbc.driver.OracleStatement.executeSQLStatement(OracleStatement.java:1820)
	at oracle.jdbc.driver.OracleStatement.doExecuteWithTimeout(OracleStatement.java:1472)
	at oracle.jdbc.driver.OracleStatement.executeInternal(OracleStatement.java:2505)
	at oracle.jdbc.driver.OracleStatement.execute(OracleStatement.java:2460)
	at oracle.jdbc.driver.OracleStatementWrapper.execute(OracleStatementWrapper.java:328)
	at org.jkiss.dbeaver.model.impl.jdbc.exec.JDBCStatementImpl.execute(JDBCStatementImpl.java:332)
	at org.jkiss.dbeaver.model.impl.jdbc.exec.JDBCStatementImpl.executeStatement(JDBCStatementImpl.java:131)
	at org.jkiss.dbeaver.ui.editors.sql.execute.SQLQueryJob.executeStatement(SQLQueryJob.java:631)
	at org.jkiss.dbeaver.ui.editors.sql.execute.SQLQueryJob.lambda$2(SQLQueryJob.java:522)
	at org.jkiss.dbeaver.model.exec.DBExecUtils.tryExecuteRecover(DBExecUtils.java:192)
	at org.jkiss.dbeaver.ui.editors.sql.execute.SQLQueryJob.executeSingleQuery(SQLQueryJob.java:541)
	at org.jkiss.dbeaver.ui.editors.sql.execute.SQLQueryJob.extractData(SQLQueryJob.java:1001)
	at org.jkiss.dbeaver.ui.editors.sql.SQLEditor$QueryResultsContainer.readData(SQLEditor.java:4231)
	at org.jkiss.dbeaver.ui.controls.resultset.ResultSetJobDataRead.lambda$0(ResultSetJobDataRead.java:128)
	at org.jkiss.dbeaver.model.exec.DBExecUtils.tryExecuteRecover(DBExecUtils.java:192)
	at org.jkiss.dbeaver.ui.controls.resultset.ResultSetJobDataRead.run(ResultSetJobDataRead.java:126)
	at org.jkiss.dbeaver.ui.controls.resultset.ResultSetViewer$ResultSetDataPumpJob.run(ResultSetViewer.java:5160)
	at org.jkiss.dbeaver.model.runtime.AbstractJob.run(AbstractJob.java:117)
	at org.eclipse.core.internal.jobs.Worker.run(Worker.java:63)

!ENTRY org.jkiss.dbeaver.model 4 0 2024-09-19 09:21:26.322
!MESSAGE SQL Error [1735] [42000]: ORA-01735: 부적합한 ALTER TABLE 옵션입니다

!SUBENTRY 1 org.jkiss.dbeaver.model 4 0 2024-09-19 09:21:26.322
!MESSAGE Error : 1735, Position : 56, Sql = ALTER TABLE cafe
  ADD CONSTRAINT UQ_name UNIQUE (name);

ALTER TABLE cafe
  ADD CONSTRAINT UQ_president UNIQUE (president);

ALTER TABLE cafe
  ADD CONSTRAINT UQ_tel UNIQUE (tel);

ALTER TABLE cafe
  ADD CONSTRAINT UQ_loc UNIQUE (loc), OriginalSql = ALTER TABLE cafe
  ADD CONSTRAINT UQ_name UNIQUE (name);

ALTER TABLE cafe
  ADD CONSTRAINT UQ_president UNIQUE (president);

ALTER TABLE cafe
  ADD CONSTRAINT UQ_tel UNIQUE (tel);

ALTER TABLE cafe
  ADD CONSTRAINT UQ_loc UNIQUE (loc), Error Msg = ORA-01735: 부적합한 ALTER TABLE 옵션입니다

!STACK 0
Error : 1735, Position : 56, Sql = ALTER TABLE cafe
  ADD CONSTRAINT UQ_name UNIQUE (name);

ALTER TABLE cafe
  ADD CONSTRAINT UQ_president UNIQUE (president);

ALTER TABLE cafe
  ADD CONSTRAINT UQ_tel UNIQUE (tel);

ALTER TABLE cafe
  ADD CONSTRAINT UQ_loc UNIQUE (loc), OriginalSql = ALTER TABLE cafe
  ADD CONSTRAINT UQ_name UNIQUE (name);

ALTER TABLE cafe
  ADD CONSTRAINT UQ_president UNIQUE (president);

ALTER TABLE cafe
  ADD CONSTRAINT UQ_tel UNIQUE (tel);

ALTER TABLE cafe
  ADD CONSTRAINT UQ_loc UNIQUE (loc), Error Msg = ORA-01735: 부적합한 ALTER TABLE 옵션입니다

	at oracle.jdbc.driver.T4CTTIoer11.processError(T4CTTIoer11.java:637)
	at oracle.jdbc.driver.T4CTTIoer11.processError(T4CTTIoer11.java:564)
	at oracle.jdbc.driver.T4C8Oall.processError(T4C8Oall.java:1231)
	at oracle.jdbc.driver.T4CTTIfun.receive(T4CTTIfun.java:772)
	at oracle.jdbc.driver.T4CTTIfun.doRPC(T4CTTIfun.java:299)
	at oracle.jdbc.driver.T4C8Oall.doOALL(T4C8Oall.java:512)
	at oracle.jdbc.driver.T4CStatement.doOall8(T4CStatement.java:123)
	at oracle.jdbc.driver.T4CStatement.executeForRows(T4CStatement.java:1200)
	at oracle.jdbc.driver.OracleStatement.executeSQLStatement(OracleStatement.java:1820)
	at oracle.jdbc.driver.OracleStatement.doExecuteWithTimeout(OracleStatement.java:1472)
	at oracle.jdbc.driver.OracleStatement.executeInternal(OracleStatement.java:2505)
	at oracle.jdbc.driver.OracleStatement.execute(OracleStatement.java:2460)
	at oracle.jdbc.driver.OracleStatementWrapper.execute(OracleStatementWrapper.java:328)
	at org.jkiss.dbeaver.model.impl.jdbc.exec.JDBCStatementImpl.execute(JDBCStatementImpl.java:332)
	at org.jkiss.dbeaver.model.impl.jdbc.exec.JDBCStatementImpl.executeStatement(JDBCStatementImpl.java:131)
	at org.jkiss.dbeaver.ui.editors.sql.execute.SQLQueryJob.executeStatement(SQLQueryJob.java:631)
	at org.jkiss.dbeaver.ui.editors.sql.execute.SQLQueryJob.lambda$2(SQLQueryJob.java:522)
	at org.jkiss.dbeaver.model.exec.DBExecUtils.tryExecuteRecover(DBExecUtils.java:192)
	at org.jkiss.dbeaver.ui.editors.sql.execute.SQLQueryJob.executeSingleQuery(SQLQueryJob.java:541)
	at org.jkiss.dbeaver.ui.editors.sql.execute.SQLQueryJob.extractData(SQLQueryJob.java:1001)
	at org.jkiss.dbeaver.ui.editors.sql.SQLEditor$QueryResultsContainer.readData(SQLEditor.java:4231)
	at org.jkiss.dbeaver.ui.controls.resultset.ResultSetJobDataRead.lambda$0(ResultSetJobDataRead.java:128)
	at org.jkiss.dbeaver.model.exec.DBExecUtils.tryExecuteRecover(DBExecUtils.java:192)
	at org.jkiss.dbeaver.ui.controls.resultset.ResultSetJobDataRead.run(ResultSetJobDataRead.java:126)
	at org.jkiss.dbeaver.ui.controls.resultset.ResultSetViewer$ResultSetDataPumpJob.run(ResultSetViewer.java:5160)
	at org.jkiss.dbeaver.model.runtime.AbstractJob.run(AbstractJob.java:117)
	at org.eclipse.core.internal.jobs.Worker.run(Worker.java:63)

!ENTRY org.jkiss.dbeaver.model 4 0 2024-09-19 09:23:03.429
!MESSAGE Error : 1031, Position : 0, Sql = DROP USER "C##ORDERPASS" CASCADE, OriginalSql = DROP USER "C##ORDERPASS" CASCADE, Error Msg = ORA-01031: 권한이 불충분합니다

!SUBENTRY 1 org.jkiss.dbeaver.model 4 0 2024-09-19 09:23:03.429
!MESSAGE Error : 1031, Position : 0, Sql = DROP USER "C##ORDERPASS" CASCADE, OriginalSql = DROP USER "C##ORDERPASS" CASCADE, Error Msg = ORA-01031: 권한이 불충분합니다

!STACK 0
Error : 1031, Position : 0, Sql = DROP USER "C##ORDERPASS" CASCADE, OriginalSql = DROP USER "C##ORDERPASS" CASCADE, Error Msg = ORA-01031: 권한이 불충분합니다

	at oracle.jdbc.driver.T4CTTIoer11.processError(T4CTTIoer11.java:637)
	at oracle.jdbc.driver.T4CTTIoer11.processError(T4CTTIoer11.java:564)
	at oracle.jdbc.driver.T4C8Oall.processError(T4C8Oall.java:1231)
	at oracle.jdbc.driver.T4CTTIfun.receive(T4CTTIfun.java:772)
	at oracle.jdbc.driver.T4CTTIfun.doRPC(T4CTTIfun.java:299)
	at oracle.jdbc.driver.T4C8Oall.doOALL(T4C8Oall.java:512)
	at oracle.jdbc.driver.T4CStatement.doOall8(T4CStatement.java:123)
	at oracle.jdbc.driver.T4CStatement.executeForRows(T4CStatement.java:1200)
	at oracle.jdbc.driver.OracleStatement.executeSQLStatement(OracleStatement.java:1820)
	at oracle.jdbc.driver.OracleStatement.doExecuteWithTimeout(OracleStatement.java:1472)
	at oracle.jdbc.driver.OracleStatement.executeInternal(OracleStatement.java:2505)
	at oracle.jdbc.driver.OracleStatement.execute(OracleStatement.java:2460)
	at oracle.jdbc.driver.OracleStatementWrapper.execute(OracleStatementWrapper.java:328)
	at org.jkiss.dbeaver.model.impl.jdbc.exec.JDBCStatementImpl.execute(JDBCStatementImpl.java:332)
	at org.jkiss.dbeaver.model.impl.jdbc.exec.JDBCStatementImpl.executeStatement(JDBCStatementImpl.java:131)
	at org.jkiss.dbeaver.model.exec.DBExecUtils.executePersistAction(DBExecUtils.java:361)
	at org.jkiss.dbeaver.model.impl.edit.AbstractObjectManager.executePersistAction(AbstractObjectManager.java:40)
	at org.jkiss.dbeaver.model.impl.edit.AbstractCommandContext.executeCommands(AbstractCommandContext.java:198)
	at org.jkiss.dbeaver.model.impl.edit.AbstractCommandContext.saveChanges(AbstractCommandContext.java:125)
	at org.jkiss.dbeaver.ui.navigator.actions.NavigatorHandlerObjectBase$ObjectSaver.run(NavigatorHandlerObjectBase.java:297)
	at org.jkiss.dbeaver.runtime.TasksJob.run(TasksJob.java:58)
	at org.jkiss.dbeaver.model.runtime.AbstractJob.run(AbstractJob.java:117)
	at org.eclipse.core.internal.jobs.Worker.run(Worker.java:63)

!ENTRY org.jkiss.dbeaver.model 4 0 2024-09-19 09:23:22.969
!MESSAGE Error : 1031, Position : 0, Sql = DROP USER "C##P_PRO_ORDERPASS" CASCADE, OriginalSql = DROP USER "C##P_PRO_ORDERPASS" CASCADE, Error Msg = ORA-01031: 권한이 불충분합니다

!SUBENTRY 1 org.jkiss.dbeaver.model 4 0 2024-09-19 09:23:22.969
!MESSAGE Error : 1031, Position : 0, Sql = DROP USER "C##P_PRO_ORDERPASS" CASCADE, OriginalSql = DROP USER "C##P_PRO_ORDERPASS" CASCADE, Error Msg = ORA-01031: 권한이 불충분합니다

!STACK 0
Error : 1031, Position : 0, Sql = DROP USER "C##P_PRO_ORDERPASS" CASCADE, OriginalSql = DROP USER "C##P_PRO_ORDERPASS" CASCADE, Error Msg = ORA-01031: 권한이 불충분합니다

	at oracle.jdbc.driver.T4CTTIoer11.processError(T4CTTIoer11.java:637)
	at oracle.jdbc.driver.T4CTTIoer11.processError(T4CTTIoer11.java:564)
	at oracle.jdbc.driver.T4C8Oall.processError(T4C8Oall.java:1231)
	at oracle.jdbc.driver.T4CTTIfun.receive(T4CTTIfun.java:772)
	at oracle.jdbc.driver.T4CTTIfun.doRPC(T4CTTIfun.java:299)
	at oracle.jdbc.driver.T4C8Oall.doOALL(T4C8Oall.java:512)
	at oracle.jdbc.driver.T4CStatement.doOall8(T4CStatement.java:123)
	at oracle.jdbc.driver.T4CStatement.executeForRows(T4CStatement.java:1200)
	at oracle.jdbc.driver.OracleStatement.executeSQLStatement(OracleStatement.java:1820)
	at oracle.jdbc.driver.OracleStatement.doExecuteWithTimeout(OracleStatement.java:1472)
	at oracle.jdbc.driver.OracleStatement.executeInternal(OracleStatement.java:2505)
	at oracle.jdbc.driver.OracleStatement.execute(OracleStatement.java:2460)
	at oracle.jdbc.driver.OracleStatementWrapper.execute(OracleStatementWrapper.java:328)
	at org.jkiss.dbeaver.model.impl.jdbc.exec.JDBCStatementImpl.execute(JDBCStatementImpl.java:332)
	at org.jkiss.dbeaver.model.impl.jdbc.exec.JDBCStatementImpl.executeStatement(JDBCStatementImpl.java:131)
	at org.jkiss.dbeaver.model.exec.DBExecUtils.executePersistAction(DBExecUtils.java:361)
	at org.jkiss.dbeaver.model.impl.edit.AbstractObjectManager.executePersistAction(AbstractObjectManager.java:40)
	at org.jkiss.dbeaver.model.impl.edit.AbstractCommandContext.executeCommands(AbstractCommandContext.java:198)
	at org.jkiss.dbeaver.model.impl.edit.AbstractCommandContext.saveChanges(AbstractCommandContext.java:125)
	at org.jkiss.dbeaver.ui.navigator.actions.NavigatorHandlerObjectBase$ObjectSaver.run(NavigatorHandlerObjectBase.java:297)
	at org.jkiss.dbeaver.runtime.TasksJob.run(TasksJob.java:58)
	at org.jkiss.dbeaver.model.runtime.AbstractJob.run(AbstractJob.java:117)
	at org.eclipse.core.internal.jobs.Worker.run(Worker.java:63)

!ENTRY org.jkiss.dbeaver.model 4 0 2024-09-19 09:23:54.129
!MESSAGE SQL Error [1940] [42000]: ORA-01940: 현재 접속되어 있는 사용자는 삭제할 수 없습니다

!SUBENTRY 1 org.jkiss.dbeaver.model 4 0 2024-09-19 09:23:54.129
!MESSAGE Error : 1940, Position : 0, Sql = DROP USER "C##P_PRO_ORDERPASS", OriginalSql = DROP USER "C##P_PRO_ORDERPASS", Error Msg = ORA-01940: 현재 접속되어 있는 사용자는 삭제할 수 없습니다

!STACK 0
Error : 1940, Position : 0, Sql = DROP USER "C##P_PRO_ORDERPASS", OriginalSql = DROP USER "C##P_PRO_ORDERPASS", Error Msg = ORA-01940: 현재 접속되어 있는 사용자는 삭제할 수 없습니다

	at oracle.jdbc.driver.T4CTTIoer11.processError(T4CTTIoer11.java:637)
	at oracle.jdbc.driver.T4CTTIoer11.processError(T4CTTIoer11.java:564)
	at oracle.jdbc.driver.T4C8Oall.processError(T4C8Oall.java:1231)
	at oracle.jdbc.driver.T4CTTIfun.receive(T4CTTIfun.java:772)
	at oracle.jdbc.driver.T4CTTIfun.doRPC(T4CTTIfun.java:299)
	at oracle.jdbc.driver.T4C8Oall.doOALL(T4C8Oall.java:512)
	at oracle.jdbc.driver.T4CStatement.doOall8(T4CStatement.java:123)
	at oracle.jdbc.driver.T4CStatement.executeForRows(T4CStatement.java:1200)
	at oracle.jdbc.driver.OracleStatement.executeSQLStatement(OracleStatement.java:1820)
	at oracle.jdbc.driver.OracleStatement.doExecuteWithTimeout(OracleStatement.java:1472)
	at oracle.jdbc.driver.OracleStatement.executeInternal(OracleStatement.java:2505)
	at oracle.jdbc.driver.OracleStatement.execute(OracleStatement.java:2460)
	at oracle.jdbc.driver.OracleStatementWrapper.execute(OracleStatementWrapper.java:328)
	at org.jkiss.dbeaver.model.impl.jdbc.exec.JDBCStatementImpl.execute(JDBCStatementImpl.java:332)
	at org.jkiss.dbeaver.model.impl.jdbc.exec.JDBCStatementImpl.executeStatement(JDBCStatementImpl.java:131)
	at org.jkiss.dbeaver.ui.editors.sql.execute.SQLQueryJob.executeStatement(SQLQueryJob.java:631)
	at org.jkiss.dbeaver.ui.editors.sql.execute.SQLQueryJob.lambda$2(SQLQueryJob.java:522)
	at org.jkiss.dbeaver.model.exec.DBExecUtils.tryExecuteRecover(DBExecUtils.java:192)
	at org.jkiss.dbeaver.ui.editors.sql.execute.SQLQueryJob.executeSingleQuery(SQLQueryJob.java:541)
	at org.jkiss.dbeaver.ui.editors.sql.execute.SQLQueryJob.extractData(SQLQueryJob.java:1001)
	at org.jkiss.dbeaver.ui.editors.sql.SQLEditor$QueryResultsContainer.readData(SQLEditor.java:4231)
	at org.jkiss.dbeaver.ui.controls.resultset.ResultSetJobDataRead.lambda$0(ResultSetJobDataRead.java:128)
	at org.jkiss.dbeaver.model.exec.DBExecUtils.tryExecuteRecover(DBExecUtils.java:192)
	at org.jkiss.dbeaver.ui.controls.resultset.ResultSetJobDataRead.run(ResultSetJobDataRead.java:126)
	at org.jkiss.dbeaver.ui.controls.resultset.ResultSetViewer$ResultSetDataPumpJob.run(ResultSetViewer.java:5160)
	at org.jkiss.dbeaver.model.runtime.AbstractJob.run(AbstractJob.java:117)
	at org.eclipse.core.internal.jobs.Worker.run(Worker.java:63)

!ENTRY org.jkiss.dbeaver.model 4 0 2024-09-19 09:24:18.756
!MESSAGE Error : 1031, Position : 0, Sql = DROP USER "C##P_PRO_ORDERPASS" CASCADE, OriginalSql = DROP USER "C##P_PRO_ORDERPASS" CASCADE, Error Msg = ORA-01031: 권한이 불충분합니다

!SUBENTRY 1 org.jkiss.dbeaver.model 4 0 2024-09-19 09:24:18.756
!MESSAGE Error : 1031, Position : 0, Sql = DROP USER "C##P_PRO_ORDERPASS" CASCADE, OriginalSql = DROP USER "C##P_PRO_ORDERPASS" CASCADE, Error Msg = ORA-01031: 권한이 불충분합니다

!STACK 0
Error : 1031, Position : 0, Sql = DROP USER "C##P_PRO_ORDERPASS" CASCADE, OriginalSql = DROP USER "C##P_PRO_ORDERPASS" CASCADE, Error Msg = ORA-01031: 권한이 불충분합니다

	at oracle.jdbc.driver.T4CTTIoer11.processError(T4CTTIoer11.java:637)
	at oracle.jdbc.driver.T4CTTIoer11.processError(T4CTTIoer11.java:564)
	at oracle.jdbc.driver.T4C8Oall.processError(T4C8Oall.java:1231)
	at oracle.jdbc.driver.T4CTTIfun.receive(T4CTTIfun.java:772)
	at oracle.jdbc.driver.T4CTTIfun.doRPC(T4CTTIfun.java:299)
	at oracle.jdbc.driver.T4C8Oall.doOALL(T4C8Oall.java:512)
	at oracle.jdbc.driver.T4CStatement.doOall8(T4CStatement.java:123)
	at oracle.jdbc.driver.T4CStatement.executeForRows(T4CStatement.java:1200)
	at oracle.jdbc.driver.OracleStatement.executeSQLStatement(OracleStatement.java:1820)
	at oracle.jdbc.driver.OracleStatement.doExecuteWithTimeout(OracleStatement.java:1472)
	at oracle.jdbc.driver.OracleStatement.executeInternal(OracleStatement.java:2505)
	at oracle.jdbc.driver.OracleStatement.execute(OracleStatement.java:2460)
	at oracle.jdbc.driver.OracleStatementWrapper.execute(OracleStatementWrapper.java:328)
	at org.jkiss.dbeaver.model.impl.jdbc.exec.JDBCStatementImpl.execute(JDBCStatementImpl.java:332)
	at org.jkiss.dbeaver.model.impl.jdbc.exec.JDBCStatementImpl.executeStatement(JDBCStatementImpl.java:131)
	at org.jkiss.dbeaver.model.exec.DBExecUtils.executePersistAction(DBExecUtils.java:361)
	at org.jkiss.dbeaver.model.impl.edit.AbstractObjectManager.executePersistAction(AbstractObjectManager.java:40)
	at org.jkiss.dbeaver.model.impl.edit.AbstractCommandContext.executeCommands(AbstractCommandContext.java:198)
	at org.jkiss.dbeaver.model.impl.edit.AbstractCommandContext.saveChanges(AbstractCommandContext.java:125)
	at org.jkiss.dbeaver.ui.navigator.actions.NavigatorHandlerObjectBase$ObjectSaver.run(NavigatorHandlerObjectBase.java:297)
	at org.jkiss.dbeaver.runtime.TasksJob.run(TasksJob.java:58)
	at org.jkiss.dbeaver.model.runtime.AbstractJob.run(AbstractJob.java:117)
	at org.eclipse.core.internal.jobs.Worker.run(Worker.java:63)

!ENTRY org.jkiss.dbeaver.model 4 0 2024-09-19 09:24:34.550
!MESSAGE SQL Error [1940] [42000]: ORA-01940: 현재 접속되어 있는 사용자는 삭제할 수 없습니다

!SUBENTRY 1 org.jkiss.dbeaver.model 4 0 2024-09-19 09:24:34.550
!MESSAGE Error : 1940, Position : 0, Sql = DROP USER "C##P_PRO_ORDERPASS" CASCADE, OriginalSql = DROP USER "C##P_PRO_ORDERPASS" CASCADE, Error Msg = ORA-01940: 현재 접속되어 있는 사용자는 삭제할 수 없습니다

!STACK 0
Error : 1940, Position : 0, Sql = DROP USER "C##P_PRO_ORDERPASS" CASCADE, OriginalSql = DROP USER "C##P_PRO_ORDERPASS" CASCADE, Error Msg = ORA-01940: 현재 접속되어 있는 사용자는 삭제할 수 없습니다

	at oracle.jdbc.driver.T4CTTIoer11.processError(T4CTTIoer11.java:637)
	at oracle.jdbc.driver.T4CTTIoer11.processError(T4CTTIoer11.java:564)
	at oracle.jdbc.driver.T4C8Oall.processError(T4C8Oall.java:1231)
	at oracle.jdbc.driver.T4CTTIfun.receive(T4CTTIfun.java:772)
	at oracle.jdbc.driver.T4CTTIfun.doRPC(T4CTTIfun.java:299)
	at oracle.jdbc.driver.T4C8Oall.doOALL(T4C8Oall.java:512)
	at oracle.jdbc.driver.T4CStatement.doOall8(T4CStatement.java:123)
	at oracle.jdbc.driver.T4CStatement.executeForRows(T4CStatement.java:1200)
	at oracle.jdbc.driver.OracleStatement.executeSQLStatement(OracleStatement.java:1820)
	at oracle.jdbc.driver.OracleStatement.doExecuteWithTimeout(OracleStatement.java:1472)
	at oracle.jdbc.driver.OracleStatement.executeInternal(OracleStatement.java:2505)
	at oracle.jdbc.driver.OracleStatement.execute(OracleStatement.java:2460)
	at oracle.jdbc.driver.OracleStatementWrapper.execute(OracleStatementWrapper.java:328)
	at org.jkiss.dbeaver.model.impl.jdbc.exec.JDBCStatementImpl.execute(JDBCStatementImpl.java:332)
	at org.jkiss.dbeaver.model.impl.jdbc.exec.JDBCStatementImpl.executeStatement(JDBCStatementImpl.java:131)
	at org.jkiss.dbeaver.ui.editors.sql.execute.SQLQueryJob.executeStatement(SQLQueryJob.java:631)
	at org.jkiss.dbeaver.ui.editors.sql.execute.SQLQueryJob.lambda$2(SQLQueryJob.java:522)
	at org.jkiss.dbeaver.model.exec.DBExecUtils.tryExecuteRecover(DBExecUtils.java:192)
	at org.jkiss.dbeaver.ui.editors.sql.execute.SQLQueryJob.executeSingleQuery(SQLQueryJob.java:541)
	at org.jkiss.dbeaver.ui.editors.sql.execute.SQLQueryJob.extractData(SQLQueryJob.java:1001)
	at org.jkiss.dbeaver.ui.editors.sql.SQLEditor$QueryResultsContainer.readData(SQLEditor.java:4231)
	at org.jkiss.dbeaver.ui.controls.resultset.ResultSetJobDataRead.lambda$0(ResultSetJobDataRead.java:128)
	at org.jkiss.dbeaver.model.exec.DBExecUtils.tryExecuteRecover(DBExecUtils.java:192)
	at org.jkiss.dbeaver.ui.controls.resultset.ResultSetJobDataRead.run(ResultSetJobDataRead.java:126)
	at org.jkiss.dbeaver.ui.controls.resultset.ResultSetViewer$ResultSetDataPumpJob.run(ResultSetViewer.java:5160)
	at org.jkiss.dbeaver.model.runtime.AbstractJob.run(AbstractJob.java:117)
	at org.eclipse.core.internal.jobs.Worker.run(Worker.java:63)

!ENTRY org.jkiss.dbeaver.model 4 0 2024-09-19 09:25:19.981
!MESSAGE SQL Error [1940] [42000]: ORA-01940: 현재 접속되어 있는 사용자는 삭제할 수 없습니다

!SUBENTRY 1 org.jkiss.dbeaver.model 4 0 2024-09-19 09:25:19.981
!MESSAGE Error : 1940, Position : 0, Sql = DROP USER "C##P_PRO_ORDERPASS" CASCADE, OriginalSql = DROP USER "C##P_PRO_ORDERPASS" CASCADE, Error Msg = ORA-01940: 현재 접속되어 있는 사용자는 삭제할 수 없습니다

!STACK 0
Error : 1940, Position : 0, Sql = DROP USER "C##P_PRO_ORDERPASS" CASCADE, OriginalSql = DROP USER "C##P_PRO_ORDERPASS" CASCADE, Error Msg = ORA-01940: 현재 접속되어 있는 사용자는 삭제할 수 없습니다

	at oracle.jdbc.driver.T4CTTIoer11.processError(T4CTTIoer11.java:637)
	at oracle.jdbc.driver.T4CTTIoer11.processError(T4CTTIoer11.java:564)
	at oracle.jdbc.driver.T4C8Oall.processError(T4C8Oall.java:1231)
	at oracle.jdbc.driver.T4CTTIfun.receive(T4CTTIfun.java:772)
	at oracle.jdbc.driver.T4CTTIfun.doRPC(T4CTTIfun.java:299)
	at oracle.jdbc.driver.T4C8Oall.doOALL(T4C8Oall.java:512)
	at oracle.jdbc.driver.T4CStatement.doOall8(T4CStatement.java:123)
	at oracle.jdbc.driver.T4CStatement.executeForRows(T4CStatement.java:1200)
	at oracle.jdbc.driver.OracleStatement.executeSQLStatement(OracleStatement.java:1820)
	at oracle.jdbc.driver.OracleStatement.doExecuteWithTimeout(OracleStatement.java:1472)
	at oracle.jdbc.driver.OracleStatement.executeInternal(OracleStatement.java:2505)
	at oracle.jdbc.driver.OracleStatement.execute(OracleStatement.java:2460)
	at oracle.jdbc.driver.OracleStatementWrapper.execute(OracleStatementWrapper.java:328)
	at org.jkiss.dbeaver.model.impl.jdbc.exec.JDBCStatementImpl.execute(JDBCStatementImpl.java:332)
	at org.jkiss.dbeaver.model.impl.jdbc.exec.JDBCStatementImpl.executeStatement(JDBCStatementImpl.java:131)
	at org.jkiss.dbeaver.ui.editors.sql.execute.SQLQueryJob.executeStatement(SQLQueryJob.java:631)
	at org.jkiss.dbeaver.ui.editors.sql.execute.SQLQueryJob.lambda$2(SQLQueryJob.java:522)
	at org.jkiss.dbeaver.model.exec.DBExecUtils.tryExecuteRecover(DBExecUtils.java:192)
	at org.jkiss.dbeaver.ui.editors.sql.execute.SQLQueryJob.executeSingleQuery(SQLQueryJob.java:541)
	at org.jkiss.dbeaver.ui.editors.sql.execute.SQLQueryJob.extractData(SQLQueryJob.java:1001)
	at org.jkiss.dbeaver.ui.editors.sql.SQLEditor$QueryResultsContainer.readData(SQLEditor.java:4231)
	at org.jkiss.dbeaver.ui.controls.resultset.ResultSetJobDataRead.lambda$0(ResultSetJobDataRead.java:128)
	at org.jkiss.dbeaver.model.exec.DBExecUtils.tryExecuteRecover(DBExecUtils.java:192)
	at org.jkiss.dbeaver.ui.controls.resultset.ResultSetJobDataRead.run(ResultSetJobDataRead.java:126)
	at org.jkiss.dbeaver.ui.controls.resultset.ResultSetViewer$ResultSetDataPumpJob.run(ResultSetViewer.java:5160)
	at org.jkiss.dbeaver.model.runtime.AbstractJob.run(AbstractJob.java:117)
	at org.eclipse.core.internal.jobs.Worker.run(Worker.java:63)

!ENTRY org.jkiss.dbeaver.model 4 0 2024-09-19 09:28:06.840
!MESSAGE SQL Error [955] [42000]: ORA-00955: 기존의 객체가 이름을 사용하고 있습니다.


Error position: line: 1 pos: 13
!SUBENTRY 1 org.jkiss.dbeaver.model 4 0 2024-09-19 09:28:06.840
!MESSAGE SQL Error [955] [42000]: ORA-00955: 기존의 객체가 이름을 사용하고 있습니다.

!SUBENTRY 2 org.jkiss.dbeaver.model 4 0 2024-09-19 09:28:06.840
!MESSAGE Error : 955, Position : 13, Sql = CREATE TABLE cafe
(
  cafeCode  NVARCHAR2(20) NOT NULL,
  name      NVARCHAR2(10) NOT NULL,
  president VARCHAR2(10)  NOT NULL,
  tel       NVARCHAR2(20) NOT NULL,
  loc       NVARCHAR2(30) NOT NULL,
  CONSTRAINT PK_cafe PRIMARY KEY (cafeCode)
), OriginalSql = CREATE TABLE cafe
(
  cafeCode  NVARCHAR2(20) NOT NULL,
  name      NVARCHAR2(10) NOT NULL,
  president VARCHAR2(10)  NOT NULL,
  tel       NVARCHAR2(20) NOT NULL,
  loc       NVARCHAR2(30) NOT NULL,
  CONSTRAINT PK_cafe PRIMARY KEY (cafeCode)
), Error Msg = ORA-00955: 기존의 객체가 이름을 사용하고 있습니다.

!STACK 0
Error : 955, Position : 13, Sql = CREATE TABLE cafe
(
  cafeCode  NVARCHAR2(20) NOT NULL,
  name      NVARCHAR2(10) NOT NULL,
  president VARCHAR2(10)  NOT NULL,
  tel       NVARCHAR2(20) NOT NULL,
  loc       NVARCHAR2(30) NOT NULL,
  CONSTRAINT PK_cafe PRIMARY KEY (cafeCode)
), OriginalSql = CREATE TABLE cafe
(
  cafeCode  NVARCHAR2(20) NOT NULL,
  name      NVARCHAR2(10) NOT NULL,
  president VARCHAR2(10)  NOT NULL,
  tel       NVARCHAR2(20) NOT NULL,
  loc       NVARCHAR2(30) NOT NULL,
  CONSTRAINT PK_cafe PRIMARY KEY (cafeCode)
), Error Msg = ORA-00955: 기존의 객체가 이름을 사용하고 있습니다.

	at oracle.jdbc.driver.T4CTTIoer11.processError(T4CTTIoer11.java:637)
	at oracle.jdbc.driver.T4CTTIoer11.processError(T4CTTIoer11.java:564)
	at oracle.jdbc.driver.T4C8Oall.processError(T4C8Oall.java:1231)
	at oracle.jdbc.driver.T4CTTIfun.receive(T4CTTIfun.java:772)
	at oracle.jdbc.driver.T4CTTIfun.doRPC(T4CTTIfun.java:299)
	at oracle.jdbc.driver.T4C8Oall.doOALL(T4C8Oall.java:512)
	at oracle.jdbc.driver.T4CStatement.doOall8(T4CStatement.java:123)
	at oracle.jdbc.driver.T4CStatement.executeForRows(T4CStatement.java:1200)
	at oracle.jdbc.driver.OracleStatement.executeSQLStatement(OracleStatement.java:1820)
	at oracle.jdbc.driver.OracleStatement.doExecuteWithTimeout(OracleStatement.java:1472)
	at oracle.jdbc.driver.OracleStatement.executeInternal(OracleStatement.java:2505)
	at oracle.jdbc.driver.OracleStatement.execute(OracleStatement.java:2460)
	at oracle.jdbc.driver.OracleStatementWrapper.execute(OracleStatementWrapper.java:328)
	at org.jkiss.dbeaver.model.impl.jdbc.exec.JDBCStatementImpl.execute(JDBCStatementImpl.java:332)
	at org.jkiss.dbeaver.model.impl.jdbc.exec.JDBCStatementImpl.executeStatement(JDBCStatementImpl.java:131)
	at org.jkiss.dbeaver.ui.editors.sql.execute.SQLQueryJob.executeStatement(SQLQueryJob.java:631)
	at org.jkiss.dbeaver.ui.editors.sql.execute.SQLQueryJob.lambda$2(SQLQueryJob.java:522)
	at org.jkiss.dbeaver.model.exec.DBExecUtils.tryExecuteRecover(DBExecUtils.java:192)
	at org.jkiss.dbeaver.ui.editors.sql.execute.SQLQueryJob.executeSingleQuery(SQLQueryJob.java:541)
	at org.jkiss.dbeaver.ui.editors.sql.execute.SQLQueryJob.extractData(SQLQueryJob.java:1001)
	at org.jkiss.dbeaver.ui.editors.sql.SQLEditor$QueryResultsContainer.readData(SQLEditor.java:4231)
	at org.jkiss.dbeaver.ui.controls.resultset.ResultSetJobDataRead.lambda$0(ResultSetJobDataRead.java:128)
	at org.jkiss.dbeaver.model.exec.DBExecUtils.tryExecuteRecover(DBExecUtils.java:192)
	at org.jkiss.dbeaver.ui.controls.resultset.ResultSetJobDataRead.run(ResultSetJobDataRead.java:126)
	at org.jkiss.dbeaver.ui.controls.resultset.ResultSetViewer$ResultSetDataPumpJob.run(ResultSetViewer.java:5160)
	at org.jkiss.dbeaver.model.runtime.AbstractJob.run(AbstractJob.java:117)
	at org.eclipse.core.internal.jobs.Worker.run(Worker.java:63)

!ENTRY org.jkiss.dbeaver.model 4 0 2024-09-19 09:28:09.709
!MESSAGE SQL Error [955] [42000]: ORA-00955: 기존의 객체가 이름을 사용하고 있습니다.

!SUBENTRY 1 org.jkiss.dbeaver.model 4 0 2024-09-19 09:28:09.709
!MESSAGE Error : 955, Position : 13, Sql = CREATE TABLE cafe
(
  cafeCode  NVARCHAR2(20) NOT NULL,
  name      NVARCHAR2(10) NOT NULL,
  president VARCHAR2(10)  NOT NULL,
  tel       NVARCHAR2(20) NOT NULL,
  loc       NVARCHAR2(30) NOT NULL,
  CONSTRAINT PK_cafe PRIMARY KEY (cafeCode)
), OriginalSql = CREATE TABLE cafe
(
  cafeCode  NVARCHAR2(20) NOT NULL,
  name      NVARCHAR2(10) NOT NULL,
  president VARCHAR2(10)  NOT NULL,
  tel       NVARCHAR2(20) NOT NULL,
  loc       NVARCHAR2(30) NOT NULL,
  CONSTRAINT PK_cafe PRIMARY KEY (cafeCode)
), Error Msg = ORA-00955: 기존의 객체가 이름을 사용하고 있습니다.

!STACK 0
Error : 955, Position : 13, Sql = CREATE TABLE cafe
(
  cafeCode  NVARCHAR2(20) NOT NULL,
  name      NVARCHAR2(10) NOT NULL,
  president VARCHAR2(10)  NOT NULL,
  tel       NVARCHAR2(20) NOT NULL,
  loc       NVARCHAR2(30) NOT NULL,
  CONSTRAINT PK_cafe PRIMARY KEY (cafeCode)
), OriginalSql = CREATE TABLE cafe
(
  cafeCode  NVARCHAR2(20) NOT NULL,
  name      NVARCHAR2(10) NOT NULL,
  president VARCHAR2(10)  NOT NULL,
  tel       NVARCHAR2(20) NOT NULL,
  loc       NVARCHAR2(30) NOT NULL,
  CONSTRAINT PK_cafe PRIMARY KEY (cafeCode)
), Error Msg = ORA-00955: 기존의 객체가 이름을 사용하고 있습니다.

	at oracle.jdbc.driver.T4CTTIoer11.processError(T4CTTIoer11.java:637)
	at oracle.jdbc.driver.T4CTTIoer11.processError(T4CTTIoer11.java:564)
	at oracle.jdbc.driver.T4C8Oall.processError(T4C8Oall.java:1231)
	at oracle.jdbc.driver.T4CTTIfun.receive(T4CTTIfun.java:772)
	at oracle.jdbc.driver.T4CTTIfun.doRPC(T4CTTIfun.java:299)
	at oracle.jdbc.driver.T4C8Oall.doOALL(T4C8Oall.java:512)
	at oracle.jdbc.driver.T4CStatement.doOall8(T4CStatement.java:123)
	at oracle.jdbc.driver.T4CStatement.executeForRows(T4CStatement.java:1200)
	at oracle.jdbc.driver.OracleStatement.executeSQLStatement(OracleStatement.java:1820)
	at oracle.jdbc.driver.OracleStatement.doExecuteWithTimeout(OracleStatement.java:1472)
	at oracle.jdbc.driver.OracleStatement.executeInternal(OracleStatement.java:2505)
	at oracle.jdbc.driver.OracleStatement.execute(OracleStatement.java:2460)
	at oracle.jdbc.driver.OracleStatementWrapper.execute(OracleStatementWrapper.java:328)
	at org.jkiss.dbeaver.model.impl.jdbc.exec.JDBCStatementImpl.execute(JDBCStatementImpl.java:332)
	at org.jkiss.dbeaver.model.impl.jdbc.exec.JDBCStatementImpl.executeStatement(JDBCStatementImpl.java:131)
	at org.jkiss.dbeaver.ui.editors.sql.execute.SQLQueryJob.executeStatement(SQLQueryJob.java:631)
	at org.jkiss.dbeaver.ui.editors.sql.execute.SQLQueryJob.lambda$2(SQLQueryJob.java:522)
	at org.jkiss.dbeaver.model.exec.DBExecUtils.tryExecuteRecover(DBExecUtils.java:192)
	at org.jkiss.dbeaver.ui.editors.sql.execute.SQLQueryJob.executeSingleQuery(SQLQueryJob.java:541)
	at org.jkiss.dbeaver.ui.editors.sql.execute.SQLQueryJob.extractData(SQLQueryJob.java:1001)
	at org.jkiss.dbeaver.ui.editors.sql.SQLEditor$QueryResultsContainer.readData(SQLEditor.java:4231)
	at org.jkiss.dbeaver.ui.controls.resultset.ResultSetJobDataRead.lambda$0(ResultSetJobDataRead.java:128)
	at org.jkiss.dbeaver.model.exec.DBExecUtils.tryExecuteRecover(DBExecUtils.java:192)
	at org.jkiss.dbeaver.ui.controls.resultset.ResultSetJobDataRead.run(ResultSetJobDataRead.java:126)
	at org.jkiss.dbeaver.ui.controls.resultset.ResultSetViewer$ResultSetDataPumpJob.run(ResultSetViewer.java:5160)
	at org.jkiss.dbeaver.model.runtime.AbstractJob.run(AbstractJob.java:117)
	at org.eclipse.core.internal.jobs.Worker.run(Worker.java:63)

!ENTRY org.jkiss.dbeaver.model 4 0 2024-09-19 09:28:14.734
!MESSAGE SQL Error [1940] [42000]: ORA-01940: 현재 접속되어 있는 사용자는 삭제할 수 없습니다

!SUBENTRY 1 org.jkiss.dbeaver.model 4 0 2024-09-19 09:28:14.734
!MESSAGE Error : 1940, Position : 0, Sql = DROP USER "C##P_PRO_ORDERPASS" CASCADE, OriginalSql = DROP USER "C##P_PRO_ORDERPASS" CASCADE, Error Msg = ORA-01940: 현재 접속되어 있는 사용자는 삭제할 수 없습니다

!STACK 0
Error : 1940, Position : 0, Sql = DROP USER "C##P_PRO_ORDERPASS" CASCADE, OriginalSql = DROP USER "C##P_PRO_ORDERPASS" CASCADE, Error Msg = ORA-01940: 현재 접속되어 있는 사용자는 삭제할 수 없습니다

	at oracle.jdbc.driver.T4CTTIoer11.processError(T4CTTIoer11.java:637)
	at oracle.jdbc.driver.T4CTTIoer11.processError(T4CTTIoer11.java:564)
	at oracle.jdbc.driver.T4C8Oall.processError(T4C8Oall.java:1231)
	at oracle.jdbc.driver.T4CTTIfun.receive(T4CTTIfun.java:772)
	at oracle.jdbc.driver.T4CTTIfun.doRPC(T4CTTIfun.java:299)
	at oracle.jdbc.driver.T4C8Oall.doOALL(T4C8Oall.java:512)
	at oracle.jdbc.driver.T4CStatement.doOall8(T4CStatement.java:123)
	at oracle.jdbc.driver.T4CStatement.executeForRows(T4CStatement.java:1200)
	at oracle.jdbc.driver.OracleStatement.executeSQLStatement(OracleStatement.java:1820)
	at oracle.jdbc.driver.OracleStatement.doExecuteWithTimeout(OracleStatement.java:1472)
	at oracle.jdbc.driver.OracleStatement.executeInternal(OracleStatement.java:2505)
	at oracle.jdbc.driver.OracleStatement.execute(OracleStatement.java:2460)
	at oracle.jdbc.driver.OracleStatementWrapper.execute(OracleStatementWrapper.java:328)
	at org.jkiss.dbeaver.model.impl.jdbc.exec.JDBCStatementImpl.execute(JDBCStatementImpl.java:332)
	at org.jkiss.dbeaver.model.impl.jdbc.exec.JDBCStatementImpl.executeStatement(JDBCStatementImpl.java:131)
	at org.jkiss.dbeaver.ui.editors.sql.execute.SQLQueryJob.executeStatement(SQLQueryJob.java:631)
	at org.jkiss.dbeaver.ui.editors.sql.execute.SQLQueryJob.lambda$2(SQLQueryJob.java:522)
	at org.jkiss.dbeaver.model.exec.DBExecUtils.tryExecuteRecover(DBExecUtils.java:192)
	at org.jkiss.dbeaver.ui.editors.sql.execute.SQLQueryJob.executeSingleQuery(SQLQueryJob.java:541)
	at org.jkiss.dbeaver.ui.editors.sql.execute.SQLQueryJob.extractData(SQLQueryJob.java:1001)
	at org.jkiss.dbeaver.ui.editors.sql.SQLEditor$QueryResultsContainer.readData(SQLEditor.java:4231)
	at org.jkiss.dbeaver.ui.controls.resultset.ResultSetJobDataRead.lambda$0(ResultSetJobDataRead.java:128)
	at org.jkiss.dbeaver.model.exec.DBExecUtils.tryExecuteRecover(DBExecUtils.java:192)
	at org.jkiss.dbeaver.ui.controls.resultset.ResultSetJobDataRead.run(ResultSetJobDataRead.java:126)
	at org.jkiss.dbeaver.ui.controls.resultset.ResultSetViewer$ResultSetDataPumpJob.run(ResultSetViewer.java:5160)
	at org.jkiss.dbeaver.model.runtime.AbstractJob.run(AbstractJob.java:117)
	at org.eclipse.core.internal.jobs.Worker.run(Worker.java:63)

!ENTRY org.jkiss.dbeaver.model 4 0 2024-09-19 09:28:20.154
!MESSAGE SQL Error [1940] [42000]: ORA-01940: 현재 접속되어 있는 사용자는 삭제할 수 없습니다

!SUBENTRY 1 org.jkiss.dbeaver.model 4 0 2024-09-19 09:28:20.154
!MESSAGE Error : 1940, Position : 0, Sql = DROP USER "C##P_PRO_ORDERPASS" CASCADE, OriginalSql = DROP USER "C##P_PRO_ORDERPASS" CASCADE, Error Msg = ORA-01940: 현재 접속되어 있는 사용자는 삭제할 수 없습니다

!STACK 0
Error : 1940, Position : 0, Sql = DROP USER "C##P_PRO_ORDERPASS" CASCADE, OriginalSql = DROP USER "C##P_PRO_ORDERPASS" CASCADE, Error Msg = ORA-01940: 현재 접속되어 있는 사용자는 삭제할 수 없습니다

	at oracle.jdbc.driver.T4CTTIoer11.processError(T4CTTIoer11.java:637)
	at oracle.jdbc.driver.T4CTTIoer11.processError(T4CTTIoer11.java:564)
	at oracle.jdbc.driver.T4C8Oall.processError(T4C8Oall.java:1231)
	at oracle.jdbc.driver.T4CTTIfun.receive(T4CTTIfun.java:772)
	at oracle.jdbc.driver.T4CTTIfun.doRPC(T4CTTIfun.java:299)
	at oracle.jdbc.driver.T4C8Oall.doOALL(T4C8Oall.java:512)
	at oracle.jdbc.driver.T4CStatement.doOall8(T4CStatement.java:123)
	at oracle.jdbc.driver.T4CStatement.executeForRows(T4CStatement.java:1200)
	at oracle.jdbc.driver.OracleStatement.executeSQLStatement(OracleStatement.java:1820)
	at oracle.jdbc.driver.OracleStatement.doExecuteWithTimeout(OracleStatement.java:1472)
	at oracle.jdbc.driver.OracleStatement.executeInternal(OracleStatement.java:2505)
	at oracle.jdbc.driver.OracleStatement.execute(OracleStatement.java:2460)
	at oracle.jdbc.driver.OracleStatementWrapper.execute(OracleStatementWrapper.java:328)
	at org.jkiss.dbeaver.model.impl.jdbc.exec.JDBCStatementImpl.execute(JDBCStatementImpl.java:332)
	at org.jkiss.dbeaver.model.impl.jdbc.exec.JDBCStatementImpl.executeStatement(JDBCStatementImpl.java:131)
	at org.jkiss.dbeaver.ui.editors.sql.execute.SQLQueryJob.executeStatement(SQLQueryJob.java:631)
	at org.jkiss.dbeaver.ui.editors.sql.execute.SQLQueryJob.lambda$2(SQLQueryJob.java:522)
	at org.jkiss.dbeaver.model.exec.DBExecUtils.tryExecuteRecover(DBExecUtils.java:192)
	at org.jkiss.dbeaver.ui.editors.sql.execute.SQLQueryJob.executeSingleQuery(SQLQueryJob.java:541)
	at org.jkiss.dbeaver.ui.editors.sql.execute.SQLQueryJob.extractData(SQLQueryJob.java:1001)
	at org.jkiss.dbeaver.ui.editors.sql.SQLEditor$QueryResultsContainer.readData(SQLEditor.java:4231)
	at org.jkiss.dbeaver.ui.controls.resultset.ResultSetJobDataRead.lambda$0(ResultSetJobDataRead.java:128)
	at org.jkiss.dbeaver.model.exec.DBExecUtils.tryExecuteRecover(DBExecUtils.java:192)
	at org.jkiss.dbeaver.ui.controls.resultset.ResultSetJobDataRead.run(ResultSetJobDataRead.java:126)
	at org.jkiss.dbeaver.ui.controls.resultset.ResultSetViewer$ResultSetDataPumpJob.run(ResultSetViewer.java:5160)
	at org.jkiss.dbeaver.model.runtime.AbstractJob.run(AbstractJob.java:117)
	at org.eclipse.core.internal.jobs.Worker.run(Worker.java:63)
!SESSION 2024-09-19 09:30:18.206 -----------------------------------------------
eclipse.buildId=unknown
java.version=17.0.6
java.vendor=Eclipse Adoptium
BootLoader constants: OS=win32, ARCH=x86_64, WS=win32, NL=ko
Framework arguments:  -eclipse.keyring C:\Users\soldesk\AppData\Roaming\DBeaverData\secure\secure_storage
Command-line arguments:  -os win32 -ws win32 -arch x86_64

!ENTRY org.eclipse.ui 2 2 2024-09-19 09:30:33.379
!MESSAGE Invalid preference category path: org.eclipse.debug.ui.ConsolePreferencePage (bundle: org.eclipse.ui.console, page: org.eclipse.ui.internal.console.ansi.preferences.AnsiConsolePreferencePage)

!ENTRY org.jkiss.dbeaver.model 4 0 2024-09-19 09:31:07.816
!MESSAGE SQL Error [1940] [42000]: ORA-01940: 현재 접속되어 있는 사용자는 삭제할 수 없습니다

!SUBENTRY 1 org.jkiss.dbeaver.model 4 0 2024-09-19 09:31:07.816
!MESSAGE Error : 1940, Position : 0, Sql = DROP USER "C##P_PRO_ORDERPASS" CASCADE, OriginalSql = DROP USER "C##P_PRO_ORDERPASS" CASCADE, Error Msg = ORA-01940: 현재 접속되어 있는 사용자는 삭제할 수 없습니다

!STACK 0
Error : 1940, Position : 0, Sql = DROP USER "C##P_PRO_ORDERPASS" CASCADE, OriginalSql = DROP USER "C##P_PRO_ORDERPASS" CASCADE, Error Msg = ORA-01940: 현재 접속되어 있는 사용자는 삭제할 수 없습니다

	at oracle.jdbc.driver.T4CTTIoer11.processError(T4CTTIoer11.java:637)
	at oracle.jdbc.driver.T4CTTIoer11.processError(T4CTTIoer11.java:564)
	at oracle.jdbc.driver.T4C8Oall.processError(T4C8Oall.java:1231)
	at oracle.jdbc.driver.T4CTTIfun.receive(T4CTTIfun.java:772)
	at oracle.jdbc.driver.T4CTTIfun.doRPC(T4CTTIfun.java:299)
	at oracle.jdbc.driver.T4C8Oall.doOALL(T4C8Oall.java:512)
	at oracle.jdbc.driver.T4CStatement.doOall8(T4CStatement.java:123)
	at oracle.jdbc.driver.T4CStatement.executeForRows(T4CStatement.java:1200)
	at oracle.jdbc.driver.OracleStatement.executeSQLStatement(OracleStatement.java:1820)
	at oracle.jdbc.driver.OracleStatement.doExecuteWithTimeout(OracleStatement.java:1472)
	at oracle.jdbc.driver.OracleStatement.executeInternal(OracleStatement.java:2505)
	at oracle.jdbc.driver.OracleStatement.execute(OracleStatement.java:2460)
	at oracle.jdbc.driver.OracleStatementWrapper.execute(OracleStatementWrapper.java:328)
	at org.jkiss.dbeaver.model.impl.jdbc.exec.JDBCStatementImpl.execute(JDBCStatementImpl.java:332)
	at org.jkiss.dbeaver.model.impl.jdbc.exec.JDBCStatementImpl.executeStatement(JDBCStatementImpl.java:131)
	at org.jkiss.dbeaver.ui.editors.sql.execute.SQLQueryJob.executeStatement(SQLQueryJob.java:631)
	at org.jkiss.dbeaver.ui.editors.sql.execute.SQLQueryJob.lambda$2(SQLQueryJob.java:522)
	at org.jkiss.dbeaver.model.exec.DBExecUtils.tryExecuteRecover(DBExecUtils.java:192)
	at org.jkiss.dbeaver.ui.editors.sql.execute.SQLQueryJob.executeSingleQuery(SQLQueryJob.java:541)
	at org.jkiss.dbeaver.ui.editors.sql.execute.SQLQueryJob.extractData(SQLQueryJob.java:1001)
	at org.jkiss.dbeaver.ui.editors.sql.SQLEditor$QueryResultsContainer.readData(SQLEditor.java:4231)
	at org.jkiss.dbeaver.ui.controls.resultset.ResultSetJobDataRead.lambda$0(ResultSetJobDataRead.java:128)
	at org.jkiss.dbeaver.model.exec.DBExecUtils.tryExecuteRecover(DBExecUtils.java:192)
	at org.jkiss.dbeaver.ui.controls.resultset.ResultSetJobDataRead.run(ResultSetJobDataRead.java:126)
	at org.jkiss.dbeaver.ui.controls.resultset.ResultSetViewer$ResultSetDataPumpJob.run(ResultSetViewer.java:5160)
	at org.jkiss.dbeaver.model.runtime.AbstractJob.run(AbstractJob.java:117)
	at org.eclipse.core.internal.jobs.Worker.run(Worker.java:63)

!ENTRY org.jkiss.dbeaver.model 4 0 2024-09-19 09:32:39.589
!MESSAGE SQL Error [26] [61000]: ORA-00026: 누락되었거나 부적합한 세션 ID


Error position: line: 64 pos: 25
!SUBENTRY 1 org.jkiss.dbeaver.model 4 0 2024-09-19 09:32:39.589
!MESSAGE SQL Error [26] [61000]: ORA-00026: 누락되었거나 부적합한 세션 ID

!SUBENTRY 2 org.jkiss.dbeaver.model 4 0 2024-09-19 09:32:39.589
!MESSAGE Error : 26, Position : 25, Sql = alter system kill SESSION, OriginalSql = alter system kill SESSION, Error Msg = ORA-00026: 누락되었거나 부적합한 세션 ID

!STACK 0
Error : 26, Position : 25, Sql = alter system kill SESSION, OriginalSql = alter system kill SESSION, Error Msg = ORA-00026: 누락되었거나 부적합한 세션 ID

	at oracle.jdbc.driver.T4CTTIoer11.processError(T4CTTIoer11.java:637)
	at oracle.jdbc.driver.T4CTTIoer11.processError(T4CTTIoer11.java:564)
	at oracle.jdbc.driver.T4C8Oall.processError(T4C8Oall.java:1231)
	at oracle.jdbc.driver.T4CTTIfun.receive(T4CTTIfun.java:772)
	at oracle.jdbc.driver.T4CTTIfun.doRPC(T4CTTIfun.java:299)
	at oracle.jdbc.driver.T4C8Oall.doOALL(T4C8Oall.java:512)
	at oracle.jdbc.driver.T4CStatement.doOall8(T4CStatement.java:123)
	at oracle.jdbc.driver.T4CStatement.executeForRows(T4CStatement.java:1200)
	at oracle.jdbc.driver.OracleStatement.executeSQLStatement(OracleStatement.java:1820)
	at oracle.jdbc.driver.OracleStatement.doExecuteWithTimeout(OracleStatement.java:1472)
	at oracle.jdbc.driver.OracleStatement.executeInternal(OracleStatement.java:2505)
	at oracle.jdbc.driver.OracleStatement.execute(OracleStatement.java:2460)
	at oracle.jdbc.driver.OracleStatementWrapper.execute(OracleStatementWrapper.java:328)
	at org.jkiss.dbeaver.model.impl.jdbc.exec.JDBCStatementImpl.execute(JDBCStatementImpl.java:332)
	at org.jkiss.dbeaver.model.impl.jdbc.exec.JDBCStatementImpl.executeStatement(JDBCStatementImpl.java:131)
	at org.jkiss.dbeaver.ui.editors.sql.execute.SQLQueryJob.executeStatement(SQLQueryJob.java:631)
	at org.jkiss.dbeaver.ui.editors.sql.execute.SQLQueryJob.lambda$2(SQLQueryJob.java:522)
	at org.jkiss.dbeaver.model.exec.DBExecUtils.tryExecuteRecover(DBExecUtils.java:192)
	at org.jkiss.dbeaver.ui.editors.sql.execute.SQLQueryJob.executeSingleQuery(SQLQueryJob.java:541)
	at org.jkiss.dbeaver.ui.editors.sql.execute.SQLQueryJob.extractData(SQLQueryJob.java:1001)
	at org.jkiss.dbeaver.ui.editors.sql.SQLEditor$QueryResultsContainer.readData(SQLEditor.java:4231)
	at org.jkiss.dbeaver.ui.controls.resultset.ResultSetJobDataRead.lambda$0(ResultSetJobDataRead.java:128)
	at org.jkiss.dbeaver.model.exec.DBExecUtils.tryExecuteRecover(DBExecUtils.java:192)
	at org.jkiss.dbeaver.ui.controls.resultset.ResultSetJobDataRead.run(ResultSetJobDataRead.java:126)
	at org.jkiss.dbeaver.ui.controls.resultset.ResultSetViewer$ResultSetDataPumpJob.run(ResultSetViewer.java:5160)
	at org.jkiss.dbeaver.model.runtime.AbstractJob.run(AbstractJob.java:117)
	at org.eclipse.core.internal.jobs.Worker.run(Worker.java:63)

!ENTRY org.jkiss.dbeaver.model 4 0 2024-09-19 09:33:09.330
!MESSAGE SQL Error [26] [61000]: ORA-00026: 누락되었거나 부적합한 세션 ID

!SUBENTRY 1 org.jkiss.dbeaver.model 4 0 2024-09-19 09:33:09.330
!MESSAGE Error : 26, Position : 26, Sql = alter system kill SESSION cafe, OriginalSql = alter system kill SESSION cafe, Error Msg = ORA-00026: 누락되었거나 부적합한 세션 ID

!STACK 0
Error : 26, Position : 26, Sql = alter system kill SESSION cafe, OriginalSql = alter system kill SESSION cafe, Error Msg = ORA-00026: 누락되었거나 부적합한 세션 ID

	at oracle.jdbc.driver.T4CTTIoer11.processError(T4CTTIoer11.java:637)
	at oracle.jdbc.driver.T4CTTIoer11.processError(T4CTTIoer11.java:564)
	at oracle.jdbc.driver.T4C8Oall.processError(T4C8Oall.java:1231)
	at oracle.jdbc.driver.T4CTTIfun.receive(T4CTTIfun.java:772)
	at oracle.jdbc.driver.T4CTTIfun.doRPC(T4CTTIfun.java:299)
	at oracle.jdbc.driver.T4C8Oall.doOALL(T4C8Oall.java:512)
	at oracle.jdbc.driver.T4CStatement.doOall8(T4CStatement.java:123)
	at oracle.jdbc.driver.T4CStatement.executeForRows(T4CStatement.java:1200)
	at oracle.jdbc.driver.OracleStatement.executeSQLStatement(OracleStatement.java:1820)
	at oracle.jdbc.driver.OracleStatement.doExecuteWithTimeout(OracleStatement.java:1472)
	at oracle.jdbc.driver.OracleStatement.executeInternal(OracleStatement.java:2505)
	at oracle.jdbc.driver.OracleStatement.execute(OracleStatement.java:2460)
	at oracle.jdbc.driver.OracleStatementWrapper.execute(OracleStatementWrapper.java:328)
	at org.jkiss.dbeaver.model.impl.jdbc.exec.JDBCStatementImpl.execute(JDBCStatementImpl.java:332)
	at org.jkiss.dbeaver.model.impl.jdbc.exec.JDBCStatementImpl.executeStatement(JDBCStatementImpl.java:131)
	at org.jkiss.dbeaver.ui.editors.sql.execute.SQLQueryJob.executeStatement(SQLQueryJob.java:631)
	at org.jkiss.dbeaver.ui.editors.sql.execute.SQLQueryJob.lambda$2(SQLQueryJob.java:522)
	at org.jkiss.dbeaver.model.exec.DBExecUtils.tryExecuteRecover(DBExecUtils.java:192)
	at org.jkiss.dbeaver.ui.editors.sql.execute.SQLQueryJob.executeSingleQuery(SQLQueryJob.java:541)
	at org.jkiss.dbeaver.ui.editors.sql.execute.SQLQueryJob.extractData(SQLQueryJob.java:1001)
	at org.jkiss.dbeaver.ui.editors.sql.SQLEditor$QueryResultsContainer.readData(SQLEditor.java:4231)
	at org.jkiss.dbeaver.ui.controls.resultset.ResultSetJobDataRead.lambda$0(ResultSetJobDataRead.java:128)
	at org.jkiss.dbeaver.model.exec.DBExecUtils.tryExecuteRecover(DBExecUtils.java:192)
	at org.jkiss.dbeaver.ui.controls.resultset.ResultSetJobDataRead.run(ResultSetJobDataRead.java:126)
	at org.jkiss.dbeaver.ui.controls.resultset.ResultSetViewer$ResultSetDataPumpJob.run(ResultSetViewer.java:5160)
	at org.jkiss.dbeaver.model.runtime.AbstractJob.run(AbstractJob.java:117)
	at org.eclipse.core.internal.jobs.Worker.run(Worker.java:63)

!ENTRY org.jkiss.dbeaver.model 4 0 2024-09-19 09:33:33.675
!MESSAGE SQL Error [26] [61000]: ORA-00026: 누락되었거나 부적합한 세션 ID

!SUBENTRY 1 org.jkiss.dbeaver.model 4 0 2024-09-19 09:33:33.675
!MESSAGE Error : 26, Position : 26, Sql = alter system kill SESSION C##P_PRO_ORDERPASS, OriginalSql = alter system kill SESSION C##P_PRO_ORDERPASS, Error Msg = ORA-00026: 누락되었거나 부적합한 세션 ID

!STACK 0
Error : 26, Position : 26, Sql = alter system kill SESSION C##P_PRO_ORDERPASS, OriginalSql = alter system kill SESSION C##P_PRO_ORDERPASS, Error Msg = ORA-00026: 누락되었거나 부적합한 세션 ID

	at oracle.jdbc.driver.T4CTTIoer11.processError(T4CTTIoer11.java:637)
	at oracle.jdbc.driver.T4CTTIoer11.processError(T4CTTIoer11.java:564)
	at oracle.jdbc.driver.T4C8Oall.processError(T4C8Oall.java:1231)
	at oracle.jdbc.driver.T4CTTIfun.receive(T4CTTIfun.java:772)
	at oracle.jdbc.driver.T4CTTIfun.doRPC(T4CTTIfun.java:299)
	at oracle.jdbc.driver.T4C8Oall.doOALL(T4C8Oall.java:512)
	at oracle.jdbc.driver.T4CStatement.doOall8(T4CStatement.java:123)
	at oracle.jdbc.driver.T4CStatement.executeForRows(T4CStatement.java:1200)
	at oracle.jdbc.driver.OracleStatement.executeSQLStatement(OracleStatement.java:1820)
	at oracle.jdbc.driver.OracleStatement.doExecuteWithTimeout(OracleStatement.java:1472)
	at oracle.jdbc.driver.OracleStatement.executeInternal(OracleStatement.java:2505)
	at oracle.jdbc.driver.OracleStatement.execute(OracleStatement.java:2460)
	at oracle.jdbc.driver.OracleStatementWrapper.execute(OracleStatementWrapper.java:328)
	at org.jkiss.dbeaver.model.impl.jdbc.exec.JDBCStatementImpl.execute(JDBCStatementImpl.java:332)
	at org.jkiss.dbeaver.model.impl.jdbc.exec.JDBCStatementImpl.executeStatement(JDBCStatementImpl.java:131)
	at org.jkiss.dbeaver.ui.editors.sql.execute.SQLQueryJob.executeStatement(SQLQueryJob.java:631)
	at org.jkiss.dbeaver.ui.editors.sql.execute.SQLQueryJob.lambda$2(SQLQueryJob.java:522)
	at org.jkiss.dbeaver.model.exec.DBExecUtils.tryExecuteRecover(DBExecUtils.java:192)
	at org.jkiss.dbeaver.ui.editors.sql.execute.SQLQueryJob.executeSingleQuery(SQLQueryJob.java:541)
	at org.jkiss.dbeaver.ui.editors.sql.execute.SQLQueryJob.extractData(SQLQueryJob.java:1001)
	at org.jkiss.dbeaver.ui.editors.sql.SQLEditor$QueryResultsContainer.readData(SQLEditor.java:4231)
	at org.jkiss.dbeaver.ui.controls.resultset.ResultSetJobDataRead.lambda$0(ResultSetJobDataRead.java:128)
	at org.jkiss.dbeaver.model.exec.DBExecUtils.tryExecuteRecover(DBExecUtils.java:192)
	at org.jkiss.dbeaver.ui.controls.resultset.ResultSetJobDataRead.run(ResultSetJobDataRead.java:126)
	at org.jkiss.dbeaver.ui.controls.resultset.ResultSetViewer$ResultSetDataPumpJob.run(ResultSetViewer.java:5160)
	at org.jkiss.dbeaver.model.runtime.AbstractJob.run(AbstractJob.java:117)
	at org.eclipse.core.internal.jobs.Worker.run(Worker.java:63)

!ENTRY org.jkiss.dbeaver.model 4 0 2024-09-19 09:33:40.921
!MESSAGE SQL Error [1940] [42000]: ORA-01940: 현재 접속되어 있는 사용자는 삭제할 수 없습니다

!SUBENTRY 1 org.jkiss.dbeaver.model 4 0 2024-09-19 09:33:40.921
!MESSAGE Error : 1940, Position : 0, Sql = DROP USER "C##P_PRO_ORDERPASS", OriginalSql = DROP USER "C##P_PRO_ORDERPASS", Error Msg = ORA-01940: 현재 접속되어 있는 사용자는 삭제할 수 없습니다

!STACK 0
Error : 1940, Position : 0, Sql = DROP USER "C##P_PRO_ORDERPASS", OriginalSql = DROP USER "C##P_PRO_ORDERPASS", Error Msg = ORA-01940: 현재 접속되어 있는 사용자는 삭제할 수 없습니다

	at oracle.jdbc.driver.T4CTTIoer11.processError(T4CTTIoer11.java:637)
	at oracle.jdbc.driver.T4CTTIoer11.processError(T4CTTIoer11.java:564)
	at oracle.jdbc.driver.T4C8Oall.processError(T4C8Oall.java:1231)
	at oracle.jdbc.driver.T4CTTIfun.receive(T4CTTIfun.java:772)
	at oracle.jdbc.driver.T4CTTIfun.doRPC(T4CTTIfun.java:299)
	at oracle.jdbc.driver.T4C8Oall.doOALL(T4C8Oall.java:512)
	at oracle.jdbc.driver.T4CStatement.doOall8(T4CStatement.java:123)
	at oracle.jdbc.driver.T4CStatement.executeForRows(T4CStatement.java:1200)
	at oracle.jdbc.driver.OracleStatement.executeSQLStatement(OracleStatement.java:1820)
	at oracle.jdbc.driver.OracleStatement.doExecuteWithTimeout(OracleStatement.java:1472)
	at oracle.jdbc.driver.OracleStatement.executeInternal(OracleStatement.java:2505)
	at oracle.jdbc.driver.OracleStatement.execute(OracleStatement.java:2460)
	at oracle.jdbc.driver.OracleStatementWrapper.execute(OracleStatementWrapper.java:328)
	at org.jkiss.dbeaver.model.impl.jdbc.exec.JDBCStatementImpl.execute(JDBCStatementImpl.java:332)
	at org.jkiss.dbeaver.model.impl.jdbc.exec.JDBCStatementImpl.executeStatement(JDBCStatementImpl.java:131)
	at org.jkiss.dbeaver.ui.editors.sql.execute.SQLQueryJob.executeStatement(SQLQueryJob.java:631)
	at org.jkiss.dbeaver.ui.editors.sql.execute.SQLQueryJob.lambda$2(SQLQueryJob.java:522)
	at org.jkiss.dbeaver.model.exec.DBExecUtils.tryExecuteRecover(DBExecUtils.java:192)
	at org.jkiss.dbeaver.ui.editors.sql.execute.SQLQueryJob.executeSingleQuery(SQLQueryJob.java:541)
	at org.jkiss.dbeaver.ui.editors.sql.execute.SQLQueryJob.extractData(SQLQueryJob.java:1001)
	at org.jkiss.dbeaver.ui.editors.sql.SQLEditor$QueryResultsContainer.readData(SQLEditor.java:4231)
	at org.jkiss.dbeaver.ui.controls.resultset.ResultSetJobDataRead.lambda$0(ResultSetJobDataRead.java:128)
	at org.jkiss.dbeaver.model.exec.DBExecUtils.tryExecuteRecover(DBExecUtils.java:192)
	at org.jkiss.dbeaver.ui.controls.resultset.ResultSetJobDataRead.run(ResultSetJobDataRead.java:126)
	at org.jkiss.dbeaver.ui.controls.resultset.ResultSetViewer$ResultSetDataPumpJob.run(ResultSetViewer.java:5160)
	at org.jkiss.dbeaver.model.runtime.AbstractJob.run(AbstractJob.java:117)
	at org.eclipse.core.internal.jobs.Worker.run(Worker.java:63)

!ENTRY org.jkiss.dbeaver.model 4 0 2024-09-19 09:33:51.232
!MESSAGE SQL Error [1940] [42000]: ORA-01940: 현재 접속되어 있는 사용자는 삭제할 수 없습니다

!SUBENTRY 1 org.jkiss.dbeaver.model 4 0 2024-09-19 09:33:51.232
!MESSAGE Error : 1940, Position : 0, Sql = DROP USER "C##P_PRO_ORDERPASS" CASCADE, OriginalSql = DROP USER "C##P_PRO_ORDERPASS" CASCADE, Error Msg = ORA-01940: 현재 접속되어 있는 사용자는 삭제할 수 없습니다

!STACK 0
Error : 1940, Position : 0, Sql = DROP USER "C##P_PRO_ORDERPASS" CASCADE, OriginalSql = DROP USER "C##P_PRO_ORDERPASS" CASCADE, Error Msg = ORA-01940: 현재 접속되어 있는 사용자는 삭제할 수 없습니다

	at oracle.jdbc.driver.T4CTTIoer11.processError(T4CTTIoer11.java:637)
	at oracle.jdbc.driver.T4CTTIoer11.processError(T4CTTIoer11.java:564)
	at oracle.jdbc.driver.T4C8Oall.processError(T4C8Oall.java:1231)
	at oracle.jdbc.driver.T4CTTIfun.receive(T4CTTIfun.java:772)
	at oracle.jdbc.driver.T4CTTIfun.doRPC(T4CTTIfun.java:299)
	at oracle.jdbc.driver.T4C8Oall.doOALL(T4C8Oall.java:512)
	at oracle.jdbc.driver.T4CStatement.doOall8(T4CStatement.java:123)
	at oracle.jdbc.driver.T4CStatement.executeForRows(T4CStatement.java:1200)
	at oracle.jdbc.driver.OracleStatement.executeSQLStatement(OracleStatement.java:1820)
	at oracle.jdbc.driver.OracleStatement.doExecuteWithTimeout(OracleStatement.java:1472)
	at oracle.jdbc.driver.OracleStatement.executeInternal(OracleStatement.java:2505)
	at oracle.jdbc.driver.OracleStatement.execute(OracleStatement.java:2460)
	at oracle.jdbc.driver.OracleStatementWrapper.execute(OracleStatementWrapper.java:328)
	at org.jkiss.dbeaver.model.impl.jdbc.exec.JDBCStatementImpl.execute(JDBCStatementImpl.java:332)
	at org.jkiss.dbeaver.model.impl.jdbc.exec.JDBCStatementImpl.executeStatement(JDBCStatementImpl.java:131)
	at org.jkiss.dbeaver.ui.editors.sql.execute.SQLQueryJob.executeStatement(SQLQueryJob.java:631)
	at org.jkiss.dbeaver.ui.editors.sql.execute.SQLQueryJob.lambda$2(SQLQueryJob.java:522)
	at org.jkiss.dbeaver.model.exec.DBExecUtils.tryExecuteRecover(DBExecUtils.java:192)
	at org.jkiss.dbeaver.ui.editors.sql.execute.SQLQueryJob.executeSingleQuery(SQLQueryJob.java:541)
	at org.jkiss.dbeaver.ui.editors.sql.execute.SQLQueryJob.extractData(SQLQueryJob.java:1001)
	at org.jkiss.dbeaver.ui.editors.sql.SQLEditor$QueryResultsContainer.readData(SQLEditor.java:4231)
	at org.jkiss.dbeaver.ui.controls.resultset.ResultSetJobDataRead.lambda$0(ResultSetJobDataRead.java:128)
	at org.jkiss.dbeaver.model.exec.DBExecUtils.tryExecuteRecover(DBExecUtils.java:192)
	at org.jkiss.dbeaver.ui.controls.resultset.ResultSetJobDataRead.run(ResultSetJobDataRead.java:126)
	at org.jkiss.dbeaver.ui.controls.resultset.ResultSetViewer$ResultSetDataPumpJob.run(ResultSetViewer.java:5160)
	at org.jkiss.dbeaver.model.runtime.AbstractJob.run(AbstractJob.java:117)
	at org.eclipse.core.internal.jobs.Worker.run(Worker.java:63)

!ENTRY org.jkiss.dbeaver.model 4 0 2024-09-19 09:35:21.972
!MESSAGE SQL Error [911] [22019]: ORA-00911: 문자가 부적합합니다

!SUBENTRY 1 org.jkiss.dbeaver.model 4 0 2024-09-19 09:35:21.972
!MESSAGE Error : 911, Position : 6, Sql = SELECT sid, serial#, status, spid
FROM v$session s, v$process p
WHERE s.username = 'C##P_PRO_ORDERPASS'
AND p.addr (+) = s.paddr, OriginalSql = SELECT sid, serial#, status, spid
FROM v$session s, v$process p
WHERE s.username = 'C##P_PRO_ORDERPASS'
AND p.addr (+) = s.paddr, Error Msg = ORA-00911: 문자가 부적합합니다

!STACK 0
Error : 911, Position : 6, Sql = SELECT sid, serial#, status, spid
FROM v$session s, v$process p
WHERE s.username = 'C##P_PRO_ORDERPASS'
AND p.addr (+) = s.paddr, OriginalSql = SELECT sid, serial#, status, spid
FROM v$session s, v$process p
WHERE s.username = 'C##P_PRO_ORDERPASS'
AND p.addr (+) = s.paddr, Error Msg = ORA-00911: 문자가 부적합합니다

	at oracle.jdbc.driver.T4CTTIoer11.processError(T4CTTIoer11.java:637)
	at oracle.jdbc.driver.T4CTTIoer11.processError(T4CTTIoer11.java:564)
	at oracle.jdbc.driver.T4C8Oall.processError(T4C8Oall.java:1231)
	at oracle.jdbc.driver.T4CTTIfun.receive(T4CTTIfun.java:772)
	at oracle.jdbc.driver.T4CTTIfun.doRPC(T4CTTIfun.java:299)
	at oracle.jdbc.driver.T4C8Oall.doOALL(T4C8Oall.java:512)
	at oracle.jdbc.driver.T4CStatement.doOall8(T4CStatement.java:123)
	at oracle.jdbc.driver.T4CStatement.executeForDescribe(T4CStatement.java:969)
	at oracle.jdbc.driver.OracleStatement.prepareDefineBufferAndExecute(OracleStatement.java:1271)
	at oracle.jdbc.driver.OracleStatement.executeMaybeDescribe(OracleStatement.java:1149)
	at oracle.jdbc.driver.OracleStatement.executeSQLSelect(OracleStatement.java:1661)
	at oracle.jdbc.driver.OracleStatement.doExecuteWithTimeout(OracleStatement.java:1470)
	at oracle.jdbc.driver.OracleStatement.executeInternal(OracleStatement.java:2505)
	at oracle.jdbc.driver.OracleStatement.execute(OracleStatement.java:2460)
	at oracle.jdbc.driver.OracleStatementWrapper.execute(OracleStatementWrapper.java:328)
	at org.jkiss.dbeaver.model.impl.jdbc.exec.JDBCStatementImpl.execute(JDBCStatementImpl.java:332)
	at org.jkiss.dbeaver.model.impl.jdbc.exec.JDBCStatementImpl.executeStatement(JDBCStatementImpl.java:131)
	at org.jkiss.dbeaver.ui.editors.sql.execute.SQLQueryJob.executeStatement(SQLQueryJob.java:631)
	at org.jkiss.dbeaver.ui.editors.sql.execute.SQLQueryJob.lambda$2(SQLQueryJob.java:522)
	at org.jkiss.dbeaver.model.exec.DBExecUtils.tryExecuteRecover(DBExecUtils.java:192)
	at org.jkiss.dbeaver.ui.editors.sql.execute.SQLQueryJob.executeSingleQuery(SQLQueryJob.java:541)
	at org.jkiss.dbeaver.ui.editors.sql.execute.SQLQueryJob.extractData(SQLQueryJob.java:1001)
	at org.jkiss.dbeaver.ui.editors.sql.SQLEditor$QueryResultsContainer.readData(SQLEditor.java:4231)
	at org.jkiss.dbeaver.ui.controls.resultset.ResultSetJobDataRead.lambda$0(ResultSetJobDataRead.java:128)
	at org.jkiss.dbeaver.model.exec.DBExecUtils.tryExecuteRecover(DBExecUtils.java:192)
	at org.jkiss.dbeaver.ui.controls.resultset.ResultSetJobDataRead.run(ResultSetJobDataRead.java:126)
	at org.jkiss.dbeaver.ui.controls.resultset.ResultSetViewer$ResultSetDataPumpJob.run(ResultSetViewer.java:5160)
	at org.jkiss.dbeaver.model.runtime.AbstractJob.run(AbstractJob.java:117)
	at org.eclipse.core.internal.jobs.Worker.run(Worker.java:63)

!ENTRY org.jkiss.dbeaver.model 4 0 2024-09-19 09:35:36.226
!MESSAGE SQL Error [911] [22019]: ORA-00911: 문자가 부적합합니다

!SUBENTRY 1 org.jkiss.dbeaver.model 4 0 2024-09-19 09:35:36.226
!MESSAGE Error : 911, Position : 6, Sql = SELECT sid, serial#, status, spid
FROM v$session s, v$process p
WHERE s.username = 'P_PRO_ORDERPASS'
AND p.addr (+) = s.paddr, OriginalSql = SELECT sid, serial#, status, spid
FROM v$session s, v$process p
WHERE s.username = 'P_PRO_ORDERPASS'
AND p.addr (+) = s.paddr, Error Msg = ORA-00911: 문자가 부적합합니다

!STACK 0
Error : 911, Position : 6, Sql = SELECT sid, serial#, status, spid
FROM v$session s, v$process p
WHERE s.username = 'P_PRO_ORDERPASS'
AND p.addr (+) = s.paddr, OriginalSql = SELECT sid, serial#, status, spid
FROM v$session s, v$process p
WHERE s.username = 'P_PRO_ORDERPASS'
AND p.addr (+) = s.paddr, Error Msg = ORA-00911: 문자가 부적합합니다

	at oracle.jdbc.driver.T4CTTIoer11.processError(T4CTTIoer11.java:637)
	at oracle.jdbc.driver.T4CTTIoer11.processError(T4CTTIoer11.java:564)
	at oracle.jdbc.driver.T4C8Oall.processError(T4C8Oall.java:1231)
	at oracle.jdbc.driver.T4CTTIfun.receive(T4CTTIfun.java:772)
	at oracle.jdbc.driver.T4CTTIfun.doRPC(T4CTTIfun.java:299)
	at oracle.jdbc.driver.T4C8Oall.doOALL(T4C8Oall.java:512)
	at oracle.jdbc.driver.T4CStatement.doOall8(T4CStatement.java:123)
	at oracle.jdbc.driver.T4CStatement.executeForDescribe(T4CStatement.java:969)
	at oracle.jdbc.driver.OracleStatement.prepareDefineBufferAndExecute(OracleStatement.java:1271)
	at oracle.jdbc.driver.OracleStatement.executeMaybeDescribe(OracleStatement.java:1149)
	at oracle.jdbc.driver.OracleStatement.executeSQLSelect(OracleStatement.java:1661)
	at oracle.jdbc.driver.OracleStatement.doExecuteWithTimeout(OracleStatement.java:1470)
	at oracle.jdbc.driver.OracleStatement.executeInternal(OracleStatement.java:2505)
	at oracle.jdbc.driver.OracleStatement.execute(OracleStatement.java:2460)
	at oracle.jdbc.driver.OracleStatementWrapper.execute(OracleStatementWrapper.java:328)
	at org.jkiss.dbeaver.model.impl.jdbc.exec.JDBCStatementImpl.execute(JDBCStatementImpl.java:332)
	at org.jkiss.dbeaver.model.impl.jdbc.exec.JDBCStatementImpl.executeStatement(JDBCStatementImpl.java:131)
	at org.jkiss.dbeaver.ui.editors.sql.execute.SQLQueryJob.executeStatement(SQLQueryJob.java:631)
	at org.jkiss.dbeaver.ui.editors.sql.execute.SQLQueryJob.lambda$2(SQLQueryJob.java:522)
	at org.jkiss.dbeaver.model.exec.DBExecUtils.tryExecuteRecover(DBExecUtils.java:192)
	at org.jkiss.dbeaver.ui.editors.sql.execute.SQLQueryJob.executeSingleQuery(SQLQueryJob.java:541)
	at org.jkiss.dbeaver.ui.editors.sql.execute.SQLQueryJob.extractData(SQLQueryJob.java:1001)
	at org.jkiss.dbeaver.ui.editors.sql.SQLEditor$QueryResultsContainer.readData(SQLEditor.java:4231)
	at org.jkiss.dbeaver.ui.controls.resultset.ResultSetJobDataRead.lambda$0(ResultSetJobDataRead.java:128)
	at org.jkiss.dbeaver.model.exec.DBExecUtils.tryExecuteRecover(DBExecUtils.java:192)
	at org.jkiss.dbeaver.ui.controls.resultset.ResultSetJobDataRead.run(ResultSetJobDataRead.java:126)
	at org.jkiss.dbeaver.ui.controls.resultset.ResultSetViewer$ResultSetDataPumpJob.run(ResultSetViewer.java:5160)
	at org.jkiss.dbeaver.model.runtime.AbstractJob.run(AbstractJob.java:117)
	at org.eclipse.core.internal.jobs.Worker.run(Worker.java:63)

!ENTRY org.jkiss.dbeaver.model 4 0 2024-09-19 09:37:29.835
!MESSAGE SQL Error [955] [42000]: ORA-00955: 기존의 객체가 이름을 사용하고 있습니다.

!SUBENTRY 1 org.jkiss.dbeaver.model 4 0 2024-09-19 09:37:29.835
!MESSAGE Error : 955, Position : 13, Sql = CREATE TABLE customer
(
  id         NVARCHAR2(20) NOT NULL,
  pwd        NVARCHAR2(20) NOT NULL,
  name       VARCHAR2(10)  NOT NULL,
  residentNo NVARCHAR2(30) NOT NULL,
  phoneNo    VARCHAR2(20)  NOT NULL,
  addr       NVARCHAR2(30),
  orderNo    NUMBER(10)    NOT NULL,
  CONSTRAINT PK_customer PRIMARY KEY (id)
), OriginalSql = CREATE TABLE customer
(
  id         NVARCHAR2(20) NOT NULL,
  pwd        NVARCHAR2(20) NOT NULL,
  name       VARCHAR2(10)  NOT NULL,
  residentNo NVARCHAR2(30) NOT NULL,
  phoneNo    VARCHAR2(20)  NOT NULL,
  addr       NVARCHAR2(30),
  orderNo    NUMBER(10)    NOT NULL,
  CONSTRAINT PK_customer PRIMARY KEY (id)
), Error Msg = ORA-00955: 기존의 객체가 이름을 사용하고 있습니다.

!STACK 0
Error : 955, Position : 13, Sql = CREATE TABLE customer
(
  id         NVARCHAR2(20) NOT NULL,
  pwd        NVARCHAR2(20) NOT NULL,
  name       VARCHAR2(10)  NOT NULL,
  residentNo NVARCHAR2(30) NOT NULL,
  phoneNo    VARCHAR2(20)  NOT NULL,
  addr       NVARCHAR2(30),
  orderNo    NUMBER(10)    NOT NULL,
  CONSTRAINT PK_customer PRIMARY KEY (id)
), OriginalSql = CREATE TABLE customer
(
  id         NVARCHAR2(20) NOT NULL,
  pwd        NVARCHAR2(20) NOT NULL,
  name       VARCHAR2(10)  NOT NULL,
  residentNo NVARCHAR2(30) NOT NULL,
  phoneNo    VARCHAR2(20)  NOT NULL,
  addr       NVARCHAR2(30),
  orderNo    NUMBER(10)    NOT NULL,
  CONSTRAINT PK_customer PRIMARY KEY (id)
), Error Msg = ORA-00955: 기존의 객체가 이름을 사용하고 있습니다.

	at oracle.jdbc.driver.T4CTTIoer11.processError(T4CTTIoer11.java:637)
	at oracle.jdbc.driver.T4CTTIoer11.processError(T4CTTIoer11.java:564)
	at oracle.jdbc.driver.T4C8Oall.processError(T4C8Oall.java:1231)
	at oracle.jdbc.driver.T4CTTIfun.receive(T4CTTIfun.java:772)
	at oracle.jdbc.driver.T4CTTIfun.doRPC(T4CTTIfun.java:299)
	at oracle.jdbc.driver.T4C8Oall.doOALL(T4C8Oall.java:512)
	at oracle.jdbc.driver.T4CStatement.doOall8(T4CStatement.java:123)
	at oracle.jdbc.driver.T4CStatement.executeForRows(T4CStatement.java:1200)
	at oracle.jdbc.driver.OracleStatement.executeSQLStatement(OracleStatement.java:1820)
	at oracle.jdbc.driver.OracleStatement.doExecuteWithTimeout(OracleStatement.java:1472)
	at oracle.jdbc.driver.OracleStatement.executeInternal(OracleStatement.java:2505)
	at oracle.jdbc.driver.OracleStatement.execute(OracleStatement.java:2460)
	at oracle.jdbc.driver.OracleStatementWrapper.execute(OracleStatementWrapper.java:328)
	at org.jkiss.dbeaver.model.impl.jdbc.exec.JDBCStatementImpl.execute(JDBCStatementImpl.java:332)
	at org.jkiss.dbeaver.model.impl.jdbc.exec.JDBCStatementImpl.executeStatement(JDBCStatementImpl.java:131)
	at org.jkiss.dbeaver.ui.editors.sql.execute.SQLQueryJob.executeStatement(SQLQueryJob.java:631)
	at org.jkiss.dbeaver.ui.editors.sql.execute.SQLQueryJob.lambda$2(SQLQueryJob.java:522)
	at org.jkiss.dbeaver.model.exec.DBExecUtils.tryExecuteRecover(DBExecUtils.java:192)
	at org.jkiss.dbeaver.ui.editors.sql.execute.SQLQueryJob.executeSingleQuery(SQLQueryJob.java:541)
	at org.jkiss.dbeaver.ui.editors.sql.execute.SQLQueryJob.extractData(SQLQueryJob.java:1001)
	at org.jkiss.dbeaver.ui.editors.sql.SQLEditor$QueryResultsContainer.readData(SQLEditor.java:4231)
	at org.jkiss.dbeaver.ui.controls.resultset.ResultSetJobDataRead.lambda$0(ResultSetJobDataRead.java:128)
	at org.jkiss.dbeaver.model.exec.DBExecUtils.tryExecuteRecover(DBExecUtils.java:192)
	at org.jkiss.dbeaver.ui.controls.resultset.ResultSetJobDataRead.run(ResultSetJobDataRead.java:126)
	at org.jkiss.dbeaver.ui.controls.resultset.ResultSetViewer$ResultSetDataPumpJob.run(ResultSetViewer.java:5160)
	at org.jkiss.dbeaver.model.runtime.AbstractJob.run(AbstractJob.java:117)
	at org.eclipse.core.internal.jobs.Worker.run(Worker.java:63)

!ENTRY org.jkiss.dbeaver.model 4 0 2024-09-19 09:38:05.503
!MESSAGE SQL Error [2261] [42000]: ORA-02261: 고유 키 또는 기본 키가 이미 존재하고 있습니다

!SUBENTRY 1 org.jkiss.dbeaver.model 4 0 2024-09-19 09:38:05.503
!MESSAGE Error : 2261, Position : 47, Sql = ALTER TABLE hotIce
  ADD CONSTRAINT UQ_menuNo UNIQUE (menuNo), OriginalSql = ALTER TABLE hotIce
  ADD CONSTRAINT UQ_menuNo UNIQUE (menuNo), Error Msg = ORA-02261: 고유 키 또는 기본 키가 이미 존재하고 있습니다

!STACK 0
Error : 2261, Position : 47, Sql = ALTER TABLE hotIce
  ADD CONSTRAINT UQ_menuNo UNIQUE (menuNo), OriginalSql = ALTER TABLE hotIce
  ADD CONSTRAINT UQ_menuNo UNIQUE (menuNo), Error Msg = ORA-02261: 고유 키 또는 기본 키가 이미 존재하고 있습니다

	at oracle.jdbc.driver.T4CTTIoer11.processError(T4CTTIoer11.java:637)
	at oracle.jdbc.driver.T4CTTIoer11.processError(T4CTTIoer11.java:564)
	at oracle.jdbc.driver.T4C8Oall.processError(T4C8Oall.java:1231)
	at oracle.jdbc.driver.T4CTTIfun.receive(T4CTTIfun.java:772)
	at oracle.jdbc.driver.T4CTTIfun.doRPC(T4CTTIfun.java:299)
	at oracle.jdbc.driver.T4C8Oall.doOALL(T4C8Oall.java:512)
	at oracle.jdbc.driver.T4CStatement.doOall8(T4CStatement.java:123)
	at oracle.jdbc.driver.T4CStatement.executeForRows(T4CStatement.java:1200)
	at oracle.jdbc.driver.OracleStatement.executeSQLStatement(OracleStatement.java:1820)
	at oracle.jdbc.driver.OracleStatement.doExecuteWithTimeout(OracleStatement.java:1472)
	at oracle.jdbc.driver.OracleStatement.executeInternal(OracleStatement.java:2505)
	at oracle.jdbc.driver.OracleStatement.execute(OracleStatement.java:2460)
	at oracle.jdbc.driver.OracleStatementWrapper.execute(OracleStatementWrapper.java:328)
	at org.jkiss.dbeaver.model.impl.jdbc.exec.JDBCStatementImpl.execute(JDBCStatementImpl.java:332)
	at org.jkiss.dbeaver.model.impl.jdbc.exec.JDBCStatementImpl.executeStatement(JDBCStatementImpl.java:131)
	at org.jkiss.dbeaver.ui.editors.sql.execute.SQLQueryJob.executeStatement(SQLQueryJob.java:631)
	at org.jkiss.dbeaver.ui.editors.sql.execute.SQLQueryJob.lambda$2(SQLQueryJob.java:522)
	at org.jkiss.dbeaver.model.exec.DBExecUtils.tryExecuteRecover(DBExecUtils.java:192)
	at org.jkiss.dbeaver.ui.editors.sql.execute.SQLQueryJob.executeSingleQuery(SQLQueryJob.java:541)
	at org.jkiss.dbeaver.ui.editors.sql.execute.SQLQueryJob.extractData(SQLQueryJob.java:1001)
	at org.jkiss.dbeaver.ui.editors.sql.SQLEditor$QueryResultsContainer.readData(SQLEditor.java:4231)
	at org.jkiss.dbeaver.ui.controls.resultset.ResultSetJobDataRead.lambda$0(ResultSetJobDataRead.java:128)
	at org.jkiss.dbeaver.model.exec.DBExecUtils.tryExecuteRecover(DBExecUtils.java:192)
	at org.jkiss.dbeaver.ui.controls.resultset.ResultSetJobDataRead.run(ResultSetJobDataRead.java:126)
	at org.jkiss.dbeaver.ui.controls.resultset.ResultSetViewer$ResultSetDataPumpJob.run(ResultSetViewer.java:5160)
	at org.jkiss.dbeaver.model.runtime.AbstractJob.run(AbstractJob.java:117)
	at org.eclipse.core.internal.jobs.Worker.run(Worker.java:63)

!ENTRY org.jkiss.dbeaver.model 4 0 2024-09-19 09:38:37.865
!MESSAGE SQL Error [2264] [42000]: ORA-02264: 기존의 제약에 사용된 이름입니다

!SUBENTRY 1 org.jkiss.dbeaver.model 4 0 2024-09-19 09:38:37.865
!MESSAGE Error : 2264, Position : 35, Sql = ALTER TABLE menu
  ADD CONSTRAINT UQ_name UNIQUE (name), OriginalSql = ALTER TABLE menu
  ADD CONSTRAINT UQ_name UNIQUE (name), Error Msg = ORA-02264: 기존의 제약에 사용된 이름입니다

!STACK 0
Error : 2264, Position : 35, Sql = ALTER TABLE menu
  ADD CONSTRAINT UQ_name UNIQUE (name), OriginalSql = ALTER TABLE menu
  ADD CONSTRAINT UQ_name UNIQUE (name), Error Msg = ORA-02264: 기존의 제약에 사용된 이름입니다

	at oracle.jdbc.driver.T4CTTIoer11.processError(T4CTTIoer11.java:637)
	at oracle.jdbc.driver.T4CTTIoer11.processError(T4CTTIoer11.java:564)
	at oracle.jdbc.driver.T4C8Oall.processError(T4C8Oall.java:1231)
	at oracle.jdbc.driver.T4CTTIfun.receive(T4CTTIfun.java:772)
	at oracle.jdbc.driver.T4CTTIfun.doRPC(T4CTTIfun.java:299)
	at oracle.jdbc.driver.T4C8Oall.doOALL(T4C8Oall.java:512)
	at oracle.jdbc.driver.T4CStatement.doOall8(T4CStatement.java:123)
	at oracle.jdbc.driver.T4CStatement.executeForRows(T4CStatement.java:1200)
	at oracle.jdbc.driver.OracleStatement.executeSQLStatement(OracleStatement.java:1820)
	at oracle.jdbc.driver.OracleStatement.doExecuteWithTimeout(OracleStatement.java:1472)
	at oracle.jdbc.driver.OracleStatement.executeInternal(OracleStatement.java:2505)
	at oracle.jdbc.driver.OracleStatement.execute(OracleStatement.java:2460)
	at oracle.jdbc.driver.OracleStatementWrapper.execute(OracleStatementWrapper.java:328)
	at org.jkiss.dbeaver.model.impl.jdbc.exec.JDBCStatementImpl.execute(JDBCStatementImpl.java:332)
	at org.jkiss.dbeaver.model.impl.jdbc.exec.JDBCStatementImpl.executeStatement(JDBCStatementImpl.java:131)
	at org.jkiss.dbeaver.ui.editors.sql.execute.SQLQueryJob.executeStatement(SQLQueryJob.java:631)
	at org.jkiss.dbeaver.ui.editors.sql.execute.SQLQueryJob.lambda$2(SQLQueryJob.java:522)
	at org.jkiss.dbeaver.model.exec.DBExecUtils.tryExecuteRecover(DBExecUtils.java:192)
	at org.jkiss.dbeaver.ui.editors.sql.execute.SQLQueryJob.executeSingleQuery(SQLQueryJob.java:541)
	at org.jkiss.dbeaver.ui.editors.sql.execute.SQLQueryJob.extractData(SQLQueryJob.java:1001)
	at org.jkiss.dbeaver.ui.editors.sql.SQLEditor$QueryResultsContainer.readData(SQLEditor.java:4231)
	at org.jkiss.dbeaver.ui.controls.resultset.ResultSetJobDataRead.lambda$0(ResultSetJobDataRead.java:128)
	at org.jkiss.dbeaver.model.exec.DBExecUtils.tryExecuteRecover(DBExecUtils.java:192)
	at org.jkiss.dbeaver.ui.controls.resultset.ResultSetJobDataRead.run(ResultSetJobDataRead.java:126)
	at org.jkiss.dbeaver.ui.controls.resultset.ResultSetViewer$ResultSetDataPumpJob.run(ResultSetViewer.java:5160)
	at org.jkiss.dbeaver.model.runtime.AbstractJob.run(AbstractJob.java:117)
	at org.eclipse.core.internal.jobs.Worker.run(Worker.java:63)

!ENTRY org.jkiss.dbeaver.model 4 0 2024-09-19 09:39:04.410
!MESSAGE SQL Error [2275] [42000]: ORA-02275: 참조 제약이 이미 테이블에 존재합니다

!SUBENTRY 1 org.jkiss.dbeaver.model 4 0 2024-09-19 09:39:04.410
!MESSAGE Error : 2275, Position : 60, Sql = ALTER TABLE hotIce
  ADD CONSTRAINT FK_menu_TO_hotIce
    FOREIGN KEY (menuNo)
    REFERENCES menu (menuNo), OriginalSql = ALTER TABLE hotIce
  ADD CONSTRAINT FK_menu_TO_hotIce
    FOREIGN KEY (menuNo)
    REFERENCES menu (menuNo), Error Msg = ORA-02275: 참조 제약이 이미 테이블에 존재합니다

!STACK 0
Error : 2275, Position : 60, Sql = ALTER TABLE hotIce
  ADD CONSTRAINT FK_menu_TO_hotIce
    FOREIGN KEY (menuNo)
    REFERENCES menu (menuNo), OriginalSql = ALTER TABLE hotIce
  ADD CONSTRAINT FK_menu_TO_hotIce
    FOREIGN KEY (menuNo)
    REFERENCES menu (menuNo), Error Msg = ORA-02275: 참조 제약이 이미 테이블에 존재합니다

	at oracle.jdbc.driver.T4CTTIoer11.processError(T4CTTIoer11.java:637)
	at oracle.jdbc.driver.T4CTTIoer11.processError(T4CTTIoer11.java:564)
	at oracle.jdbc.driver.T4C8Oall.processError(T4C8Oall.java:1231)
	at oracle.jdbc.driver.T4CTTIfun.receive(T4CTTIfun.java:772)
	at oracle.jdbc.driver.T4CTTIfun.doRPC(T4CTTIfun.java:299)
	at oracle.jdbc.driver.T4C8Oall.doOALL(T4C8Oall.java:512)
	at oracle.jdbc.driver.T4CStatement.doOall8(T4CStatement.java:123)
	at oracle.jdbc.driver.T4CStatement.executeForRows(T4CStatement.java:1200)
	at oracle.jdbc.driver.OracleStatement.executeSQLStatement(OracleStatement.java:1820)
	at oracle.jdbc.driver.OracleStatement.doExecuteWithTimeout(OracleStatement.java:1472)
	at oracle.jdbc.driver.OracleStatement.executeInternal(OracleStatement.java:2505)
	at oracle.jdbc.driver.OracleStatement.execute(OracleStatement.java:2460)
	at oracle.jdbc.driver.OracleStatementWrapper.execute(OracleStatementWrapper.java:328)
	at org.jkiss.dbeaver.model.impl.jdbc.exec.JDBCStatementImpl.execute(JDBCStatementImpl.java:332)
	at org.jkiss.dbeaver.model.impl.jdbc.exec.JDBCStatementImpl.executeStatement(JDBCStatementImpl.java:131)
	at org.jkiss.dbeaver.ui.editors.sql.execute.SQLQueryJob.executeStatement(SQLQueryJob.java:631)
	at org.jkiss.dbeaver.ui.editors.sql.execute.SQLQueryJob.lambda$2(SQLQueryJob.java:522)
	at org.jkiss.dbeaver.model.exec.DBExecUtils.tryExecuteRecover(DBExecUtils.java:192)
	at org.jkiss.dbeaver.ui.editors.sql.execute.SQLQueryJob.executeSingleQuery(SQLQueryJob.java:541)
	at org.jkiss.dbeaver.ui.editors.sql.execute.SQLQueryJob.extractData(SQLQueryJob.java:1001)
	at org.jkiss.dbeaver.ui.editors.sql.SQLEditor$QueryResultsContainer.readData(SQLEditor.java:4231)
	at org.jkiss.dbeaver.ui.controls.resultset.ResultSetJobDataRead.lambda$0(ResultSetJobDataRead.java:128)
	at org.jkiss.dbeaver.model.exec.DBExecUtils.tryExecuteRecover(DBExecUtils.java:192)
	at org.jkiss.dbeaver.ui.controls.resultset.ResultSetJobDataRead.run(ResultSetJobDataRead.java:126)
	at org.jkiss.dbeaver.ui.controls.resultset.ResultSetViewer$ResultSetDataPumpJob.run(ResultSetViewer.java:5160)
	at org.jkiss.dbeaver.model.runtime.AbstractJob.run(AbstractJob.java:117)
	at org.eclipse.core.internal.jobs.Worker.run(Worker.java:63)

!ENTRY org.jkiss.dbeaver.model 4 0 2024-09-19 09:54:20.396
!MESSAGE SQL Error [900] [42000]: ORA-00900: SQL 문이 부적합합니다


Error position: line: 272
!SUBENTRY 1 org.jkiss.dbeaver.model 4 0 2024-09-19 09:54:20.396
!MESSAGE SQL Error [900] [42000]: ORA-00900: SQL 문이 부적합합니다

!SUBENTRY 2 org.jkiss.dbeaver.model 4 0 2024-09-19 09:54:20.396
!MESSAGE Error : 900, Position : 0, Sql = END, OriginalSql = END, Error Msg = ORA-00900: SQL 문이 부적합합니다

!STACK 0
Error : 900, Position : 0, Sql = END, OriginalSql = END, Error Msg = ORA-00900: SQL 문이 부적합합니다

	at oracle.jdbc.driver.T4CTTIoer11.processError(T4CTTIoer11.java:637)
	at oracle.jdbc.driver.T4CTTIoer11.processError(T4CTTIoer11.java:564)
	at oracle.jdbc.driver.T4C8Oall.processError(T4C8Oall.java:1231)
	at oracle.jdbc.driver.T4CTTIfun.receive(T4CTTIfun.java:772)
	at oracle.jdbc.driver.T4CTTIfun.doRPC(T4CTTIfun.java:299)
	at oracle.jdbc.driver.T4C8Oall.doOALL(T4C8Oall.java:512)
	at oracle.jdbc.driver.T4CStatement.doOall8(T4CStatement.java:123)
	at oracle.jdbc.driver.T4CStatement.executeForRows(T4CStatement.java:1200)
	at oracle.jdbc.driver.OracleStatement.executeSQLStatement(OracleStatement.java:1820)
	at oracle.jdbc.driver.OracleStatement.doExecuteWithTimeout(OracleStatement.java:1472)
	at oracle.jdbc.driver.OracleStatement.executeInternal(OracleStatement.java:2505)
	at oracle.jdbc.driver.OracleStatement.execute(OracleStatement.java:2460)
	at oracle.jdbc.driver.OracleStatementWrapper.execute(OracleStatementWrapper.java:328)
	at org.jkiss.dbeaver.model.impl.jdbc.exec.JDBCStatementImpl.execute(JDBCStatementImpl.java:332)
	at org.jkiss.dbeaver.model.impl.jdbc.exec.JDBCStatementImpl.executeStatement(JDBCStatementImpl.java:131)
	at org.jkiss.dbeaver.ui.editors.sql.execute.SQLQueryJob.executeStatement(SQLQueryJob.java:631)
	at org.jkiss.dbeaver.ui.editors.sql.execute.SQLQueryJob.lambda$2(SQLQueryJob.java:522)
	at org.jkiss.dbeaver.model.exec.DBExecUtils.tryExecuteRecover(DBExecUtils.java:192)
	at org.jkiss.dbeaver.ui.editors.sql.execute.SQLQueryJob.executeSingleQuery(SQLQueryJob.java:541)
	at org.jkiss.dbeaver.ui.editors.sql.execute.SQLQueryJob.extractData(SQLQueryJob.java:1001)
	at org.jkiss.dbeaver.ui.editors.sql.SQLEditor$QueryResultsContainer.readData(SQLEditor.java:4231)
	at org.jkiss.dbeaver.ui.controls.resultset.ResultSetJobDataRead.lambda$0(ResultSetJobDataRead.java:128)
	at org.jkiss.dbeaver.model.exec.DBExecUtils.tryExecuteRecover(DBExecUtils.java:192)
	at org.jkiss.dbeaver.ui.controls.resultset.ResultSetJobDataRead.run(ResultSetJobDataRead.java:126)
	at org.jkiss.dbeaver.ui.controls.resultset.ResultSetViewer$ResultSetDataPumpJob.run(ResultSetViewer.java:5160)
	at org.jkiss.dbeaver.model.runtime.AbstractJob.run(AbstractJob.java:117)
	at org.eclipse.core.internal.jobs.Worker.run(Worker.java:63)

!ENTRY org.jkiss.dbeaver.model 4 0 2024-09-19 09:54:39.303
!MESSAGE SQL Error [900] [42000]: ORA-00900: SQL 문이 부적합합니다

!SUBENTRY 1 org.jkiss.dbeaver.model 4 0 2024-09-19 09:54:39.303
!MESSAGE Error : 900, Position : 0, Sql = END, OriginalSql = END, Error Msg = ORA-00900: SQL 문이 부적합합니다

!STACK 0
Error : 900, Position : 0, Sql = END, OriginalSql = END, Error Msg = ORA-00900: SQL 문이 부적합합니다

	at oracle.jdbc.driver.T4CTTIoer11.processError(T4CTTIoer11.java:637)
	at oracle.jdbc.driver.T4CTTIoer11.processError(T4CTTIoer11.java:564)
	at oracle.jdbc.driver.T4C8Oall.processError(T4C8Oall.java:1231)
	at oracle.jdbc.driver.T4CTTIfun.receive(T4CTTIfun.java:772)
	at oracle.jdbc.driver.T4CTTIfun.doRPC(T4CTTIfun.java:299)
	at oracle.jdbc.driver.T4C8Oall.doOALL(T4C8Oall.java:512)
	at oracle.jdbc.driver.T4CStatement.doOall8(T4CStatement.java:123)
	at oracle.jdbc.driver.T4CStatement.executeForRows(T4CStatement.java:1200)
	at oracle.jdbc.driver.OracleStatement.executeSQLStatement(OracleStatement.java:1820)
	at oracle.jdbc.driver.OracleStatement.doExecuteWithTimeout(OracleStatement.java:1472)
	at oracle.jdbc.driver.OracleStatement.executeInternal(OracleStatement.java:2505)
	at oracle.jdbc.driver.OracleStatement.execute(OracleStatement.java:2460)
	at oracle.jdbc.driver.OracleStatementWrapper.execute(OracleStatementWrapper.java:328)
	at org.jkiss.dbeaver.model.impl.jdbc.exec.JDBCStatementImpl.execute(JDBCStatementImpl.java:332)
	at org.jkiss.dbeaver.model.impl.jdbc.exec.JDBCStatementImpl.executeStatement(JDBCStatementImpl.java:131)
	at org.jkiss.dbeaver.ui.editors.sql.execute.SQLQueryJob.executeStatement(SQLQueryJob.java:631)
	at org.jkiss.dbeaver.ui.editors.sql.execute.SQLQueryJob.lambda$2(SQLQueryJob.java:522)
	at org.jkiss.dbeaver.model.exec.DBExecUtils.tryExecuteRecover(DBExecUtils.java:192)
	at org.jkiss.dbeaver.ui.editors.sql.execute.SQLQueryJob.executeSingleQuery(SQLQueryJob.java:541)
	at org.jkiss.dbeaver.ui.editors.sql.execute.SQLQueryJob.extractData(SQLQueryJob.java:1001)
	at org.jkiss.dbeaver.ui.editors.sql.SQLEditor$QueryResultsContainer.readData(SQLEditor.java:4231)
	at org.jkiss.dbeaver.ui.controls.resultset.ResultSetJobDataRead.lambda$0(ResultSetJobDataRead.java:128)
	at org.jkiss.dbeaver.model.exec.DBExecUtils.tryExecuteRecover(DBExecUtils.java:192)
	at org.jkiss.dbeaver.ui.controls.resultset.ResultSetJobDataRead.run(ResultSetJobDataRead.java:126)
	at org.jkiss.dbeaver.ui.controls.resultset.ResultSetViewer$ResultSetDataPumpJob.run(ResultSetViewer.java:5160)
	at org.jkiss.dbeaver.model.runtime.AbstractJob.run(AbstractJob.java:117)
	at org.eclipse.core.internal.jobs.Worker.run(Worker.java:63)

!ENTRY org.jkiss.dbeaver.model 4 0 2024-09-19 09:54:46.390
!MESSAGE SQL Error [900] [42000]: ORA-00900: SQL 문이 부적합합니다

!SUBENTRY 1 org.jkiss.dbeaver.model 4 0 2024-09-19 09:54:46.390
!MESSAGE Error : 900, Position : 0, Sql = END, OriginalSql = END, Error Msg = ORA-00900: SQL 문이 부적합합니다

!STACK 0
Error : 900, Position : 0, Sql = END, OriginalSql = END, Error Msg = ORA-00900: SQL 문이 부적합합니다

	at oracle.jdbc.driver.T4CTTIoer11.processError(T4CTTIoer11.java:637)
	at oracle.jdbc.driver.T4CTTIoer11.processError(T4CTTIoer11.java:564)
	at oracle.jdbc.driver.T4C8Oall.processError(T4C8Oall.java:1231)
	at oracle.jdbc.driver.T4CTTIfun.receive(T4CTTIfun.java:772)
	at oracle.jdbc.driver.T4CTTIfun.doRPC(T4CTTIfun.java:299)
	at oracle.jdbc.driver.T4C8Oall.doOALL(T4C8Oall.java:512)
	at oracle.jdbc.driver.T4CStatement.doOall8(T4CStatement.java:123)
	at oracle.jdbc.driver.T4CStatement.executeForRows(T4CStatement.java:1200)
	at oracle.jdbc.driver.OracleStatement.executeSQLStatement(OracleStatement.java:1820)
	at oracle.jdbc.driver.OracleStatement.doExecuteWithTimeout(OracleStatement.java:1472)
	at oracle.jdbc.driver.OracleStatement.executeInternal(OracleStatement.java:2505)
	at oracle.jdbc.driver.OracleStatement.execute(OracleStatement.java:2460)
	at oracle.jdbc.driver.OracleStatementWrapper.execute(OracleStatementWrapper.java:328)
	at org.jkiss.dbeaver.model.impl.jdbc.exec.JDBCStatementImpl.execute(JDBCStatementImpl.java:332)
	at org.jkiss.dbeaver.model.impl.jdbc.exec.JDBCStatementImpl.executeStatement(JDBCStatementImpl.java:131)
	at org.jkiss.dbeaver.ui.editors.sql.execute.SQLQueryJob.executeStatement(SQLQueryJob.java:631)
	at org.jkiss.dbeaver.ui.editors.sql.execute.SQLQueryJob.lambda$2(SQLQueryJob.java:522)
	at org.jkiss.dbeaver.model.exec.DBExecUtils.tryExecuteRecover(DBExecUtils.java:192)
	at org.jkiss.dbeaver.ui.editors.sql.execute.SQLQueryJob.executeSingleQuery(SQLQueryJob.java:541)
	at org.jkiss.dbeaver.ui.editors.sql.execute.SQLQueryJob.extractData(SQLQueryJob.java:1001)
	at org.jkiss.dbeaver.ui.editors.sql.SQLEditor$QueryResultsContainer.readData(SQLEditor.java:4231)
	at org.jkiss.dbeaver.ui.controls.resultset.ResultSetJobDataRead.lambda$0(ResultSetJobDataRead.java:128)
	at org.jkiss.dbeaver.model.exec.DBExecUtils.tryExecuteRecover(DBExecUtils.java:192)
	at org.jkiss.dbeaver.ui.controls.resultset.ResultSetJobDataRead.run(ResultSetJobDataRead.java:126)
	at org.jkiss.dbeaver.ui.controls.resultset.ResultSetViewer$ResultSetDataPumpJob.run(ResultSetViewer.java:5160)
	at org.jkiss.dbeaver.model.runtime.AbstractJob.run(AbstractJob.java:117)
	at org.eclipse.core.internal.jobs.Worker.run(Worker.java:63)

!ENTRY org.jkiss.dbeaver.model 4 0 2024-09-19 09:55:53.360
!MESSAGE SQL Error [900] [42000]: ORA-00900: SQL 문이 부적합합니다

!SUBENTRY 1 org.jkiss.dbeaver.model 4 0 2024-09-19 09:55:53.360
!MESSAGE Error : 900, Position : 0, Sql = END, OriginalSql = END, Error Msg = ORA-00900: SQL 문이 부적합합니다

!STACK 0
Error : 900, Position : 0, Sql = END, OriginalSql = END, Error Msg = ORA-00900: SQL 문이 부적합합니다

	at oracle.jdbc.driver.T4CTTIoer11.processError(T4CTTIoer11.java:637)
	at oracle.jdbc.driver.T4CTTIoer11.processError(T4CTTIoer11.java:564)
	at oracle.jdbc.driver.T4C8Oall.processError(T4C8Oall.java:1231)
	at oracle.jdbc.driver.T4CTTIfun.receive(T4CTTIfun.java:772)
	at oracle.jdbc.driver.T4CTTIfun.doRPC(T4CTTIfun.java:299)
	at oracle.jdbc.driver.T4C8Oall.doOALL(T4C8Oall.java:512)
	at oracle.jdbc.driver.T4CStatement.doOall8(T4CStatement.java:123)
	at oracle.jdbc.driver.T4CStatement.executeForRows(T4CStatement.java:1200)
	at oracle.jdbc.driver.OracleStatement.executeSQLStatement(OracleStatement.java:1820)
	at oracle.jdbc.driver.OracleStatement.doExecuteWithTimeout(OracleStatement.java:1472)
	at oracle.jdbc.driver.OracleStatement.executeInternal(OracleStatement.java:2505)
	at oracle.jdbc.driver.OracleStatement.execute(OracleStatement.java:2460)
	at oracle.jdbc.driver.OracleStatementWrapper.execute(OracleStatementWrapper.java:328)
	at org.jkiss.dbeaver.model.impl.jdbc.exec.JDBCStatementImpl.execute(JDBCStatementImpl.java:332)
	at org.jkiss.dbeaver.model.impl.jdbc.exec.JDBCStatementImpl.executeStatement(JDBCStatementImpl.java:131)
	at org.jkiss.dbeaver.ui.editors.sql.execute.SQLQueryJob.executeStatement(SQLQueryJob.java:631)
	at org.jkiss.dbeaver.ui.editors.sql.execute.SQLQueryJob.lambda$2(SQLQueryJob.java:522)
	at org.jkiss.dbeaver.model.exec.DBExecUtils.tryExecuteRecover(DBExecUtils.java:192)
	at org.jkiss.dbeaver.ui.editors.sql.execute.SQLQueryJob.executeSingleQuery(SQLQueryJob.java:541)
	at org.jkiss.dbeaver.ui.editors.sql.execute.SQLQueryJob.extractData(SQLQueryJob.java:1001)
	at org.jkiss.dbeaver.ui.editors.sql.SQLEditor$QueryResultsContainer.readData(SQLEditor.java:4231)
	at org.jkiss.dbeaver.ui.controls.resultset.ResultSetJobDataRead.lambda$0(ResultSetJobDataRead.java:128)
	at org.jkiss.dbeaver.model.exec.DBExecUtils.tryExecuteRecover(DBExecUtils.java:192)
	at org.jkiss.dbeaver.ui.controls.resultset.ResultSetJobDataRead.run(ResultSetJobDataRead.java:126)
	at org.jkiss.dbeaver.ui.controls.resultset.ResultSetViewer$ResultSetDataPumpJob.run(ResultSetViewer.java:5160)
	at org.jkiss.dbeaver.model.runtime.AbstractJob.run(AbstractJob.java:117)
	at org.eclipse.core.internal.jobs.Worker.run(Worker.java:63)

!ENTRY org.jkiss.dbeaver.model 4 0 2024-09-19 09:56:52.550
!MESSAGE SQL Error [900] [42000]: ORA-00900: SQL 문이 부적합합니다

!SUBENTRY 1 org.jkiss.dbeaver.model 4 0 2024-09-19 09:56:52.550
!MESSAGE Error : 900, Position : 0, Sql = END, OriginalSql = END, Error Msg = ORA-00900: SQL 문이 부적합합니다

!STACK 0
Error : 900, Position : 0, Sql = END, OriginalSql = END, Error Msg = ORA-00900: SQL 문이 부적합합니다

	at oracle.jdbc.driver.T4CTTIoer11.processError(T4CTTIoer11.java:637)
	at oracle.jdbc.driver.T4CTTIoer11.processError(T4CTTIoer11.java:564)
	at oracle.jdbc.driver.T4C8Oall.processError(T4C8Oall.java:1231)
	at oracle.jdbc.driver.T4CTTIfun.receive(T4CTTIfun.java:772)
	at oracle.jdbc.driver.T4CTTIfun.doRPC(T4CTTIfun.java:299)
	at oracle.jdbc.driver.T4C8Oall.doOALL(T4C8Oall.java:512)
	at oracle.jdbc.driver.T4CStatement.doOall8(T4CStatement.java:123)
	at oracle.jdbc.driver.T4CStatement.executeForRows(T4CStatement.java:1200)
	at oracle.jdbc.driver.OracleStatement.executeSQLStatement(OracleStatement.java:1820)
	at oracle.jdbc.driver.OracleStatement.doExecuteWithTimeout(OracleStatement.java:1472)
	at oracle.jdbc.driver.OracleStatement.executeInternal(OracleStatement.java:2505)
	at oracle.jdbc.driver.OracleStatement.execute(OracleStatement.java:2460)
	at oracle.jdbc.driver.OracleStatementWrapper.execute(OracleStatementWrapper.java:328)
	at org.jkiss.dbeaver.model.impl.jdbc.exec.JDBCStatementImpl.execute(JDBCStatementImpl.java:332)
	at org.jkiss.dbeaver.model.impl.jdbc.exec.JDBCStatementImpl.executeStatement(JDBCStatementImpl.java:131)
	at org.jkiss.dbeaver.ui.editors.sql.execute.SQLQueryJob.executeStatement(SQLQueryJob.java:631)
	at org.jkiss.dbeaver.ui.editors.sql.execute.SQLQueryJob.lambda$2(SQLQueryJob.java:522)
	at org.jkiss.dbeaver.model.exec.DBExecUtils.tryExecuteRecover(DBExecUtils.java:192)
	at org.jkiss.dbeaver.ui.editors.sql.execute.SQLQueryJob.executeSingleQuery(SQLQueryJob.java:541)
	at org.jkiss.dbeaver.ui.editors.sql.execute.SQLQueryJob.extractData(SQLQueryJob.java:1001)
	at org.jkiss.dbeaver.ui.editors.sql.SQLEditor$QueryResultsContainer.readData(SQLEditor.java:4231)
	at org.jkiss.dbeaver.ui.controls.resultset.ResultSetJobDataRead.lambda$0(ResultSetJobDataRead.java:128)
	at org.jkiss.dbeaver.model.exec.DBExecUtils.tryExecuteRecover(DBExecUtils.java:192)
	at org.jkiss.dbeaver.ui.controls.resultset.ResultSetJobDataRead.run(ResultSetJobDataRead.java:126)
	at org.jkiss.dbeaver.ui.controls.resultset.ResultSetViewer$ResultSetDataPumpJob.run(ResultSetViewer.java:5160)
	at org.jkiss.dbeaver.model.runtime.AbstractJob.run(AbstractJob.java:117)
	at org.eclipse.core.internal.jobs.Worker.run(Worker.java:63)

!ENTRY org.jkiss.dbeaver.model 4 0 2024-09-19 09:58:43.733
!MESSAGE SQL Error [4072] [42000]: ORA-04072: 부적절한 트리거유형

!SUBENTRY 1 org.jkiss.dbeaver.model 4 0 2024-09-19 09:58:43.733
!MESSAGE Error : 4072, Position : 64, Sql = CREATE OR REPLACE TRIGGER TRG_NOMDL_WEEKEND
BEFORE 
INSERT OR UPPATE OR DELETE ON EMP_TRG
BEGIN 
	IF TO_CHAR(SYSDATE, 'DY') IN ('토', '일') THEN 
		IF INSERTING THEN
			RAISE_APPLICATION_ERROR(-20000, '주말 사원정보 추가 불가');
		ELSIF UPDATING THEN
			RAISE_APPICATION)ERROR(-20001, '주말 사원정보 수정 불가');
		ELSIF DELETING THEN
			RAISE_APPICATION)ERROR(-20002, '주말 사원정보 삭제 불가');
		ELSE 
			RAISE_APPICATION)ERROR(-20003, '주말 사원정보 변경 불가');
	    END IF;
	   END IF;
	  END;, OriginalSql = CREATE OR REPLACE TRIGGER TRG_NOMDL_WEEKEND
BEFORE 
INSERT OR UPPATE OR DELETE ON EMP_TRG
BEGIN 
	IF TO_CHAR(SYSDATE, 'DY') IN ('토', '일') THEN 
		IF INSERTING THEN
			RAISE_APPLICATION_ERROR(-20000, '주말 사원정보 추가 불가');
		ELSIF UPDATING THEN
			RAISE_APPICATION)ERROR(-20001, '주말 사원정보 수정 불가');
		ELSIF DELETING THEN
			RAISE_APPICATION)ERROR(-20002, '주말 사원정보 삭제 불가');
		ELSE 
			RAISE_APPICATION)ERROR(-20003, '주말 사원정보 변경 불가');
	    END IF;
	   END IF;
	  END;, Error Msg = ORA-04072: 부적절한 트리거유형

!STACK 0
Error : 4072, Position : 64, Sql = CREATE OR REPLACE TRIGGER TRG_NOMDL_WEEKEND
BEFORE 
INSERT OR UPPATE OR DELETE ON EMP_TRG
BEGIN 
	IF TO_CHAR(SYSDATE, 'DY') IN ('토', '일') THEN 
		IF INSERTING THEN
			RAISE_APPLICATION_ERROR(-20000, '주말 사원정보 추가 불가');
		ELSIF UPDATING THEN
			RAISE_APPICATION)ERROR(-20001, '주말 사원정보 수정 불가');
		ELSIF DELETING THEN
			RAISE_APPICATION)ERROR(-20002, '주말 사원정보 삭제 불가');
		ELSE 
			RAISE_APPICATION)ERROR(-20003, '주말 사원정보 변경 불가');
	    END IF;
	   END IF;
	  END;, OriginalSql = CREATE OR REPLACE TRIGGER TRG_NOMDL_WEEKEND
BEFORE 
INSERT OR UPPATE OR DELETE ON EMP_TRG
BEGIN 
	IF TO_CHAR(SYSDATE, 'DY') IN ('토', '일') THEN 
		IF INSERTING THEN
			RAISE_APPLICATION_ERROR(-20000, '주말 사원정보 추가 불가');
		ELSIF UPDATING THEN
			RAISE_APPICATION)ERROR(-20001, '주말 사원정보 수정 불가');
		ELSIF DELETING THEN
			RAISE_APPICATION)ERROR(-20002, '주말 사원정보 삭제 불가');
		ELSE 
			RAISE_APPICATION)ERROR(-20003, '주말 사원정보 변경 불가');
	    END IF;
	   END IF;
	  END;, Error Msg = ORA-04072: 부적절한 트리거유형

	at oracle.jdbc.driver.T4CTTIoer11.processError(T4CTTIoer11.java:637)
	at oracle.jdbc.driver.T4CTTIoer11.processError(T4CTTIoer11.java:564)
	at oracle.jdbc.driver.T4C8Oall.processError(T4C8Oall.java:1231)
	at oracle.jdbc.driver.T4CTTIfun.receive(T4CTTIfun.java:772)
	at oracle.jdbc.driver.T4CTTIfun.doRPC(T4CTTIfun.java:299)
	at oracle.jdbc.driver.T4C8Oall.doOALL(T4C8Oall.java:512)
	at oracle.jdbc.driver.T4CStatement.doOall8(T4CStatement.java:123)
	at oracle.jdbc.driver.T4CStatement.executeForRows(T4CStatement.java:1200)
	at oracle.jdbc.driver.OracleStatement.executeSQLStatement(OracleStatement.java:1820)
	at oracle.jdbc.driver.OracleStatement.doExecuteWithTimeout(OracleStatement.java:1472)
	at oracle.jdbc.driver.OracleStatement.executeInternal(OracleStatement.java:2505)
	at oracle.jdbc.driver.OracleStatement.execute(OracleStatement.java:2460)
	at oracle.jdbc.driver.OracleStatementWrapper.execute(OracleStatementWrapper.java:328)
	at org.jkiss.dbeaver.model.impl.jdbc.exec.JDBCStatementImpl.execute(JDBCStatementImpl.java:332)
	at org.jkiss.dbeaver.model.impl.jdbc.exec.JDBCStatementImpl.executeStatement(JDBCStatementImpl.java:131)
	at org.jkiss.dbeaver.ui.editors.sql.execute.SQLQueryJob.executeStatement(SQLQueryJob.java:631)
	at org.jkiss.dbeaver.ui.editors.sql.execute.SQLQueryJob.lambda$2(SQLQueryJob.java:522)
	at org.jkiss.dbeaver.model.exec.DBExecUtils.tryExecuteRecover(DBExecUtils.java:192)
	at org.jkiss.dbeaver.ui.editors.sql.execute.SQLQueryJob.executeSingleQuery(SQLQueryJob.java:541)
	at org.jkiss.dbeaver.ui.editors.sql.execute.SQLQueryJob.extractData(SQLQueryJob.java:1001)
	at org.jkiss.dbeaver.ui.editors.sql.SQLEditor$QueryResultsContainer.readData(SQLEditor.java:4231)
	at org.jkiss.dbeaver.ui.controls.resultset.ResultSetJobDataRead.lambda$0(ResultSetJobDataRead.java:128)
	at org.jkiss.dbeaver.model.exec.DBExecUtils.tryExecuteRecover(DBExecUtils.java:192)
	at org.jkiss.dbeaver.ui.controls.resultset.ResultSetJobDataRead.run(ResultSetJobDataRead.java:126)
	at org.jkiss.dbeaver.ui.controls.resultset.ResultSetViewer$ResultSetDataPumpJob.run(ResultSetViewer.java:5160)
	at org.jkiss.dbeaver.model.runtime.AbstractJob.run(AbstractJob.java:117)
	at org.eclipse.core.internal.jobs.Worker.run(Worker.java:63)

!ENTRY org.jkiss.dbeaver.model 4 0 2024-09-19 09:59:20.876
!MESSAGE SQL Error [900] [42000]: ORA-00900: SQL 문이 부적합합니다

!SUBENTRY 1 org.jkiss.dbeaver.model 4 0 2024-09-19 09:59:20.876
!MESSAGE Error : 900, Position : 0, Sql = END, OriginalSql = END, Error Msg = ORA-00900: SQL 문이 부적합합니다

!STACK 0
Error : 900, Position : 0, Sql = END, OriginalSql = END, Error Msg = ORA-00900: SQL 문이 부적합합니다

	at oracle.jdbc.driver.T4CTTIoer11.processError(T4CTTIoer11.java:637)
	at oracle.jdbc.driver.T4CTTIoer11.processError(T4CTTIoer11.java:564)
	at oracle.jdbc.driver.T4C8Oall.processError(T4C8Oall.java:1231)
	at oracle.jdbc.driver.T4CTTIfun.receive(T4CTTIfun.java:772)
	at oracle.jdbc.driver.T4CTTIfun.doRPC(T4CTTIfun.java:299)
	at oracle.jdbc.driver.T4C8Oall.doOALL(T4C8Oall.java:512)
	at oracle.jdbc.driver.T4CStatement.doOall8(T4CStatement.java:123)
	at oracle.jdbc.driver.T4CStatement.executeForRows(T4CStatement.java:1200)
	at oracle.jdbc.driver.OracleStatement.executeSQLStatement(OracleStatement.java:1820)
	at oracle.jdbc.driver.OracleStatement.doExecuteWithTimeout(OracleStatement.java:1472)
	at oracle.jdbc.driver.OracleStatement.executeInternal(OracleStatement.java:2505)
	at oracle.jdbc.driver.OracleStatement.execute(OracleStatement.java:2460)
	at oracle.jdbc.driver.OracleStatementWrapper.execute(OracleStatementWrapper.java:328)
	at org.jkiss.dbeaver.model.impl.jdbc.exec.JDBCStatementImpl.execute(JDBCStatementImpl.java:332)
	at org.jkiss.dbeaver.model.impl.jdbc.exec.JDBCStatementImpl.executeStatement(JDBCStatementImpl.java:131)
	at org.jkiss.dbeaver.ui.editors.sql.execute.SQLQueryJob.executeStatement(SQLQueryJob.java:631)
	at org.jkiss.dbeaver.ui.editors.sql.execute.SQLQueryJob.lambda$2(SQLQueryJob.java:522)
	at org.jkiss.dbeaver.model.exec.DBExecUtils.tryExecuteRecover(DBExecUtils.java:192)
	at org.jkiss.dbeaver.ui.editors.sql.execute.SQLQueryJob.executeSingleQuery(SQLQueryJob.java:541)
	at org.jkiss.dbeaver.ui.editors.sql.execute.SQLQueryJob.extractData(SQLQueryJob.java:1001)
	at org.jkiss.dbeaver.ui.editors.sql.SQLEditor$QueryResultsContainer.readData(SQLEditor.java:4231)
	at org.jkiss.dbeaver.ui.controls.resultset.ResultSetJobDataRead.lambda$0(ResultSetJobDataRead.java:128)
	at org.jkiss.dbeaver.model.exec.DBExecUtils.tryExecuteRecover(DBExecUtils.java:192)
	at org.jkiss.dbeaver.ui.controls.resultset.ResultSetJobDataRead.run(ResultSetJobDataRead.java:126)
	at org.jkiss.dbeaver.ui.controls.resultset.ResultSetViewer$ResultSetDataPumpJob.run(ResultSetViewer.java:5160)
	at org.jkiss.dbeaver.model.runtime.AbstractJob.run(AbstractJob.java:117)
	at org.eclipse.core.internal.jobs.Worker.run(Worker.java:63)

!ENTRY org.jkiss.dbeaver.model 4 0 2024-09-19 09:59:54.476
!MESSAGE SQL Error [4072] [42000]: ORA-04072: 부적절한 트리거유형

!SUBENTRY 1 org.jkiss.dbeaver.model 4 0 2024-09-19 09:59:54.476
!MESSAGE Error : 4072, Position : 251, Sql = -- 트리거 생성
-- RAISE_APPLICATION_ERROR'(오류코드 번호, '메세지') : JAVA의 EXCEPTION과 같음
-- 오류코드 번호는 -20000 ~ 20999 범위에서 사용 가능함 
CREATE OR REPLACE TRIGGER TRG_NOMDL_WEEKEND
BEFORE 
INSERT OR UPPATE OR DELETE ON EMP_TRG
BEGIN 
	IF TO_CHAR(SYSDATE, 'DY') IN ('토', '일') THEN 
		IF INSERTING THEN
			RAISE_APPLICATION_ERROR(-20000, '주말 사원정보 추가 불가');
		ELSIF UPDATING THEN
			RAISE_APPICATION_ERROR(-20001, '주말 사원정보 수정 불가');
		ELSIF DELETING THEN
			RAISE_APPICATION_ERROR(-20002, '주말 사원정보 삭제 불가');
		ELSE 
			RAISE_APPICATION_ERROR(-20003, '주말 사원정보 변경 불가');
	    END IF;
	 END IF;
END;, OriginalSql = -- 트리거 생성
-- RAISE_APPLICATION_ERROR'(오류코드 번호, '메세지') : JAVA의 EXCEPTION과 같음
-- 오류코드 번호는 -20000 ~ 20999 범위에서 사용 가능함 
CREATE OR REPLACE TRIGGER TRG_NOMDL_WEEKEND
BEFORE 
INSERT OR UPPATE OR DELETE ON EMP_TRG
BEGIN 
	IF TO_CHAR(SYSDATE, 'DY') IN ('토', '일') THEN 
		IF INSERTING THEN
			RAISE_APPLICATION_ERROR(-20000, '주말 사원정보 추가 불가');
		ELSIF UPDATING THEN
			RAISE_APPICATION_ERROR(-20001, '주말 사원정보 수정 불가');
		ELSIF DELETING THEN
			RAISE_APPICATION_ERROR(-20002, '주말 사원정보 삭제 불가');
		ELSE 
			RAISE_APPICATION_ERROR(-20003, '주말 사원정보 변경 불가');
	    END IF;
	 END IF;
END;, Error Msg = ORA-04072: 부적절한 트리거유형

!STACK 0
Error : 4072, Position : 251, Sql = -- 트리거 생성
-- RAISE_APPLICATION_ERROR'(오류코드 번호, '메세지') : JAVA의 EXCEPTION과 같음
-- 오류코드 번호는 -20000 ~ 20999 범위에서 사용 가능함 
CREATE OR REPLACE TRIGGER TRG_NOMDL_WEEKEND
BEFORE 
INSERT OR UPPATE OR DELETE ON EMP_TRG
BEGIN 
	IF TO_CHAR(SYSDATE, 'DY') IN ('토', '일') THEN 
		IF INSERTING THEN
			RAISE_APPLICATION_ERROR(-20000, '주말 사원정보 추가 불가');
		ELSIF UPDATING THEN
			RAISE_APPICATION_ERROR(-20001, '주말 사원정보 수정 불가');
		ELSIF DELETING THEN
			RAISE_APPICATION_ERROR(-20002, '주말 사원정보 삭제 불가');
		ELSE 
			RAISE_APPICATION_ERROR(-20003, '주말 사원정보 변경 불가');
	    END IF;
	 END IF;
END;, OriginalSql = -- 트리거 생성
-- RAISE_APPLICATION_ERROR'(오류코드 번호, '메세지') : JAVA의 EXCEPTION과 같음
-- 오류코드 번호는 -20000 ~ 20999 범위에서 사용 가능함 
CREATE OR REPLACE TRIGGER TRG_NOMDL_WEEKEND
BEFORE 
INSERT OR UPPATE OR DELETE ON EMP_TRG
BEGIN 
	IF TO_CHAR(SYSDATE, 'DY') IN ('토', '일') THEN 
		IF INSERTING THEN
			RAISE_APPLICATION_ERROR(-20000, '주말 사원정보 추가 불가');
		ELSIF UPDATING THEN
			RAISE_APPICATION_ERROR(-20001, '주말 사원정보 수정 불가');
		ELSIF DELETING THEN
			RAISE_APPICATION_ERROR(-20002, '주말 사원정보 삭제 불가');
		ELSE 
			RAISE_APPICATION_ERROR(-20003, '주말 사원정보 변경 불가');
	    END IF;
	 END IF;
END;, Error Msg = ORA-04072: 부적절한 트리거유형

	at oracle.jdbc.driver.T4CTTIoer11.processError(T4CTTIoer11.java:637)
	at oracle.jdbc.driver.T4CTTIoer11.processError(T4CTTIoer11.java:564)
	at oracle.jdbc.driver.T4C8Oall.processError(T4C8Oall.java:1231)
	at oracle.jdbc.driver.T4CTTIfun.receive(T4CTTIfun.java:772)
	at oracle.jdbc.driver.T4CTTIfun.doRPC(T4CTTIfun.java:299)
	at oracle.jdbc.driver.T4C8Oall.doOALL(T4C8Oall.java:512)
	at oracle.jdbc.driver.T4CStatement.doOall8(T4CStatement.java:123)
	at oracle.jdbc.driver.T4CStatement.executeForRows(T4CStatement.java:1200)
	at oracle.jdbc.driver.OracleStatement.executeSQLStatement(OracleStatement.java:1820)
	at oracle.jdbc.driver.OracleStatement.doExecuteWithTimeout(OracleStatement.java:1472)
	at oracle.jdbc.driver.OracleStatement.executeInternal(OracleStatement.java:2505)
	at oracle.jdbc.driver.OracleStatement.execute(OracleStatement.java:2460)
	at oracle.jdbc.driver.OracleStatementWrapper.execute(OracleStatementWrapper.java:328)
	at org.jkiss.dbeaver.model.impl.jdbc.exec.JDBCStatementImpl.execute(JDBCStatementImpl.java:332)
	at org.jkiss.dbeaver.model.impl.jdbc.exec.JDBCStatementImpl.executeStatement(JDBCStatementImpl.java:131)
	at org.jkiss.dbeaver.ui.editors.sql.execute.SQLQueryJob.executeStatement(SQLQueryJob.java:631)
	at org.jkiss.dbeaver.ui.editors.sql.execute.SQLQueryJob.lambda$2(SQLQueryJob.java:522)
	at org.jkiss.dbeaver.model.exec.DBExecUtils.tryExecuteRecover(DBExecUtils.java:192)
	at org.jkiss.dbeaver.ui.editors.sql.execute.SQLQueryJob.executeSingleQuery(SQLQueryJob.java:541)
	at org.jkiss.dbeaver.ui.editors.sql.execute.SQLQueryJob.extractData(SQLQueryJob.java:1001)
	at org.jkiss.dbeaver.ui.editors.sql.SQLEditor$QueryResultsContainer.readData(SQLEditor.java:4231)
	at org.jkiss.dbeaver.ui.controls.resultset.ResultSetJobDataRead.lambda$0(ResultSetJobDataRead.java:128)
	at org.jkiss.dbeaver.model.exec.DBExecUtils.tryExecuteRecover(DBExecUtils.java:192)
	at org.jkiss.dbeaver.ui.controls.resultset.ResultSetJobDataRead.run(ResultSetJobDataRead.java:126)
	at org.jkiss.dbeaver.ui.controls.resultset.ResultSetViewer$ResultSetDataPumpJob.run(ResultSetViewer.java:5160)
	at org.jkiss.dbeaver.model.runtime.AbstractJob.run(AbstractJob.java:117)
	at org.eclipse.core.internal.jobs.Worker.run(Worker.java:63)

!ENTRY org.jkiss.dbeaver.model 4 0 2024-09-19 10:00:10.058
!MESSAGE SQL Error [4072] [42000]: ORA-04072: 부적절한 트리거유형

!SUBENTRY 1 org.jkiss.dbeaver.model 4 0 2024-09-19 10:00:10.058
!MESSAGE Error : 4072, Position : 251, Sql = -- 트리거 생성
-- RAISE_APPLICATION_ERROR'(오류코드 번호, '메세지') : JAVA의 EXCEPTION과 같음
-- 오류코드 번호는 -20000 ~ 20999 범위에서 사용 가능함 
CREATE OR REPLACE TRIGGER TRG_NOMDL_WEEKEND
BEFORE 
INSERT OR UPPATE OR DELETE ON EMP_TRG
BEGIN 
	IF TO_CHAR(SYSDATE, 'DY') IN ('토', '일') THEN 
		IF INSERTING THEN
			RAISE_APPLICATION_ERROR(-20000, '주말 사원정보 추가 불가');
		ELSIF UPDATING THEN
			RAISE_APPLICATION_ERROR(-20001, '주말 사원정보 수정 불가');
		ELSIF DELETING THEN
			RAISE_APPLICATION_ERROR(-20002, '주말 사원정보 삭제 불가');
		ELSE 
			RAISE_APPLICATION_ERROR(-20003, '주말 사원정보 변경 불가');
	    END IF;
	 END IF;
END;, OriginalSql = -- 트리거 생성
-- RAISE_APPLICATION_ERROR'(오류코드 번호, '메세지') : JAVA의 EXCEPTION과 같음
-- 오류코드 번호는 -20000 ~ 20999 범위에서 사용 가능함 
CREATE OR REPLACE TRIGGER TRG_NOMDL_WEEKEND
BEFORE 
INSERT OR UPPATE OR DELETE ON EMP_TRG
BEGIN 
	IF TO_CHAR(SYSDATE, 'DY') IN ('토', '일') THEN 
		IF INSERTING THEN
			RAISE_APPLICATION_ERROR(-20000, '주말 사원정보 추가 불가');
		ELSIF UPDATING THEN
			RAISE_APPLICATION_ERROR(-20001, '주말 사원정보 수정 불가');
		ELSIF DELETING THEN
			RAISE_APPLICATION_ERROR(-20002, '주말 사원정보 삭제 불가');
		ELSE 
			RAISE_APPLICATION_ERROR(-20003, '주말 사원정보 변경 불가');
	    END IF;
	 END IF;
END;, Error Msg = ORA-04072: 부적절한 트리거유형

!STACK 0
Error : 4072, Position : 251, Sql = -- 트리거 생성
-- RAISE_APPLICATION_ERROR'(오류코드 번호, '메세지') : JAVA의 EXCEPTION과 같음
-- 오류코드 번호는 -20000 ~ 20999 범위에서 사용 가능함 
CREATE OR REPLACE TRIGGER TRG_NOMDL_WEEKEND
BEFORE 
INSERT OR UPPATE OR DELETE ON EMP_TRG
BEGIN 
	IF TO_CHAR(SYSDATE, 'DY') IN ('토', '일') THEN 
		IF INSERTING THEN
			RAISE_APPLICATION_ERROR(-20000, '주말 사원정보 추가 불가');
		ELSIF UPDATING THEN
			RAISE_APPLICATION_ERROR(-20001, '주말 사원정보 수정 불가');
		ELSIF DELETING THEN
			RAISE_APPLICATION_ERROR(-20002, '주말 사원정보 삭제 불가');
		ELSE 
			RAISE_APPLICATION_ERROR(-20003, '주말 사원정보 변경 불가');
	    END IF;
	 END IF;
END;, OriginalSql = -- 트리거 생성
-- RAISE_APPLICATION_ERROR'(오류코드 번호, '메세지') : JAVA의 EXCEPTION과 같음
-- 오류코드 번호는 -20000 ~ 20999 범위에서 사용 가능함 
CREATE OR REPLACE TRIGGER TRG_NOMDL_WEEKEND
BEFORE 
INSERT OR UPPATE OR DELETE ON EMP_TRG
BEGIN 
	IF TO_CHAR(SYSDATE, 'DY') IN ('토', '일') THEN 
		IF INSERTING THEN
			RAISE_APPLICATION_ERROR(-20000, '주말 사원정보 추가 불가');
		ELSIF UPDATING THEN
			RAISE_APPLICATION_ERROR(-20001, '주말 사원정보 수정 불가');
		ELSIF DELETING THEN
			RAISE_APPLICATION_ERROR(-20002, '주말 사원정보 삭제 불가');
		ELSE 
			RAISE_APPLICATION_ERROR(-20003, '주말 사원정보 변경 불가');
	    END IF;
	 END IF;
END;, Error Msg = ORA-04072: 부적절한 트리거유형

	at oracle.jdbc.driver.T4CTTIoer11.processError(T4CTTIoer11.java:637)
	at oracle.jdbc.driver.T4CTTIoer11.processError(T4CTTIoer11.java:564)
	at oracle.jdbc.driver.T4C8Oall.processError(T4C8Oall.java:1231)
	at oracle.jdbc.driver.T4CTTIfun.receive(T4CTTIfun.java:772)
	at oracle.jdbc.driver.T4CTTIfun.doRPC(T4CTTIfun.java:299)
	at oracle.jdbc.driver.T4C8Oall.doOALL(T4C8Oall.java:512)
	at oracle.jdbc.driver.T4CStatement.doOall8(T4CStatement.java:123)
	at oracle.jdbc.driver.T4CStatement.executeForRows(T4CStatement.java:1200)
	at oracle.jdbc.driver.OracleStatement.executeSQLStatement(OracleStatement.java:1820)
	at oracle.jdbc.driver.OracleStatement.doExecuteWithTimeout(OracleStatement.java:1472)
	at oracle.jdbc.driver.OracleStatement.executeInternal(OracleStatement.java:2505)
	at oracle.jdbc.driver.OracleStatement.execute(OracleStatement.java:2460)
	at oracle.jdbc.driver.OracleStatementWrapper.execute(OracleStatementWrapper.java:328)
	at org.jkiss.dbeaver.model.impl.jdbc.exec.JDBCStatementImpl.execute(JDBCStatementImpl.java:332)
	at org.jkiss.dbeaver.model.impl.jdbc.exec.JDBCStatementImpl.executeStatement(JDBCStatementImpl.java:131)
	at org.jkiss.dbeaver.ui.editors.sql.execute.SQLQueryJob.executeStatement(SQLQueryJob.java:631)
	at org.jkiss.dbeaver.ui.editors.sql.execute.SQLQueryJob.lambda$2(SQLQueryJob.java:522)
	at org.jkiss.dbeaver.model.exec.DBExecUtils.tryExecuteRecover(DBExecUtils.java:192)
	at org.jkiss.dbeaver.ui.editors.sql.execute.SQLQueryJob.executeSingleQuery(SQLQueryJob.java:541)
	at org.jkiss.dbeaver.ui.editors.sql.execute.SQLQueryJob.extractData(SQLQueryJob.java:1001)
	at org.jkiss.dbeaver.ui.editors.sql.SQLEditor$QueryResultsContainer.readData(SQLEditor.java:4231)
	at org.jkiss.dbeaver.ui.controls.resultset.ResultSetJobDataRead.lambda$0(ResultSetJobDataRead.java:128)
	at org.jkiss.dbeaver.model.exec.DBExecUtils.tryExecuteRecover(DBExecUtils.java:192)
	at org.jkiss.dbeaver.ui.controls.resultset.ResultSetJobDataRead.run(ResultSetJobDataRead.java:126)
	at org.jkiss.dbeaver.ui.controls.resultset.ResultSetViewer$ResultSetDataPumpJob.run(ResultSetViewer.java:5160)
	at org.jkiss.dbeaver.model.runtime.AbstractJob.run(AbstractJob.java:117)
	at org.eclipse.core.internal.jobs.Worker.run(Worker.java:63)

!ENTRY org.jkiss.dbeaver.model 4 0 2024-09-19 10:01:14.440
!MESSAGE SQL Error [942] [42000]: ORA-00942: 테이블 또는 뷰가 존재하지 않습니다

!SUBENTRY 1 org.jkiss.dbeaver.model 4 0 2024-09-19 10:01:14.440
!MESSAGE Error : 942, Position : 15, Sql = SELECT  * FROM EMP_TGR, OriginalSql = SELECT  * FROM EMP_TGR, Error Msg = ORA-00942: 테이블 또는 뷰가 존재하지 않습니다

!STACK 0
Error : 942, Position : 15, Sql = SELECT  * FROM EMP_TGR, OriginalSql = SELECT  * FROM EMP_TGR, Error Msg = ORA-00942: 테이블 또는 뷰가 존재하지 않습니다

	at oracle.jdbc.driver.T4CTTIoer11.processError(T4CTTIoer11.java:637)
	at oracle.jdbc.driver.T4CTTIoer11.processError(T4CTTIoer11.java:564)
	at oracle.jdbc.driver.T4C8Oall.processError(T4C8Oall.java:1231)
	at oracle.jdbc.driver.T4CTTIfun.receive(T4CTTIfun.java:772)
	at oracle.jdbc.driver.T4CTTIfun.doRPC(T4CTTIfun.java:299)
	at oracle.jdbc.driver.T4C8Oall.doOALL(T4C8Oall.java:512)
	at oracle.jdbc.driver.T4CStatement.doOall8(T4CStatement.java:123)
	at oracle.jdbc.driver.T4CStatement.executeForDescribe(T4CStatement.java:969)
	at oracle.jdbc.driver.OracleStatement.prepareDefineBufferAndExecute(OracleStatement.java:1271)
	at oracle.jdbc.driver.OracleStatement.executeMaybeDescribe(OracleStatement.java:1149)
	at oracle.jdbc.driver.OracleStatement.executeSQLSelect(OracleStatement.java:1661)
	at oracle.jdbc.driver.OracleStatement.doExecuteWithTimeout(OracleStatement.java:1470)
	at oracle.jdbc.driver.OracleStatement.executeInternal(OracleStatement.java:2505)
	at oracle.jdbc.driver.OracleStatement.execute(OracleStatement.java:2460)
	at oracle.jdbc.driver.OracleStatementWrapper.execute(OracleStatementWrapper.java:328)
	at org.jkiss.dbeaver.model.impl.jdbc.exec.JDBCStatementImpl.execute(JDBCStatementImpl.java:332)
	at org.jkiss.dbeaver.model.impl.jdbc.exec.JDBCStatementImpl.executeStatement(JDBCStatementImpl.java:131)
	at org.jkiss.dbeaver.ui.editors.sql.execute.SQLQueryJob.executeStatement(SQLQueryJob.java:631)
	at org.jkiss.dbeaver.ui.editors.sql.execute.SQLQueryJob.lambda$2(SQLQueryJob.java:522)
	at org.jkiss.dbeaver.model.exec.DBExecUtils.tryExecuteRecover(DBExecUtils.java:192)
	at org.jkiss.dbeaver.ui.editors.sql.execute.SQLQueryJob.executeSingleQuery(SQLQueryJob.java:541)
	at org.jkiss.dbeaver.ui.editors.sql.execute.SQLQueryJob.extractData(SQLQueryJob.java:1001)
	at org.jkiss.dbeaver.ui.editors.sql.SQLEditor$QueryResultsContainer.readData(SQLEditor.java:4231)
	at org.jkiss.dbeaver.ui.controls.resultset.ResultSetJobDataRead.lambda$0(ResultSetJobDataRead.java:128)
	at org.jkiss.dbeaver.model.exec.DBExecUtils.tryExecuteRecover(DBExecUtils.java:192)
	at org.jkiss.dbeaver.ui.controls.resultset.ResultSetJobDataRead.run(ResultSetJobDataRead.java:126)
	at org.jkiss.dbeaver.ui.controls.resultset.ResultSetViewer$ResultSetDataPumpJob.run(ResultSetViewer.java:5160)
	at org.jkiss.dbeaver.model.runtime.AbstractJob.run(AbstractJob.java:117)
	at org.eclipse.core.internal.jobs.Worker.run(Worker.java:63)

!ENTRY org.jkiss.dbeaver.model 4 0 2024-09-21 10:02:38.161
!MESSAGE SQL Error [4072] [42000]: ORA-04072: 부적절한 트리거유형

!SUBENTRY 1 org.jkiss.dbeaver.model 4 0 2024-09-21 10:02:38.161
!MESSAGE Error : 4072, Position : 251, Sql = -- 트리거 생성
-- RAISE_APPLICATION_ERROR'(오류코드 번호, '메세지') : JAVA의 EXCEPTION과 같음
-- 오류코드 번호는 -20000 ~ 20999 범위에서 사용 가능함 
CREATE OR REPLACE TRIGGER TRG_NOMDL_WEEKEND
BEFORE 
INSERT OR UPPATE OR DELETE ON EMP_TRG
BEGIN 
	IF TO_CHAR(SYSDATE, 'DY') IN ('토', '일') THEN 
		IF INSERTING THEN
			RAISE_APPLICATION_ERROR(-20000, '주말 사원정보 추가 불가');
		ELSIF UPDATING THEN
			RAISE_APPLICATION_ERROR(-20001, '주말 사원정보 수정 불가');
		ELSIF DELETING THEN
			RAISE_APPLICATION_ERROR(-20002, '주말 사원정보 삭제 불가');
		ELSE 
			RAISE_APPLICATION_ERROR(-20003, '주말 사원정보 변경 불가');
	    END IF;
	 END IF;
END;, OriginalSql = -- 트리거 생성
-- RAISE_APPLICATION_ERROR'(오류코드 번호, '메세지') : JAVA의 EXCEPTION과 같음
-- 오류코드 번호는 -20000 ~ 20999 범위에서 사용 가능함 
CREATE OR REPLACE TRIGGER TRG_NOMDL_WEEKEND
BEFORE 
INSERT OR UPPATE OR DELETE ON EMP_TRG
BEGIN 
	IF TO_CHAR(SYSDATE, 'DY') IN ('토', '일') THEN 
		IF INSERTING THEN
			RAISE_APPLICATION_ERROR(-20000, '주말 사원정보 추가 불가');
		ELSIF UPDATING THEN
			RAISE_APPLICATION_ERROR(-20001, '주말 사원정보 수정 불가');
		ELSIF DELETING THEN
			RAISE_APPLICATION_ERROR(-20002, '주말 사원정보 삭제 불가');
		ELSE 
			RAISE_APPLICATION_ERROR(-20003, '주말 사원정보 변경 불가');
	    END IF;
	 END IF;
END;, Error Msg = ORA-04072: 부적절한 트리거유형

!STACK 0
Error : 4072, Position : 251, Sql = -- 트리거 생성
-- RAISE_APPLICATION_ERROR'(오류코드 번호, '메세지') : JAVA의 EXCEPTION과 같음
-- 오류코드 번호는 -20000 ~ 20999 범위에서 사용 가능함 
CREATE OR REPLACE TRIGGER TRG_NOMDL_WEEKEND
BEFORE 
INSERT OR UPPATE OR DELETE ON EMP_TRG
BEGIN 
	IF TO_CHAR(SYSDATE, 'DY') IN ('토', '일') THEN 
		IF INSERTING THEN
			RAISE_APPLICATION_ERROR(-20000, '주말 사원정보 추가 불가');
		ELSIF UPDATING THEN
			RAISE_APPLICATION_ERROR(-20001, '주말 사원정보 수정 불가');
		ELSIF DELETING THEN
			RAISE_APPLICATION_ERROR(-20002, '주말 사원정보 삭제 불가');
		ELSE 
			RAISE_APPLICATION_ERROR(-20003, '주말 사원정보 변경 불가');
	    END IF;
	 END IF;
END;, OriginalSql = -- 트리거 생성
-- RAISE_APPLICATION_ERROR'(오류코드 번호, '메세지') : JAVA의 EXCEPTION과 같음
-- 오류코드 번호는 -20000 ~ 20999 범위에서 사용 가능함 
CREATE OR REPLACE TRIGGER TRG_NOMDL_WEEKEND
BEFORE 
INSERT OR UPPATE OR DELETE ON EMP_TRG
BEGIN 
	IF TO_CHAR(SYSDATE, 'DY') IN ('토', '일') THEN 
		IF INSERTING THEN
			RAISE_APPLICATION_ERROR(-20000, '주말 사원정보 추가 불가');
		ELSIF UPDATING THEN
			RAISE_APPLICATION_ERROR(-20001, '주말 사원정보 수정 불가');
		ELSIF DELETING THEN
			RAISE_APPLICATION_ERROR(-20002, '주말 사원정보 삭제 불가');
		ELSE 
			RAISE_APPLICATION_ERROR(-20003, '주말 사원정보 변경 불가');
	    END IF;
	 END IF;
END;, Error Msg = ORA-04072: 부적절한 트리거유형

	at oracle.jdbc.driver.T4CTTIoer11.processError(T4CTTIoer11.java:637)
	at oracle.jdbc.driver.T4CTTIoer11.processError(T4CTTIoer11.java:564)
	at oracle.jdbc.driver.T4C8Oall.processError(T4C8Oall.java:1231)
	at oracle.jdbc.driver.T4CTTIfun.receive(T4CTTIfun.java:772)
	at oracle.jdbc.driver.T4CTTIfun.doRPC(T4CTTIfun.java:299)
	at oracle.jdbc.driver.T4C8Oall.doOALL(T4C8Oall.java:512)
	at oracle.jdbc.driver.T4CStatement.doOall8(T4CStatement.java:123)
	at oracle.jdbc.driver.T4CStatement.executeForRows(T4CStatement.java:1200)
	at oracle.jdbc.driver.OracleStatement.executeSQLStatement(OracleStatement.java:1820)
	at oracle.jdbc.driver.OracleStatement.doExecuteWithTimeout(OracleStatement.java:1472)
	at oracle.jdbc.driver.OracleStatement.executeInternal(OracleStatement.java:2505)
	at oracle.jdbc.driver.OracleStatement.execute(OracleStatement.java:2460)
	at oracle.jdbc.driver.OracleStatementWrapper.execute(OracleStatementWrapper.java:328)
	at org.jkiss.dbeaver.model.impl.jdbc.exec.JDBCStatementImpl.execute(JDBCStatementImpl.java:332)
	at org.jkiss.dbeaver.model.impl.jdbc.exec.JDBCStatementImpl.executeStatement(JDBCStatementImpl.java:131)
	at org.jkiss.dbeaver.ui.editors.sql.execute.SQLQueryJob.executeStatement(SQLQueryJob.java:631)
	at org.jkiss.dbeaver.ui.editors.sql.execute.SQLQueryJob.lambda$2(SQLQueryJob.java:522)
	at org.jkiss.dbeaver.model.exec.DBExecUtils.tryExecuteRecover(DBExecUtils.java:192)
	at org.jkiss.dbeaver.ui.editors.sql.execute.SQLQueryJob.executeSingleQuery(SQLQueryJob.java:541)
	at org.jkiss.dbeaver.ui.editors.sql.execute.SQLQueryJob.extractData(SQLQueryJob.java:1001)
	at org.jkiss.dbeaver.ui.editors.sql.SQLEditor$QueryResultsContainer.readData(SQLEditor.java:4231)
	at org.jkiss.dbeaver.ui.controls.resultset.ResultSetJobDataRead.lambda$0(ResultSetJobDataRead.java:128)
	at org.jkiss.dbeaver.model.exec.DBExecUtils.tryExecuteRecover(DBExecUtils.java:192)
	at org.jkiss.dbeaver.ui.controls.resultset.ResultSetJobDataRead.run(ResultSetJobDataRead.java:126)
	at org.jkiss.dbeaver.ui.controls.resultset.ResultSetViewer$ResultSetDataPumpJob.run(ResultSetViewer.java:5160)
	at org.jkiss.dbeaver.model.runtime.AbstractJob.run(AbstractJob.java:117)
	at org.eclipse.core.internal.jobs.Worker.run(Worker.java:63)

!ENTRY org.jkiss.dbeaver.model 4 0 2024-09-21 10:03:44.494
!MESSAGE SQL Error [20001] [72000]: ORA-20001: 주말 사원정보 수정 불가
ORA-06512: "SCOTT.TRG_NOMDL_WEEKEND",  6행
ORA-04088: 트리거 'SCOTT.TRG_NOMDL_WEEKEND'의 수행시 오류


Error position: line: 276 pos: 7
!SUBENTRY 1 org.jkiss.dbeaver.model 4 0 2024-09-21 10:03:44.494
!MESSAGE SQL Error [20001] [72000]: ORA-20001: 주말 사원정보 수정 불가
ORA-06512: "SCOTT.TRG_NOMDL_WEEKEND",  6행
ORA-04088: 트리거 'SCOTT.TRG_NOMDL_WEEKEND'의 수행시 오류

!SUBENTRY 2 org.jkiss.dbeaver.model 4 0 2024-09-21 10:03:44.494
!MESSAGE Error : 20001, Position : 7, Sql = UPDATE EMP_TRG  SET SAL = 3500 WHERE EMPNO = 7844, OriginalSql = UPDATE EMP_TRG  SET SAL = 3500 WHERE EMPNO = 7844, Error Msg = ORA-20001: 주말 사원정보 수정 불가
ORA-06512: "SCOTT.TRG_NOMDL_WEEKEND",  6행
ORA-04088: 트리거 'SCOTT.TRG_NOMDL_WEEKEND'의 수행시 오류

!STACK 0
Error : 20001, Position : 7, Sql = UPDATE EMP_TRG  SET SAL = 3500 WHERE EMPNO = 7844, OriginalSql = UPDATE EMP_TRG  SET SAL = 3500 WHERE EMPNO = 7844, Error Msg = ORA-20001: 주말 사원정보 수정 불가
ORA-06512: "SCOTT.TRG_NOMDL_WEEKEND",  6행
ORA-04088: 트리거 'SCOTT.TRG_NOMDL_WEEKEND'의 수행시 오류

	at oracle.jdbc.driver.T4CTTIoer11.processError(T4CTTIoer11.java:637)
	at oracle.jdbc.driver.T4CTTIoer11.processError(T4CTTIoer11.java:564)
	at oracle.jdbc.driver.T4C8Oall.processError(T4C8Oall.java:1231)
	at oracle.jdbc.driver.T4CTTIfun.receive(T4CTTIfun.java:772)
	at oracle.jdbc.driver.T4CTTIfun.doRPC(T4CTTIfun.java:299)
	at oracle.jdbc.driver.T4C8Oall.doOALL(T4C8Oall.java:512)
	at oracle.jdbc.driver.T4CStatement.doOall8(T4CStatement.java:123)
	at oracle.jdbc.driver.T4CStatement.executeForRows(T4CStatement.java:1200)
	at oracle.jdbc.driver.OracleStatement.executeSQLStatement(OracleStatement.java:1820)
	at oracle.jdbc.driver.OracleStatement.doExecuteWithTimeout(OracleStatement.java:1472)
	at oracle.jdbc.driver.OracleStatement.executeInternal(OracleStatement.java:2505)
	at oracle.jdbc.driver.OracleStatement.execute(OracleStatement.java:2460)
	at oracle.jdbc.driver.OracleStatementWrapper.execute(OracleStatementWrapper.java:328)
	at org.jkiss.dbeaver.model.impl.jdbc.exec.JDBCStatementImpl.execute(JDBCStatementImpl.java:332)
	at org.jkiss.dbeaver.model.impl.jdbc.exec.JDBCStatementImpl.executeStatement(JDBCStatementImpl.java:131)
	at org.jkiss.dbeaver.ui.editors.sql.execute.SQLQueryJob.executeStatement(SQLQueryJob.java:631)
	at org.jkiss.dbeaver.ui.editors.sql.execute.SQLQueryJob.lambda$2(SQLQueryJob.java:522)
	at org.jkiss.dbeaver.ui.editors.sql.execute.SQLQueryJob.executeSingleQuery(SQLQueryJob.java:544)
	at org.jkiss.dbeaver.ui.editors.sql.execute.SQLQueryJob.extractData(SQLQueryJob.java:1001)
	at org.jkiss.dbeaver.ui.editors.sql.SQLEditor$QueryResultsContainer.readData(SQLEditor.java:4231)
	at org.jkiss.dbeaver.ui.controls.resultset.ResultSetJobDataRead.lambda$0(ResultSetJobDataRead.java:128)
	at org.jkiss.dbeaver.model.exec.DBExecUtils.tryExecuteRecover(DBExecUtils.java:192)
	at org.jkiss.dbeaver.ui.controls.resultset.ResultSetJobDataRead.run(ResultSetJobDataRead.java:126)
	at org.jkiss.dbeaver.ui.controls.resultset.ResultSetViewer$ResultSetDataPumpJob.run(ResultSetViewer.java:5160)
	at org.jkiss.dbeaver.model.runtime.AbstractJob.run(AbstractJob.java:117)
	at org.eclipse.core.internal.jobs.Worker.run(Worker.java:63)

!ENTRY org.jkiss.dbeaver.model 4 0 2024-09-19 10:34:45.837
!MESSAGE SQL Error [923] [42000]: ORA-00923: FROM 키워드가 필요한 위치에 없습니다.

!SUBENTRY 1 org.jkiss.dbeaver.model 4 0 2024-09-19 10:34:45.837
!MESSAGE Error : 923, Position : 8, Sql = SELECT *F FROM EMP_TRG, OriginalSql = SELECT *F FROM EMP_TRG, Error Msg = ORA-00923: FROM 키워드가 필요한 위치에 없습니다.

!STACK 0
Error : 923, Position : 8, Sql = SELECT *F FROM EMP_TRG, OriginalSql = SELECT *F FROM EMP_TRG, Error Msg = ORA-00923: FROM 키워드가 필요한 위치에 없습니다.

	at oracle.jdbc.driver.T4CTTIoer11.processError(T4CTTIoer11.java:637)
	at oracle.jdbc.driver.T4CTTIoer11.processError(T4CTTIoer11.java:564)
	at oracle.jdbc.driver.T4C8Oall.processError(T4C8Oall.java:1231)
	at oracle.jdbc.driver.T4CTTIfun.receive(T4CTTIfun.java:772)
	at oracle.jdbc.driver.T4CTTIfun.doRPC(T4CTTIfun.java:299)
	at oracle.jdbc.driver.T4C8Oall.doOALL(T4C8Oall.java:512)
	at oracle.jdbc.driver.T4CStatement.doOall8(T4CStatement.java:123)
	at oracle.jdbc.driver.T4CStatement.executeForDescribe(T4CStatement.java:969)
	at oracle.jdbc.driver.OracleStatement.prepareDefineBufferAndExecute(OracleStatement.java:1271)
	at oracle.jdbc.driver.OracleStatement.executeMaybeDescribe(OracleStatement.java:1149)
	at oracle.jdbc.driver.OracleStatement.executeSQLSelect(OracleStatement.java:1661)
	at oracle.jdbc.driver.OracleStatement.doExecuteWithTimeout(OracleStatement.java:1470)
	at oracle.jdbc.driver.OracleStatement.executeInternal(OracleStatement.java:2505)
	at oracle.jdbc.driver.OracleStatement.execute(OracleStatement.java:2460)
	at oracle.jdbc.driver.OracleStatementWrapper.execute(OracleStatementWrapper.java:328)
	at org.jkiss.dbeaver.model.impl.jdbc.exec.JDBCStatementImpl.execute(JDBCStatementImpl.java:332)
	at org.jkiss.dbeaver.model.impl.jdbc.exec.JDBCStatementImpl.executeStatement(JDBCStatementImpl.java:131)
	at org.jkiss.dbeaver.ui.editors.sql.execute.SQLQueryJob.executeStatement(SQLQueryJob.java:631)
	at org.jkiss.dbeaver.ui.editors.sql.execute.SQLQueryJob.lambda$2(SQLQueryJob.java:522)
	at org.jkiss.dbeaver.model.exec.DBExecUtils.tryExecuteRecover(DBExecUtils.java:192)
	at org.jkiss.dbeaver.ui.editors.sql.execute.SQLQueryJob.executeSingleQuery(SQLQueryJob.java:541)
	at org.jkiss.dbeaver.ui.editors.sql.execute.SQLQueryJob.extractData(SQLQueryJob.java:1001)
	at org.jkiss.dbeaver.ui.editors.sql.SQLEditor$QueryResultsContainer.readData(SQLEditor.java:4231)
	at org.jkiss.dbeaver.ui.controls.resultset.ResultSetJobDataRead.lambda$0(ResultSetJobDataRead.java:128)
	at org.jkiss.dbeaver.model.exec.DBExecUtils.tryExecuteRecover(DBExecUtils.java:192)
	at org.jkiss.dbeaver.ui.controls.resultset.ResultSetJobDataRead.run(ResultSetJobDataRead.java:126)
	at org.jkiss.dbeaver.ui.controls.resultset.ResultSetViewer$ResultSetDataPumpJob.run(ResultSetViewer.java:5160)
	at org.jkiss.dbeaver.model.runtime.AbstractJob.run(AbstractJob.java:117)
	at org.eclipse.core.internal.jobs.Worker.run(Worker.java:63)

!ENTRY org.jkiss.dbeaver.model 4 0 2024-09-19 10:36:24.952
!MESSAGE SQL Error [4080] [42000]: ORA-04080: 트리거 'EMP_NODML_WEEKEND'가 존재하지 않습니다

!SUBENTRY 1 org.jkiss.dbeaver.model 4 0 2024-09-19 10:36:24.952
!MESSAGE Error : 4080, Position : 0, Sql = DROP TRIGGER EMP_NODML_WEEKEND, OriginalSql = DROP TRIGGER EMP_NODML_WEEKEND, Error Msg = ORA-04080: 트리거 'EMP_NODML_WEEKEND'가 존재하지 않습니다

!STACK 0
Error : 4080, Position : 0, Sql = DROP TRIGGER EMP_NODML_WEEKEND, OriginalSql = DROP TRIGGER EMP_NODML_WEEKEND, Error Msg = ORA-04080: 트리거 'EMP_NODML_WEEKEND'가 존재하지 않습니다

	at oracle.jdbc.driver.T4CTTIoer11.processError(T4CTTIoer11.java:637)
	at oracle.jdbc.driver.T4CTTIoer11.processError(T4CTTIoer11.java:564)
	at oracle.jdbc.driver.T4C8Oall.processError(T4C8Oall.java:1231)
	at oracle.jdbc.driver.T4CTTIfun.receive(T4CTTIfun.java:772)
	at oracle.jdbc.driver.T4CTTIfun.doRPC(T4CTTIfun.java:299)
	at oracle.jdbc.driver.T4C8Oall.doOALL(T4C8Oall.java:512)
	at oracle.jdbc.driver.T4CStatement.doOall8(T4CStatement.java:123)
	at oracle.jdbc.driver.T4CStatement.executeForRows(T4CStatement.java:1200)
	at oracle.jdbc.driver.OracleStatement.executeSQLStatement(OracleStatement.java:1820)
	at oracle.jdbc.driver.OracleStatement.doExecuteWithTimeout(OracleStatement.java:1472)
	at oracle.jdbc.driver.OracleStatement.executeInternal(OracleStatement.java:2505)
	at oracle.jdbc.driver.OracleStatement.execute(OracleStatement.java:2460)
	at oracle.jdbc.driver.OracleStatementWrapper.execute(OracleStatementWrapper.java:328)
	at org.jkiss.dbeaver.model.impl.jdbc.exec.JDBCStatementImpl.execute(JDBCStatementImpl.java:332)
	at org.jkiss.dbeaver.model.impl.jdbc.exec.JDBCStatementImpl.executeStatement(JDBCStatementImpl.java:131)
	at org.jkiss.dbeaver.ui.editors.sql.execute.SQLQueryJob.executeStatement(SQLQueryJob.java:631)
	at org.jkiss.dbeaver.ui.editors.sql.execute.SQLQueryJob.lambda$2(SQLQueryJob.java:522)
	at org.jkiss.dbeaver.model.exec.DBExecUtils.tryExecuteRecover(DBExecUtils.java:192)
	at org.jkiss.dbeaver.ui.editors.sql.execute.SQLQueryJob.executeSingleQuery(SQLQueryJob.java:541)
	at org.jkiss.dbeaver.ui.editors.sql.execute.SQLQueryJob.extractData(SQLQueryJob.java:1001)
	at org.jkiss.dbeaver.ui.editors.sql.SQLEditor$QueryResultsContainer.readData(SQLEditor.java:4231)
	at org.jkiss.dbeaver.ui.controls.resultset.ResultSetJobDataRead.lambda$0(ResultSetJobDataRead.java:128)
	at org.jkiss.dbeaver.model.exec.DBExecUtils.tryExecuteRecover(DBExecUtils.java:192)
	at org.jkiss.dbeaver.ui.controls.resultset.ResultSetJobDataRead.run(ResultSetJobDataRead.java:126)
	at org.jkiss.dbeaver.ui.controls.resultset.ResultSetViewer$ResultSetDataPumpJob.run(ResultSetViewer.java:5160)
	at org.jkiss.dbeaver.model.runtime.AbstractJob.run(AbstractJob.java:117)
	at org.eclipse.core.internal.jobs.Worker.run(Worker.java:63)

!ENTRY org.jkiss.dbeaver.model 4 0 2024-09-19 10:36:36.101
!MESSAGE SQL Error [4080] [42000]: ORA-04080: 트리거 'TRG_NODML_WEEKEND'가 존재하지 않습니다

!SUBENTRY 1 org.jkiss.dbeaver.model 4 0 2024-09-19 10:36:36.101
!MESSAGE Error : 4080, Position : 0, Sql = DROP TRIGGER TRG_NODML_WEEKEND, OriginalSql = DROP TRIGGER TRG_NODML_WEEKEND, Error Msg = ORA-04080: 트리거 'TRG_NODML_WEEKEND'가 존재하지 않습니다

!STACK 0
Error : 4080, Position : 0, Sql = DROP TRIGGER TRG_NODML_WEEKEND, OriginalSql = DROP TRIGGER TRG_NODML_WEEKEND, Error Msg = ORA-04080: 트리거 'TRG_NODML_WEEKEND'가 존재하지 않습니다

	at oracle.jdbc.driver.T4CTTIoer11.processError(T4CTTIoer11.java:637)
	at oracle.jdbc.driver.T4CTTIoer11.processError(T4CTTIoer11.java:564)
	at oracle.jdbc.driver.T4C8Oall.processError(T4C8Oall.java:1231)
	at oracle.jdbc.driver.T4CTTIfun.receive(T4CTTIfun.java:772)
	at oracle.jdbc.driver.T4CTTIfun.doRPC(T4CTTIfun.java:299)
	at oracle.jdbc.driver.T4C8Oall.doOALL(T4C8Oall.java:512)
	at oracle.jdbc.driver.T4CStatement.doOall8(T4CStatement.java:123)
	at oracle.jdbc.driver.T4CStatement.executeForRows(T4CStatement.java:1200)
	at oracle.jdbc.driver.OracleStatement.executeSQLStatement(OracleStatement.java:1820)
	at oracle.jdbc.driver.OracleStatement.doExecuteWithTimeout(OracleStatement.java:1472)
	at oracle.jdbc.driver.OracleStatement.executeInternal(OracleStatement.java:2505)
	at oracle.jdbc.driver.OracleStatement.execute(OracleStatement.java:2460)
	at oracle.jdbc.driver.OracleStatementWrapper.execute(OracleStatementWrapper.java:328)
	at org.jkiss.dbeaver.model.impl.jdbc.exec.JDBCStatementImpl.execute(JDBCStatementImpl.java:332)
	at org.jkiss.dbeaver.model.impl.jdbc.exec.JDBCStatementImpl.executeStatement(JDBCStatementImpl.java:131)
	at org.jkiss.dbeaver.ui.editors.sql.execute.SQLQueryJob.executeStatement(SQLQueryJob.java:631)
	at org.jkiss.dbeaver.ui.editors.sql.execute.SQLQueryJob.lambda$2(SQLQueryJob.java:522)
	at org.jkiss.dbeaver.model.exec.DBExecUtils.tryExecuteRecover(DBExecUtils.java:192)
	at org.jkiss.dbeaver.ui.editors.sql.execute.SQLQueryJob.executeSingleQuery(SQLQueryJob.java:541)
	at org.jkiss.dbeaver.ui.editors.sql.execute.SQLQueryJob.extractData(SQLQueryJob.java:1001)
	at org.jkiss.dbeaver.ui.editors.sql.SQLEditor$QueryResultsContainer.readData(SQLEditor.java:4231)
	at org.jkiss.dbeaver.ui.controls.resultset.ResultSetJobDataRead.lambda$0(ResultSetJobDataRead.java:128)
	at org.jkiss.dbeaver.model.exec.DBExecUtils.tryExecuteRecover(DBExecUtils.java:192)
	at org.jkiss.dbeaver.ui.controls.resultset.ResultSetJobDataRead.run(ResultSetJobDataRead.java:126)
	at org.jkiss.dbeaver.ui.controls.resultset.ResultSetViewer$ResultSetDataPumpJob.run(ResultSetViewer.java:5160)
	at org.jkiss.dbeaver.model.runtime.AbstractJob.run(AbstractJob.java:117)
	at org.eclipse.core.internal.jobs.Worker.run(Worker.java:63)

!ENTRY org.jkiss.dbeaver.model 4 0 2024-09-19 10:37:09.423
!MESSAGE SQL Error [4080] [42000]: ORA-04080: 트리거 'EMP_TRG_LOG'가 존재하지 않습니다

!SUBENTRY 1 org.jkiss.dbeaver.model 4 0 2024-09-19 10:37:09.423
!MESSAGE Error : 4080, Position : 0, Sql = DROP TRIGGER EMP_TRG_LOG, OriginalSql = DROP TRIGGER EMP_TRG_LOG, Error Msg = ORA-04080: 트리거 'EMP_TRG_LOG'가 존재하지 않습니다

!STACK 0
Error : 4080, Position : 0, Sql = DROP TRIGGER EMP_TRG_LOG, OriginalSql = DROP TRIGGER EMP_TRG_LOG, Error Msg = ORA-04080: 트리거 'EMP_TRG_LOG'가 존재하지 않습니다

	at oracle.jdbc.driver.T4CTTIoer11.processError(T4CTTIoer11.java:637)
	at oracle.jdbc.driver.T4CTTIoer11.processError(T4CTTIoer11.java:564)
	at oracle.jdbc.driver.T4C8Oall.processError(T4C8Oall.java:1231)
	at oracle.jdbc.driver.T4CTTIfun.receive(T4CTTIfun.java:772)
	at oracle.jdbc.driver.T4CTTIfun.doRPC(T4CTTIfun.java:299)
	at oracle.jdbc.driver.T4C8Oall.doOALL(T4C8Oall.java:512)
	at oracle.jdbc.driver.T4CStatement.doOall8(T4CStatement.java:123)
	at oracle.jdbc.driver.T4CStatement.executeForRows(T4CStatement.java:1200)
	at oracle.jdbc.driver.OracleStatement.executeSQLStatement(OracleStatement.java:1820)
	at oracle.jdbc.driver.OracleStatement.doExecuteWithTimeout(OracleStatement.java:1472)
	at oracle.jdbc.driver.OracleStatement.executeInternal(OracleStatement.java:2505)
	at oracle.jdbc.driver.OracleStatement.execute(OracleStatement.java:2460)
	at oracle.jdbc.driver.OracleStatementWrapper.execute(OracleStatementWrapper.java:328)
	at org.jkiss.dbeaver.model.impl.jdbc.exec.JDBCStatementImpl.execute(JDBCStatementImpl.java:332)
	at org.jkiss.dbeaver.model.impl.jdbc.exec.JDBCStatementImpl.executeStatement(JDBCStatementImpl.java:131)
	at org.jkiss.dbeaver.ui.editors.sql.execute.SQLQueryJob.executeStatement(SQLQueryJob.java:631)
	at org.jkiss.dbeaver.ui.editors.sql.execute.SQLQueryJob.lambda$2(SQLQueryJob.java:522)
	at org.jkiss.dbeaver.model.exec.DBExecUtils.tryExecuteRecover(DBExecUtils.java:192)
	at org.jkiss.dbeaver.ui.editors.sql.execute.SQLQueryJob.executeSingleQuery(SQLQueryJob.java:541)
	at org.jkiss.dbeaver.ui.editors.sql.execute.SQLQueryJob.extractData(SQLQueryJob.java:1001)
	at org.jkiss.dbeaver.ui.editors.sql.SQLEditor$QueryResultsContainer.readData(SQLEditor.java:4231)
	at org.jkiss.dbeaver.ui.controls.resultset.ResultSetJobDataRead.lambda$0(ResultSetJobDataRead.java:128)
	at org.jkiss.dbeaver.model.exec.DBExecUtils.tryExecuteRecover(DBExecUtils.java:192)
	at org.jkiss.dbeaver.ui.controls.resultset.ResultSetJobDataRead.run(ResultSetJobDataRead.java:126)
	at org.jkiss.dbeaver.ui.controls.resultset.ResultSetViewer$ResultSetDataPumpJob.run(ResultSetViewer.java:5160)
	at org.jkiss.dbeaver.model.runtime.AbstractJob.run(AbstractJob.java:117)
	at org.eclipse.core.internal.jobs.Worker.run(Worker.java:63)

!ENTRY org.jkiss.dbeaver.model 4 0 2024-09-19 10:37:39.127
!MESSAGE SQL Error [4080] [42000]: ORA-04080: 트리거 'TRG_NOMDL_WEEKEND'가 존재하지 않습니다

!SUBENTRY 1 org.jkiss.dbeaver.model 4 0 2024-09-19 10:37:39.127
!MESSAGE Error : 4080, Position : 0, Sql = DROP TRIGGER TRG_NOMDL_WEEKEND, OriginalSql = DROP TRIGGER TRG_NOMDL_WEEKEND, Error Msg = ORA-04080: 트리거 'TRG_NOMDL_WEEKEND'가 존재하지 않습니다

!STACK 0
Error : 4080, Position : 0, Sql = DROP TRIGGER TRG_NOMDL_WEEKEND, OriginalSql = DROP TRIGGER TRG_NOMDL_WEEKEND, Error Msg = ORA-04080: 트리거 'TRG_NOMDL_WEEKEND'가 존재하지 않습니다

	at oracle.jdbc.driver.T4CTTIoer11.processError(T4CTTIoer11.java:637)
	at oracle.jdbc.driver.T4CTTIoer11.processError(T4CTTIoer11.java:564)
	at oracle.jdbc.driver.T4C8Oall.processError(T4C8Oall.java:1231)
	at oracle.jdbc.driver.T4CTTIfun.receive(T4CTTIfun.java:772)
	at oracle.jdbc.driver.T4CTTIfun.doRPC(T4CTTIfun.java:299)
	at oracle.jdbc.driver.T4C8Oall.doOALL(T4C8Oall.java:512)
	at oracle.jdbc.driver.T4CStatement.doOall8(T4CStatement.java:123)
	at oracle.jdbc.driver.T4CStatement.executeForRows(T4CStatement.java:1200)
	at oracle.jdbc.driver.OracleStatement.executeSQLStatement(OracleStatement.java:1820)
	at oracle.jdbc.driver.OracleStatement.doExecuteWithTimeout(OracleStatement.java:1472)
	at oracle.jdbc.driver.OracleStatement.executeInternal(OracleStatement.java:2505)
	at oracle.jdbc.driver.OracleStatement.execute(OracleStatement.java:2460)
	at oracle.jdbc.driver.OracleStatementWrapper.execute(OracleStatementWrapper.java:328)
	at org.jkiss.dbeaver.model.impl.jdbc.exec.JDBCStatementImpl.execute(JDBCStatementImpl.java:332)
	at org.jkiss.dbeaver.model.impl.jdbc.exec.JDBCStatementImpl.executeStatement(JDBCStatementImpl.java:131)
	at org.jkiss.dbeaver.ui.editors.sql.execute.SQLQueryJob.executeStatement(SQLQueryJob.java:631)
	at org.jkiss.dbeaver.ui.editors.sql.execute.SQLQueryJob.lambda$2(SQLQueryJob.java:522)
	at org.jkiss.dbeaver.model.exec.DBExecUtils.tryExecuteRecover(DBExecUtils.java:192)
	at org.jkiss.dbeaver.ui.editors.sql.execute.SQLQueryJob.executeSingleQuery(SQLQueryJob.java:541)
	at org.jkiss.dbeaver.ui.editors.sql.execute.SQLQueryJob.extractData(SQLQueryJob.java:1001)
	at org.jkiss.dbeaver.ui.editors.sql.SQLEditor$QueryResultsContainer.readData(SQLEditor.java:4231)
	at org.jkiss.dbeaver.ui.controls.resultset.ResultSetJobDataRead.lambda$0(ResultSetJobDataRead.java:128)
	at org.jkiss.dbeaver.model.exec.DBExecUtils.tryExecuteRecover(DBExecUtils.java:192)
	at org.jkiss.dbeaver.ui.controls.resultset.ResultSetJobDataRead.run(ResultSetJobDataRead.java:126)
	at org.jkiss.dbeaver.ui.controls.resultset.ResultSetViewer$ResultSetDataPumpJob.run(ResultSetViewer.java:5160)
	at org.jkiss.dbeaver.model.runtime.AbstractJob.run(AbstractJob.java:117)
	at org.eclipse.core.internal.jobs.Worker.run(Worker.java:63)

!ENTRY org.eclipse.ui.workbench 4 2 2024-09-19 14:17:15.655
!MESSAGE Problems occurred when invoking code from plug-in: "org.eclipse.ui.workbench".
!STACK 0
java.lang.NullPointerException: Cannot invoke "org.eclipse.swt.custom.StyledText.getDisplay()" because "styledText" is null
	at org.eclipse.ui.texteditor.AbstractTextEditor.initializeViewerColors(AbstractTextEditor.java:3928)
	at org.eclipse.ui.texteditor.AbstractTextEditor.handlePreferenceStoreChanged(AbstractTextEditor.java:4547)
	at org.eclipse.ui.texteditor.AbstractDecoratedTextEditor.handlePreferenceStoreChanged(AbstractDecoratedTextEditor.java:904)
	at org.jkiss.dbeaver.ui.editors.sql.SQLEditorBase.handlePreferenceStoreChanged(SQLEditorBase.java:317)
	at org.eclipse.ui.texteditor.AbstractTextEditor$PropertyChangeListener.propertyChange(AbstractTextEditor.java:723)
	at org.eclipse.ui.preferences.ScopedPreferenceStore$2.run(ScopedPreferenceStore.java:325)
	at org.eclipse.core.runtime.SafeRunner.run(SafeRunner.java:47)
	at org.eclipse.ui.preferences.ScopedPreferenceStore.firePropertyChangeEvent(ScopedPreferenceStore.java:322)
	at org.eclipse.ui.preferences.ScopedPreferenceStore.lambda$0(ScopedPreferenceStore.java:171)
	at org.eclipse.core.internal.preferences.EclipsePreferences.lambda$2(EclipsePreferences.java:828)
	at org.eclipse.core.runtime.SafeRunner.run(SafeRunner.java:47)
	at org.eclipse.core.internal.preferences.EclipsePreferences.firePreferenceEvent(EclipsePreferences.java:828)
	at org.eclipse.core.internal.preferences.EclipsePreferences.remove(EclipsePreferences.java:887)
	at org.eclipse.e4.ui.internal.workbench.swt.PartRenderingEngine$StylingPreferencesHandler.resetOverriddenPreferences(PartRenderingEngine.java:1444)
	at org.eclipse.e4.ui.internal.workbench.swt.PartRenderingEngine$StylingPreferencesHandler.resetOverriddenPreferences(PartRenderingEngine.java:1438)
	at org.eclipse.e4.ui.internal.workbench.swt.PartRenderingEngine$StylingPreferencesHandler.lambda$0(PartRenderingEngine.java:1427)
	at org.eclipse.swt.widgets.EventTable.sendEvent(EventTable.java:91)
	at org.eclipse.swt.widgets.Display.sendEvent(Display.java:4285)
	at org.eclipse.swt.widgets.Display.sendEvent(Display.java:4277)
	at org.eclipse.swt.widgets.Display.release(Display.java:3722)
	at org.eclipse.swt.graphics.Device.dispose(Device.java:335)
	at org.jkiss.dbeaver.ui.app.standalone.DBeaverApplication.start(DBeaverApplication.java:329)
	at org.eclipse.equinox.internal.app.EclipseAppHandle.run(EclipseAppHandle.java:208)
	at org.eclipse.core.runtime.internal.adaptor.EclipseAppLauncher.runApplication(EclipseAppLauncher.java:143)
	at org.eclipse.core.runtime.internal.adaptor.EclipseAppLauncher.start(EclipseAppLauncher.java:109)
	at org.eclipse.core.runtime.adaptor.EclipseStarter.run(EclipseStarter.java:439)
	at org.eclipse.core.runtime.adaptor.EclipseStarter.run(EclipseStarter.java:271)
	at java.base/jdk.internal.reflect.NativeMethodAccessorImpl.invoke0(Native Method)
	at java.base/jdk.internal.reflect.NativeMethodAccessorImpl.invoke(Unknown Source)
	at java.base/jdk.internal.reflect.DelegatingMethodAccessorImpl.invoke(Unknown Source)
	at java.base/java.lang.reflect.Method.invoke(Unknown Source)
	at org.jkiss.dbeaver.launcher.DBeaverLauncher.invokeFramework(DBeaverLauncher.java:648)
	at org.jkiss.dbeaver.launcher.DBeaverLauncher.basicRun(DBeaverLauncher.java:608)
	at org.jkiss.dbeaver.launcher.DBeaverLauncher.run(DBeaverLauncher.java:1459)

!ENTRY org.eclipse.jface 4 0 2024-09-19 14:17:15.656
!MESSAGE 환경 설정 변경 리스너를 인식하지 못하는 오류가 발생했습니다. 자세한 정보는 로그를 확인하십시오.
!STACK 0
java.lang.NullPointerException: Cannot invoke "org.eclipse.swt.custom.StyledText.getDisplay()" because "styledText" is null
	at org.eclipse.ui.texteditor.AbstractTextEditor.initializeViewerColors(AbstractTextEditor.java:3928)
	at org.eclipse.ui.texteditor.AbstractTextEditor.handlePreferenceStoreChanged(AbstractTextEditor.java:4547)
	at org.eclipse.ui.texteditor.AbstractDecoratedTextEditor.handlePreferenceStoreChanged(AbstractDecoratedTextEditor.java:904)
	at org.jkiss.dbeaver.ui.editors.sql.SQLEditorBase.handlePreferenceStoreChanged(SQLEditorBase.java:317)
	at org.eclipse.ui.texteditor.AbstractTextEditor$PropertyChangeListener.propertyChange(AbstractTextEditor.java:723)
	at org.eclipse.ui.preferences.ScopedPreferenceStore$2.run(ScopedPreferenceStore.java:325)
	at org.eclipse.core.runtime.SafeRunner.run(SafeRunner.java:47)
	at org.eclipse.ui.preferences.ScopedPreferenceStore.firePropertyChangeEvent(ScopedPreferenceStore.java:322)
	at org.eclipse.ui.preferences.ScopedPreferenceStore.lambda$0(ScopedPreferenceStore.java:171)
	at org.eclipse.core.internal.preferences.EclipsePreferences.lambda$2(EclipsePreferences.java:828)
	at org.eclipse.core.runtime.SafeRunner.run(SafeRunner.java:47)
	at org.eclipse.core.internal.preferences.EclipsePreferences.firePreferenceEvent(EclipsePreferences.java:828)
	at org.eclipse.core.internal.preferences.EclipsePreferences.remove(EclipsePreferences.java:887)
	at org.eclipse.e4.ui.internal.workbench.swt.PartRenderingEngine$StylingPreferencesHandler.resetOverriddenPreferences(PartRenderingEngine.java:1444)
	at org.eclipse.e4.ui.internal.workbench.swt.PartRenderingEngine$StylingPreferencesHandler.resetOverriddenPreferences(PartRenderingEngine.java:1438)
	at org.eclipse.e4.ui.internal.workbench.swt.PartRenderingEngine$StylingPreferencesHandler.lambda$0(PartRenderingEngine.java:1427)
	at org.eclipse.swt.widgets.EventTable.sendEvent(EventTable.java:91)
	at org.eclipse.swt.widgets.Display.sendEvent(Display.java:4285)
	at org.eclipse.swt.widgets.Display.sendEvent(Display.java:4277)
	at org.eclipse.swt.widgets.Display.release(Display.java:3722)
	at org.eclipse.swt.graphics.Device.dispose(Device.java:335)
	at org.jkiss.dbeaver.ui.app.standalone.DBeaverApplication.start(DBeaverApplication.java:329)
	at org.eclipse.equinox.internal.app.EclipseAppHandle.run(EclipseAppHandle.java:208)
	at org.eclipse.core.runtime.internal.adaptor.EclipseAppLauncher.runApplication(EclipseAppLauncher.java:143)
	at org.eclipse.core.runtime.internal.adaptor.EclipseAppLauncher.start(EclipseAppLauncher.java:109)
	at org.eclipse.core.runtime.adaptor.EclipseStarter.run(EclipseStarter.java:439)
	at org.eclipse.core.runtime.adaptor.EclipseStarter.run(EclipseStarter.java:271)
	at java.base/jdk.internal.reflect.NativeMethodAccessorImpl.invoke0(Native Method)
	at java.base/jdk.internal.reflect.NativeMethodAccessorImpl.invoke(Unknown Source)
	at java.base/jdk.internal.reflect.DelegatingMethodAccessorImpl.invoke(Unknown Source)
	at java.base/java.lang.reflect.Method.invoke(Unknown Source)
	at org.jkiss.dbeaver.launcher.DBeaverLauncher.invokeFramework(DBeaverLauncher.java:648)
	at org.jkiss.dbeaver.launcher.DBeaverLauncher.basicRun(DBeaverLauncher.java:608)
	at org.jkiss.dbeaver.launcher.DBeaverLauncher.run(DBeaverLauncher.java:1459)

!ENTRY org.eclipse.ui.workbench 4 2 2024-09-19 14:17:15.657
!MESSAGE Problems occurred when invoking code from plug-in: "org.eclipse.ui.workbench".
!STACK 0
java.lang.NullPointerException: Cannot invoke "org.eclipse.swt.custom.StyledText.getDisplay()" because "styledText" is null
	at org.eclipse.ui.texteditor.AbstractTextEditor.initializeViewerColors(AbstractTextEditor.java:3928)
	at org.eclipse.ui.texteditor.AbstractTextEditor.handlePreferenceStoreChanged(AbstractTextEditor.java:4547)
	at org.eclipse.ui.texteditor.AbstractDecoratedTextEditor.handlePreferenceStoreChanged(AbstractDecoratedTextEditor.java:904)
	at org.jkiss.dbeaver.ui.editors.sql.SQLEditorBase.handlePreferenceStoreChanged(SQLEditorBase.java:317)
	at org.eclipse.ui.texteditor.AbstractTextEditor$PropertyChangeListener.propertyChange(AbstractTextEditor.java:723)
	at org.eclipse.ui.preferences.ScopedPreferenceStore$2.run(ScopedPreferenceStore.java:325)
	at org.eclipse.core.runtime.SafeRunner.run(SafeRunner.java:47)
	at org.eclipse.ui.preferences.ScopedPreferenceStore.firePropertyChangeEvent(ScopedPreferenceStore.java:322)
	at org.eclipse.ui.preferences.ScopedPreferenceStore.lambda$0(ScopedPreferenceStore.java:171)
	at org.eclipse.core.internal.preferences.EclipsePreferences.lambda$2(EclipsePreferences.java:828)
	at org.eclipse.core.runtime.SafeRunner.run(SafeRunner.java:47)
	at org.eclipse.core.internal.preferences.EclipsePreferences.firePreferenceEvent(EclipsePreferences.java:828)
	at org.eclipse.core.internal.preferences.EclipsePreferences.remove(EclipsePreferences.java:887)
	at org.eclipse.e4.ui.internal.workbench.swt.PartRenderingEngine$StylingPreferencesHandler.resetOverriddenPreferences(PartRenderingEngine.java:1444)
	at org.eclipse.e4.ui.internal.workbench.swt.PartRenderingEngine$StylingPreferencesHandler.resetOverriddenPreferences(PartRenderingEngine.java:1438)
	at org.eclipse.e4.ui.internal.workbench.swt.PartRenderingEngine$StylingPreferencesHandler.lambda$0(PartRenderingEngine.java:1427)
	at org.eclipse.swt.widgets.EventTable.sendEvent(EventTable.java:91)
	at org.eclipse.swt.widgets.Display.sendEvent(Display.java:4285)
	at org.eclipse.swt.widgets.Display.sendEvent(Display.java:4277)
	at org.eclipse.swt.widgets.Display.release(Display.java:3722)
	at org.eclipse.swt.graphics.Device.dispose(Device.java:335)
	at org.jkiss.dbeaver.ui.app.standalone.DBeaverApplication.start(DBeaverApplication.java:329)
	at org.eclipse.equinox.internal.app.EclipseAppHandle.run(EclipseAppHandle.java:208)
	at org.eclipse.core.runtime.internal.adaptor.EclipseAppLauncher.runApplication(EclipseAppLauncher.java:143)
	at org.eclipse.core.runtime.internal.adaptor.EclipseAppLauncher.start(EclipseAppLauncher.java:109)
	at org.eclipse.core.runtime.adaptor.EclipseStarter.run(EclipseStarter.java:439)
	at org.eclipse.core.runtime.adaptor.EclipseStarter.run(EclipseStarter.java:271)
	at java.base/jdk.internal.reflect.NativeMethodAccessorImpl.invoke0(Native Method)
	at java.base/jdk.internal.reflect.NativeMethodAccessorImpl.invoke(Unknown Source)
	at java.base/jdk.internal.reflect.DelegatingMethodAccessorImpl.invoke(Unknown Source)
	at java.base/java.lang.reflect.Method.invoke(Unknown Source)
	at org.jkiss.dbeaver.launcher.DBeaverLauncher.invokeFramework(DBeaverLauncher.java:648)
	at org.jkiss.dbeaver.launcher.DBeaverLauncher.basicRun(DBeaverLauncher.java:608)
	at org.jkiss.dbeaver.launcher.DBeaverLauncher.run(DBeaverLauncher.java:1459)

!ENTRY org.eclipse.jface 4 0 2024-09-19 14:17:15.658
!MESSAGE 환경 설정 변경 리스너를 인식하지 못하는 오류가 발생했습니다. 자세한 정보는 로그를 확인하십시오.
!STACK 0
java.lang.NullPointerException: Cannot invoke "org.eclipse.swt.custom.StyledText.getDisplay()" because "styledText" is null
	at org.eclipse.ui.texteditor.AbstractTextEditor.initializeViewerColors(AbstractTextEditor.java:3928)
	at org.eclipse.ui.texteditor.AbstractTextEditor.handlePreferenceStoreChanged(AbstractTextEditor.java:4547)
	at org.eclipse.ui.texteditor.AbstractDecoratedTextEditor.handlePreferenceStoreChanged(AbstractDecoratedTextEditor.java:904)
	at org.jkiss.dbeaver.ui.editors.sql.SQLEditorBase.handlePreferenceStoreChanged(SQLEditorBase.java:317)
	at org.eclipse.ui.texteditor.AbstractTextEditor$PropertyChangeListener.propertyChange(AbstractTextEditor.java:723)
	at org.eclipse.ui.preferences.ScopedPreferenceStore$2.run(ScopedPreferenceStore.java:325)
	at org.eclipse.core.runtime.SafeRunner.run(SafeRunner.java:47)
	at org.eclipse.ui.preferences.ScopedPreferenceStore.firePropertyChangeEvent(ScopedPreferenceStore.java:322)
	at org.eclipse.ui.preferences.ScopedPreferenceStore.lambda$0(ScopedPreferenceStore.java:171)
	at org.eclipse.core.internal.preferences.EclipsePreferences.lambda$2(EclipsePreferences.java:828)
	at org.eclipse.core.runtime.SafeRunner.run(SafeRunner.java:47)
	at org.eclipse.core.internal.preferences.EclipsePreferences.firePreferenceEvent(EclipsePreferences.java:828)
	at org.eclipse.core.internal.preferences.EclipsePreferences.remove(EclipsePreferences.java:887)
	at org.eclipse.e4.ui.internal.workbench.swt.PartRenderingEngine$StylingPreferencesHandler.resetOverriddenPreferences(PartRenderingEngine.java:1444)
	at org.eclipse.e4.ui.internal.workbench.swt.PartRenderingEngine$StylingPreferencesHandler.resetOverriddenPreferences(PartRenderingEngine.java:1438)
	at org.eclipse.e4.ui.internal.workbench.swt.PartRenderingEngine$StylingPreferencesHandler.lambda$0(PartRenderingEngine.java:1427)
	at org.eclipse.swt.widgets.EventTable.sendEvent(EventTable.java:91)
	at org.eclipse.swt.widgets.Display.sendEvent(Display.java:4285)
	at org.eclipse.swt.widgets.Display.sendEvent(Display.java:4277)
	at org.eclipse.swt.widgets.Display.release(Display.java:3722)
	at org.eclipse.swt.graphics.Device.dispose(Device.java:335)
	at org.jkiss.dbeaver.ui.app.standalone.DBeaverApplication.start(DBeaverApplication.java:329)
	at org.eclipse.equinox.internal.app.EclipseAppHandle.run(EclipseAppHandle.java:208)
	at org.eclipse.core.runtime.internal.adaptor.EclipseAppLauncher.runApplication(EclipseAppLauncher.java:143)
	at org.eclipse.core.runtime.internal.adaptor.EclipseAppLauncher.start(EclipseAppLauncher.java:109)
	at org.eclipse.core.runtime.adaptor.EclipseStarter.run(EclipseStarter.java:439)
	at org.eclipse.core.runtime.adaptor.EclipseStarter.run(EclipseStarter.java:271)
	at java.base/jdk.internal.reflect.NativeMethodAccessorImpl.invoke0(Native Method)
	at java.base/jdk.internal.reflect.NativeMethodAccessorImpl.invoke(Unknown Source)
	at java.base/jdk.internal.reflect.DelegatingMethodAccessorImpl.invoke(Unknown Source)
	at java.base/java.lang.reflect.Method.invoke(Unknown Source)
	at org.jkiss.dbeaver.launcher.DBeaverLauncher.invokeFramework(DBeaverLauncher.java:648)
	at org.jkiss.dbeaver.launcher.DBeaverLauncher.basicRun(DBeaverLauncher.java:608)
	at org.jkiss.dbeaver.launcher.DBeaverLauncher.run(DBeaverLauncher.java:1459)

!ENTRY org.eclipse.ui.workbench 4 2 2024-09-19 14:17:15.659
!MESSAGE Problems occurred when invoking code from plug-in: "org.eclipse.ui.workbench".
!STACK 0
java.lang.NullPointerException: Cannot invoke "org.eclipse.swt.custom.StyledText.getDisplay()" because "styledText" is null
	at org.eclipse.ui.texteditor.AbstractTextEditor.initializeViewerColors(AbstractTextEditor.java:3928)
	at org.eclipse.ui.texteditor.AbstractTextEditor.handlePreferenceStoreChanged(AbstractTextEditor.java:4547)
	at org.eclipse.ui.texteditor.AbstractDecoratedTextEditor.handlePreferenceStoreChanged(AbstractDecoratedTextEditor.java:904)
	at org.jkiss.dbeaver.ui.editors.sql.SQLEditorBase.handlePreferenceStoreChanged(SQLEditorBase.java:317)
	at org.eclipse.ui.texteditor.AbstractTextEditor$PropertyChangeListener.propertyChange(AbstractTextEditor.java:723)
	at org.eclipse.ui.preferences.ScopedPreferenceStore$2.run(ScopedPreferenceStore.java:325)
	at org.eclipse.core.runtime.SafeRunner.run(SafeRunner.java:47)
	at org.eclipse.ui.preferences.ScopedPreferenceStore.firePropertyChangeEvent(ScopedPreferenceStore.java:322)
	at org.eclipse.ui.preferences.ScopedPreferenceStore.lambda$0(ScopedPreferenceStore.java:171)
	at org.eclipse.core.internal.preferences.EclipsePreferences.lambda$2(EclipsePreferences.java:828)
	at org.eclipse.core.runtime.SafeRunner.run(SafeRunner.java:47)
	at org.eclipse.core.internal.preferences.EclipsePreferences.firePreferenceEvent(EclipsePreferences.java:828)
	at org.eclipse.core.internal.preferences.EclipsePreferences.remove(EclipsePreferences.java:887)
	at org.eclipse.e4.ui.internal.workbench.swt.PartRenderingEngine$StylingPreferencesHandler.resetOverriddenPreferences(PartRenderingEngine.java:1444)
	at org.eclipse.e4.ui.internal.workbench.swt.PartRenderingEngine$StylingPreferencesHandler.resetOverriddenPreferences(PartRenderingEngine.java:1438)
	at org.eclipse.e4.ui.internal.workbench.swt.PartRenderingEngine$StylingPreferencesHandler.lambda$0(PartRenderingEngine.java:1427)
	at org.eclipse.swt.widgets.EventTable.sendEvent(EventTable.java:91)
	at org.eclipse.swt.widgets.Display.sendEvent(Display.java:4285)
	at org.eclipse.swt.widgets.Display.sendEvent(Display.java:4277)
	at org.eclipse.swt.widgets.Display.release(Display.java:3722)
	at org.eclipse.swt.graphics.Device.dispose(Device.java:335)
	at org.jkiss.dbeaver.ui.app.standalone.DBeaverApplication.start(DBeaverApplication.java:329)
	at org.eclipse.equinox.internal.app.EclipseAppHandle.run(EclipseAppHandle.java:208)
	at org.eclipse.core.runtime.internal.adaptor.EclipseAppLauncher.runApplication(EclipseAppLauncher.java:143)
	at org.eclipse.core.runtime.internal.adaptor.EclipseAppLauncher.start(EclipseAppLauncher.java:109)
	at org.eclipse.core.runtime.adaptor.EclipseStarter.run(EclipseStarter.java:439)
	at org.eclipse.core.runtime.adaptor.EclipseStarter.run(EclipseStarter.java:271)
	at java.base/jdk.internal.reflect.NativeMethodAccessorImpl.invoke0(Native Method)
	at java.base/jdk.internal.reflect.NativeMethodAccessorImpl.invoke(Unknown Source)
	at java.base/jdk.internal.reflect.DelegatingMethodAccessorImpl.invoke(Unknown Source)
	at java.base/java.lang.reflect.Method.invoke(Unknown Source)
	at org.jkiss.dbeaver.launcher.DBeaverLauncher.invokeFramework(DBeaverLauncher.java:648)
	at org.jkiss.dbeaver.launcher.DBeaverLauncher.basicRun(DBeaverLauncher.java:608)
	at org.jkiss.dbeaver.launcher.DBeaverLauncher.run(DBeaverLauncher.java:1459)

!ENTRY org.eclipse.jface 4 0 2024-09-19 14:17:15.659
!MESSAGE 환경 설정 변경 리스너를 인식하지 못하는 오류가 발생했습니다. 자세한 정보는 로그를 확인하십시오.
!STACK 0
java.lang.NullPointerException: Cannot invoke "org.eclipse.swt.custom.StyledText.getDisplay()" because "styledText" is null
	at org.eclipse.ui.texteditor.AbstractTextEditor.initializeViewerColors(AbstractTextEditor.java:3928)
	at org.eclipse.ui.texteditor.AbstractTextEditor.handlePreferenceStoreChanged(AbstractTextEditor.java:4547)
	at org.eclipse.ui.texteditor.AbstractDecoratedTextEditor.handlePreferenceStoreChanged(AbstractDecoratedTextEditor.java:904)
	at org.jkiss.dbeaver.ui.editors.sql.SQLEditorBase.handlePreferenceStoreChanged(SQLEditorBase.java:317)
	at org.eclipse.ui.texteditor.AbstractTextEditor$PropertyChangeListener.propertyChange(AbstractTextEditor.java:723)
	at org.eclipse.ui.preferences.ScopedPreferenceStore$2.run(ScopedPreferenceStore.java:325)
	at org.eclipse.core.runtime.SafeRunner.run(SafeRunner.java:47)
	at org.eclipse.ui.preferences.ScopedPreferenceStore.firePropertyChangeEvent(ScopedPreferenceStore.java:322)
	at org.eclipse.ui.preferences.ScopedPreferenceStore.lambda$0(ScopedPreferenceStore.java:171)
	at org.eclipse.core.internal.preferences.EclipsePreferences.lambda$2(EclipsePreferences.java:828)
	at org.eclipse.core.runtime.SafeRunner.run(SafeRunner.java:47)
	at org.eclipse.core.internal.preferences.EclipsePreferences.firePreferenceEvent(EclipsePreferences.java:828)
	at org.eclipse.core.internal.preferences.EclipsePreferences.remove(EclipsePreferences.java:887)
	at org.eclipse.e4.ui.internal.workbench.swt.PartRenderingEngine$StylingPreferencesHandler.resetOverriddenPreferences(PartRenderingEngine.java:1444)
	at org.eclipse.e4.ui.internal.workbench.swt.PartRenderingEngine$StylingPreferencesHandler.resetOverriddenPreferences(PartRenderingEngine.java:1438)
	at org.eclipse.e4.ui.internal.workbench.swt.PartRenderingEngine$StylingPreferencesHandler.lambda$0(PartRenderingEngine.java:1427)
	at org.eclipse.swt.widgets.EventTable.sendEvent(EventTable.java:91)
	at org.eclipse.swt.widgets.Display.sendEvent(Display.java:4285)
	at org.eclipse.swt.widgets.Display.sendEvent(Display.java:4277)
	at org.eclipse.swt.widgets.Display.release(Display.java:3722)
	at org.eclipse.swt.graphics.Device.dispose(Device.java:335)
	at org.jkiss.dbeaver.ui.app.standalone.DBeaverApplication.start(DBeaverApplication.java:329)
	at org.eclipse.equinox.internal.app.EclipseAppHandle.run(EclipseAppHandle.java:208)
	at org.eclipse.core.runtime.internal.adaptor.EclipseAppLauncher.runApplication(EclipseAppLauncher.java:143)
	at org.eclipse.core.runtime.internal.adaptor.EclipseAppLauncher.start(EclipseAppLauncher.java:109)
	at org.eclipse.core.runtime.adaptor.EclipseStarter.run(EclipseStarter.java:439)
	at org.eclipse.core.runtime.adaptor.EclipseStarter.run(EclipseStarter.java:271)
	at java.base/jdk.internal.reflect.NativeMethodAccessorImpl.invoke0(Native Method)
	at java.base/jdk.internal.reflect.NativeMethodAccessorImpl.invoke(Unknown Source)
	at java.base/jdk.internal.reflect.DelegatingMethodAccessorImpl.invoke(Unknown Source)
	at java.base/java.lang.reflect.Method.invoke(Unknown Source)
	at org.jkiss.dbeaver.launcher.DBeaverLauncher.invokeFramework(DBeaverLauncher.java:648)
	at org.jkiss.dbeaver.launcher.DBeaverLauncher.basicRun(DBeaverLauncher.java:608)
	at org.jkiss.dbeaver.launcher.DBeaverLauncher.run(DBeaverLauncher.java:1459)

!ENTRY org.eclipse.ui.workbench 4 2 2024-09-19 14:17:15.660
!MESSAGE Problems occurred when invoking code from plug-in: "org.eclipse.ui.workbench".
!STACK 0
java.lang.NullPointerException: Cannot invoke "org.eclipse.swt.custom.StyledText.getDisplay()" because "styledText" is null
	at org.eclipse.ui.texteditor.AbstractTextEditor.initializeViewerColors(AbstractTextEditor.java:3928)
	at org.eclipse.ui.texteditor.AbstractTextEditor.handlePreferenceStoreChanged(AbstractTextEditor.java:4547)
	at org.eclipse.ui.texteditor.AbstractDecoratedTextEditor.handlePreferenceStoreChanged(AbstractDecoratedTextEditor.java:904)
	at org.jkiss.dbeaver.ui.editors.sql.SQLEditorBase.handlePreferenceStoreChanged(SQLEditorBase.java:317)
	at org.eclipse.ui.texteditor.AbstractTextEditor$PropertyChangeListener.propertyChange(AbstractTextEditor.java:723)
	at org.eclipse.ui.preferences.ScopedPreferenceStore$2.run(ScopedPreferenceStore.java:325)
	at org.eclipse.core.runtime.SafeRunner.run(SafeRunner.java:47)
	at org.eclipse.ui.preferences.ScopedPreferenceStore.firePropertyChangeEvent(ScopedPreferenceStore.java:322)
	at org.eclipse.ui.preferences.ScopedPreferenceStore.lambda$0(ScopedPreferenceStore.java:171)
	at org.eclipse.core.internal.preferences.EclipsePreferences.lambda$2(EclipsePreferences.java:828)
	at org.eclipse.core.runtime.SafeRunner.run(SafeRunner.java:47)
	at org.eclipse.core.internal.preferences.EclipsePreferences.firePreferenceEvent(EclipsePreferences.java:828)
	at org.eclipse.core.internal.preferences.EclipsePreferences.remove(EclipsePreferences.java:887)
	at org.eclipse.e4.ui.internal.workbench.swt.PartRenderingEngine$StylingPreferencesHandler.resetOverriddenPreferences(PartRenderingEngine.java:1444)
	at org.eclipse.e4.ui.internal.workbench.swt.PartRenderingEngine$StylingPreferencesHandler.resetOverriddenPreferences(PartRenderingEngine.java:1438)
	at org.eclipse.e4.ui.internal.workbench.swt.PartRenderingEngine$StylingPreferencesHandler.lambda$0(PartRenderingEngine.java:1427)
	at org.eclipse.swt.widgets.EventTable.sendEvent(EventTable.java:91)
	at org.eclipse.swt.widgets.Display.sendEvent(Display.java:4285)
	at org.eclipse.swt.widgets.Display.sendEvent(Display.java:4277)
	at org.eclipse.swt.widgets.Display.release(Display.java:3722)
	at org.eclipse.swt.graphics.Device.dispose(Device.java:335)
	at org.jkiss.dbeaver.ui.app.standalone.DBeaverApplication.start(DBeaverApplication.java:329)
	at org.eclipse.equinox.internal.app.EclipseAppHandle.run(EclipseAppHandle.java:208)
	at org.eclipse.core.runtime.internal.adaptor.EclipseAppLauncher.runApplication(EclipseAppLauncher.java:143)
	at org.eclipse.core.runtime.internal.adaptor.EclipseAppLauncher.start(EclipseAppLauncher.java:109)
	at org.eclipse.core.runtime.adaptor.EclipseStarter.run(EclipseStarter.java:439)
	at org.eclipse.core.runtime.adaptor.EclipseStarter.run(EclipseStarter.java:271)
	at java.base/jdk.internal.reflect.NativeMethodAccessorImpl.invoke0(Native Method)
	at java.base/jdk.internal.reflect.NativeMethodAccessorImpl.invoke(Unknown Source)
	at java.base/jdk.internal.reflect.DelegatingMethodAccessorImpl.invoke(Unknown Source)
	at java.base/java.lang.reflect.Method.invoke(Unknown Source)
	at org.jkiss.dbeaver.launcher.DBeaverLauncher.invokeFramework(DBeaverLauncher.java:648)
	at org.jkiss.dbeaver.launcher.DBeaverLauncher.basicRun(DBeaverLauncher.java:608)
	at org.jkiss.dbeaver.launcher.DBeaverLauncher.run(DBeaverLauncher.java:1459)

!ENTRY org.eclipse.jface 4 0 2024-09-19 14:17:15.660
!MESSAGE 환경 설정 변경 리스너를 인식하지 못하는 오류가 발생했습니다. 자세한 정보는 로그를 확인하십시오.
!STACK 0
java.lang.NullPointerException: Cannot invoke "org.eclipse.swt.custom.StyledText.getDisplay()" because "styledText" is null
	at org.eclipse.ui.texteditor.AbstractTextEditor.initializeViewerColors(AbstractTextEditor.java:3928)
	at org.eclipse.ui.texteditor.AbstractTextEditor.handlePreferenceStoreChanged(AbstractTextEditor.java:4547)
	at org.eclipse.ui.texteditor.AbstractDecoratedTextEditor.handlePreferenceStoreChanged(AbstractDecoratedTextEditor.java:904)
	at org.jkiss.dbeaver.ui.editors.sql.SQLEditorBase.handlePreferenceStoreChanged(SQLEditorBase.java:317)
	at org.eclipse.ui.texteditor.AbstractTextEditor$PropertyChangeListener.propertyChange(AbstractTextEditor.java:723)
	at org.eclipse.ui.preferences.ScopedPreferenceStore$2.run(ScopedPreferenceStore.java:325)
	at org.eclipse.core.runtime.SafeRunner.run(SafeRunner.java:47)
	at org.eclipse.ui.preferences.ScopedPreferenceStore.firePropertyChangeEvent(ScopedPreferenceStore.java:322)
	at org.eclipse.ui.preferences.ScopedPreferenceStore.lambda$0(ScopedPreferenceStore.java:171)
	at org.eclipse.core.internal.preferences.EclipsePreferences.lambda$2(EclipsePreferences.java:828)
	at org.eclipse.core.runtime.SafeRunner.run(SafeRunner.java:47)
	at org.eclipse.core.internal.preferences.EclipsePreferences.firePreferenceEvent(EclipsePreferences.java:828)
	at org.eclipse.core.internal.preferences.EclipsePreferences.remove(EclipsePreferences.java:887)
	at org.eclipse.e4.ui.internal.workbench.swt.PartRenderingEngine$StylingPreferencesHandler.resetOverriddenPreferences(PartRenderingEngine.java:1444)
	at org.eclipse.e4.ui.internal.workbench.swt.PartRenderingEngine$StylingPreferencesHandler.resetOverriddenPreferences(PartRenderingEngine.java:1438)
	at org.eclipse.e4.ui.internal.workbench.swt.PartRenderingEngine$StylingPreferencesHandler.lambda$0(PartRenderingEngine.java:1427)
	at org.eclipse.swt.widgets.EventTable.sendEvent(EventTable.java:91)
	at org.eclipse.swt.widgets.Display.sendEvent(Display.java:4285)
	at org.eclipse.swt.widgets.Display.sendEvent(Display.java:4277)
	at org.eclipse.swt.widgets.Display.release(Display.java:3722)
	at org.eclipse.swt.graphics.Device.dispose(Device.java:335)
	at org.jkiss.dbeaver.ui.app.standalone.DBeaverApplication.start(DBeaverApplication.java:329)
	at org.eclipse.equinox.internal.app.EclipseAppHandle.run(EclipseAppHandle.java:208)
	at org.eclipse.core.runtime.internal.adaptor.EclipseAppLauncher.runApplication(EclipseAppLauncher.java:143)
	at org.eclipse.core.runtime.internal.adaptor.EclipseAppLauncher.start(EclipseAppLauncher.java:109)
	at org.eclipse.core.runtime.adaptor.EclipseStarter.run(EclipseStarter.java:439)
	at org.eclipse.core.runtime.adaptor.EclipseStarter.run(EclipseStarter.java:271)
	at java.base/jdk.internal.reflect.NativeMethodAccessorImpl.invoke0(Native Method)
	at java.base/jdk.internal.reflect.NativeMethodAccessorImpl.invoke(Unknown Source)
	at java.base/jdk.internal.reflect.DelegatingMethodAccessorImpl.invoke(Unknown Source)
	at java.base/java.lang.reflect.Method.invoke(Unknown Source)
	at org.jkiss.dbeaver.launcher.DBeaverLauncher.invokeFramework(DBeaverLauncher.java:648)
	at org.jkiss.dbeaver.launcher.DBeaverLauncher.basicRun(DBeaverLauncher.java:608)
	at org.jkiss.dbeaver.launcher.DBeaverLauncher.run(DBeaverLauncher.java:1459)

!ENTRY org.eclipse.ui.workbench 4 2 2024-09-19 14:17:15.661
!MESSAGE Problems occurred when invoking code from plug-in: "org.eclipse.ui.workbench".
!STACK 0
java.lang.NullPointerException: Cannot invoke "org.eclipse.swt.custom.StyledText.getDisplay()" because "styledText" is null
	at org.eclipse.ui.texteditor.AbstractTextEditor.initializeViewerColors(AbstractTextEditor.java:3928)
	at org.eclipse.ui.texteditor.AbstractTextEditor.handlePreferenceStoreChanged(AbstractTextEditor.java:4547)
	at org.eclipse.ui.texteditor.AbstractDecoratedTextEditor.handlePreferenceStoreChanged(AbstractDecoratedTextEditor.java:904)
	at org.jkiss.dbeaver.ui.editors.sql.SQLEditorBase.handlePreferenceStoreChanged(SQLEditorBase.java:317)
	at org.eclipse.ui.texteditor.AbstractTextEditor$PropertyChangeListener.propertyChange(AbstractTextEditor.java:723)
	at org.eclipse.ui.preferences.ScopedPreferenceStore$2.run(ScopedPreferenceStore.java:325)
	at org.eclipse.core.runtime.SafeRunner.run(SafeRunner.java:47)
	at org.eclipse.ui.preferences.ScopedPreferenceStore.firePropertyChangeEvent(ScopedPreferenceStore.java:322)
	at org.eclipse.ui.preferences.ScopedPreferenceStore.lambda$0(ScopedPreferenceStore.java:171)
	at org.eclipse.core.internal.preferences.EclipsePreferences.lambda$2(EclipsePreferences.java:828)
	at org.eclipse.core.runtime.SafeRunner.run(SafeRunner.java:47)
	at org.eclipse.core.internal.preferences.EclipsePreferences.firePreferenceEvent(EclipsePreferences.java:828)
	at org.eclipse.core.internal.preferences.EclipsePreferences.remove(EclipsePreferences.java:887)
	at org.eclipse.e4.ui.internal.workbench.swt.PartRenderingEngine$StylingPreferencesHandler.resetOverriddenPreferences(PartRenderingEngine.java:1444)
	at org.eclipse.e4.ui.internal.workbench.swt.PartRenderingEngine$StylingPreferencesHandler.resetOverriddenPreferences(PartRenderingEngine.java:1438)
	at org.eclipse.e4.ui.internal.workbench.swt.PartRenderingEngine$StylingPreferencesHandler.lambda$0(PartRenderingEngine.java:1427)
	at org.eclipse.swt.widgets.EventTable.sendEvent(EventTable.java:91)
	at org.eclipse.swt.widgets.Display.sendEvent(Display.java:4285)
	at org.eclipse.swt.widgets.Display.sendEvent(Display.java:4277)
	at org.eclipse.swt.widgets.Display.release(Display.java:3722)
	at org.eclipse.swt.graphics.Device.dispose(Device.java:335)
	at org.jkiss.dbeaver.ui.app.standalone.DBeaverApplication.start(DBeaverApplication.java:329)
	at org.eclipse.equinox.internal.app.EclipseAppHandle.run(EclipseAppHandle.java:208)
	at org.eclipse.core.runtime.internal.adaptor.EclipseAppLauncher.runApplication(EclipseAppLauncher.java:143)
	at org.eclipse.core.runtime.internal.adaptor.EclipseAppLauncher.start(EclipseAppLauncher.java:109)
	at org.eclipse.core.runtime.adaptor.EclipseStarter.run(EclipseStarter.java:439)
	at org.eclipse.core.runtime.adaptor.EclipseStarter.run(EclipseStarter.java:271)
	at java.base/jdk.internal.reflect.NativeMethodAccessorImpl.invoke0(Native Method)
	at java.base/jdk.internal.reflect.NativeMethodAccessorImpl.invoke(Unknown Source)
	at java.base/jdk.internal.reflect.DelegatingMethodAccessorImpl.invoke(Unknown Source)
	at java.base/java.lang.reflect.Method.invoke(Unknown Source)
	at org.jkiss.dbeaver.launcher.DBeaverLauncher.invokeFramework(DBeaverLauncher.java:648)
	at org.jkiss.dbeaver.launcher.DBeaverLauncher.basicRun(DBeaverLauncher.java:608)
	at org.jkiss.dbeaver.launcher.DBeaverLauncher.run(DBeaverLauncher.java:1459)

!ENTRY org.eclipse.jface 4 0 2024-09-19 14:17:15.661
!MESSAGE 환경 설정 변경 리스너를 인식하지 못하는 오류가 발생했습니다. 자세한 정보는 로그를 확인하십시오.
!STACK 0
java.lang.NullPointerException: Cannot invoke "org.eclipse.swt.custom.StyledText.getDisplay()" because "styledText" is null
	at org.eclipse.ui.texteditor.AbstractTextEditor.initializeViewerColors(AbstractTextEditor.java:3928)
	at org.eclipse.ui.texteditor.AbstractTextEditor.handlePreferenceStoreChanged(AbstractTextEditor.java:4547)
	at org.eclipse.ui.texteditor.AbstractDecoratedTextEditor.handlePreferenceStoreChanged(AbstractDecoratedTextEditor.java:904)
	at org.jkiss.dbeaver.ui.editors.sql.SQLEditorBase.handlePreferenceStoreChanged(SQLEditorBase.java:317)
	at org.eclipse.ui.texteditor.AbstractTextEditor$PropertyChangeListener.propertyChange(AbstractTextEditor.java:723)
	at org.eclipse.ui.preferences.ScopedPreferenceStore$2.run(ScopedPreferenceStore.java:325)
	at org.eclipse.core.runtime.SafeRunner.run(SafeRunner.java:47)
	at org.eclipse.ui.preferences.ScopedPreferenceStore.firePropertyChangeEvent(ScopedPreferenceStore.java:322)
	at org.eclipse.ui.preferences.ScopedPreferenceStore.lambda$0(ScopedPreferenceStore.java:171)
	at org.eclipse.core.internal.preferences.EclipsePreferences.lambda$2(EclipsePreferences.java:828)
	at org.eclipse.core.runtime.SafeRunner.run(SafeRunner.java:47)
	at org.eclipse.core.internal.preferences.EclipsePreferences.firePreferenceEvent(EclipsePreferences.java:828)
	at org.eclipse.core.internal.preferences.EclipsePreferences.remove(EclipsePreferences.java:887)
	at org.eclipse.e4.ui.internal.workbench.swt.PartRenderingEngine$StylingPreferencesHandler.resetOverriddenPreferences(PartRenderingEngine.java:1444)
	at org.eclipse.e4.ui.internal.workbench.swt.PartRenderingEngine$StylingPreferencesHandler.resetOverriddenPreferences(PartRenderingEngine.java:1438)
	at org.eclipse.e4.ui.internal.workbench.swt.PartRenderingEngine$StylingPreferencesHandler.lambda$0(PartRenderingEngine.java:1427)
	at org.eclipse.swt.widgets.EventTable.sendEvent(EventTable.java:91)
	at org.eclipse.swt.widgets.Display.sendEvent(Display.java:4285)
	at org.eclipse.swt.widgets.Display.sendEvent(Display.java:4277)
	at org.eclipse.swt.widgets.Display.release(Display.java:3722)
	at org.eclipse.swt.graphics.Device.dispose(Device.java:335)
	at org.jkiss.dbeaver.ui.app.standalone.DBeaverApplication.start(DBeaverApplication.java:329)
	at org.eclipse.equinox.internal.app.EclipseAppHandle.run(EclipseAppHandle.java:208)
	at org.eclipse.core.runtime.internal.adaptor.EclipseAppLauncher.runApplication(EclipseAppLauncher.java:143)
	at org.eclipse.core.runtime.internal.adaptor.EclipseAppLauncher.start(EclipseAppLauncher.java:109)
	at org.eclipse.core.runtime.adaptor.EclipseStarter.run(EclipseStarter.java:439)
	at org.eclipse.core.runtime.adaptor.EclipseStarter.run(EclipseStarter.java:271)
	at java.base/jdk.internal.reflect.NativeMethodAccessorImpl.invoke0(Native Method)
	at java.base/jdk.internal.reflect.NativeMethodAccessorImpl.invoke(Unknown Source)
	at java.base/jdk.internal.reflect.DelegatingMethodAccessorImpl.invoke(Unknown Source)
	at java.base/java.lang.reflect.Method.invoke(Unknown Source)
	at org.jkiss.dbeaver.launcher.DBeaverLauncher.invokeFramework(DBeaverLauncher.java:648)
	at org.jkiss.dbeaver.launcher.DBeaverLauncher.basicRun(DBeaverLauncher.java:608)
	at org.jkiss.dbeaver.launcher.DBeaverLauncher.run(DBeaverLauncher.java:1459)

!ENTRY org.eclipse.ui.workbench 4 2 2024-09-19 14:17:15.662
!MESSAGE Problems occurred when invoking code from plug-in: "org.eclipse.ui.workbench".
!STACK 0
java.lang.NullPointerException: Cannot invoke "org.eclipse.swt.custom.StyledText.getDisplay()" because "styledText" is null
	at org.eclipse.ui.texteditor.AbstractTextEditor.initializeViewerColors(AbstractTextEditor.java:3928)
	at org.eclipse.ui.texteditor.AbstractTextEditor.handlePreferenceStoreChanged(AbstractTextEditor.java:4547)
	at org.eclipse.ui.texteditor.AbstractDecoratedTextEditor.handlePreferenceStoreChanged(AbstractDecoratedTextEditor.java:904)
	at org.jkiss.dbeaver.ui.editors.sql.SQLEditorBase.handlePreferenceStoreChanged(SQLEditorBase.java:317)
	at org.eclipse.ui.texteditor.AbstractTextEditor$PropertyChangeListener.propertyChange(AbstractTextEditor.java:723)
	at org.eclipse.ui.preferences.ScopedPreferenceStore$2.run(ScopedPreferenceStore.java:325)
	at org.eclipse.core.runtime.SafeRunner.run(SafeRunner.java:47)
	at org.eclipse.ui.preferences.ScopedPreferenceStore.firePropertyChangeEvent(ScopedPreferenceStore.java:322)
	at org.eclipse.ui.preferences.ScopedPreferenceStore.lambda$0(ScopedPreferenceStore.java:171)
	at org.eclipse.core.internal.preferences.EclipsePreferences.lambda$2(EclipsePreferences.java:828)
	at org.eclipse.core.runtime.SafeRunner.run(SafeRunner.java:47)
	at org.eclipse.core.internal.preferences.EclipsePreferences.firePreferenceEvent(EclipsePreferences.java:828)
	at org.eclipse.core.internal.preferences.EclipsePreferences.remove(EclipsePreferences.java:887)
	at org.eclipse.e4.ui.internal.workbench.swt.PartRenderingEngine$StylingPreferencesHandler.resetOverriddenPreferences(PartRenderingEngine.java:1444)
	at org.eclipse.e4.ui.internal.workbench.swt.PartRenderingEngine$StylingPreferencesHandler.resetOverriddenPreferences(PartRenderingEngine.java:1438)
	at org.eclipse.e4.ui.internal.workbench.swt.PartRenderingEngine$StylingPreferencesHandler.lambda$0(PartRenderingEngine.java:1427)
	at org.eclipse.swt.widgets.EventTable.sendEvent(EventTable.java:91)
	at org.eclipse.swt.widgets.Display.sendEvent(Display.java:4285)
	at org.eclipse.swt.widgets.Display.sendEvent(Display.java:4277)
	at org.eclipse.swt.widgets.Display.release(Display.java:3722)
	at org.eclipse.swt.graphics.Device.dispose(Device.java:335)
	at org.jkiss.dbeaver.ui.app.standalone.DBeaverApplication.start(DBeaverApplication.java:329)
	at org.eclipse.equinox.internal.app.EclipseAppHandle.run(EclipseAppHandle.java:208)
	at org.eclipse.core.runtime.internal.adaptor.EclipseAppLauncher.runApplication(EclipseAppLauncher.java:143)
	at org.eclipse.core.runtime.internal.adaptor.EclipseAppLauncher.start(EclipseAppLauncher.java:109)
	at org.eclipse.core.runtime.adaptor.EclipseStarter.run(EclipseStarter.java:439)
	at org.eclipse.core.runtime.adaptor.EclipseStarter.run(EclipseStarter.java:271)
	at java.base/jdk.internal.reflect.NativeMethodAccessorImpl.invoke0(Native Method)
	at java.base/jdk.internal.reflect.NativeMethodAccessorImpl.invoke(Unknown Source)
	at java.base/jdk.internal.reflect.DelegatingMethodAccessorImpl.invoke(Unknown Source)
	at java.base/java.lang.reflect.Method.invoke(Unknown Source)
	at org.jkiss.dbeaver.launcher.DBeaverLauncher.invokeFramework(DBeaverLauncher.java:648)
	at org.jkiss.dbeaver.launcher.DBeaverLauncher.basicRun(DBeaverLauncher.java:608)
	at org.jkiss.dbeaver.launcher.DBeaverLauncher.run(DBeaverLauncher.java:1459)

!ENTRY org.eclipse.jface 4 0 2024-09-19 14:17:15.662
!MESSAGE 환경 설정 변경 리스너를 인식하지 못하는 오류가 발생했습니다. 자세한 정보는 로그를 확인하십시오.
!STACK 0
java.lang.NullPointerException: Cannot invoke "org.eclipse.swt.custom.StyledText.getDisplay()" because "styledText" is null
	at org.eclipse.ui.texteditor.AbstractTextEditor.initializeViewerColors(AbstractTextEditor.java:3928)
	at org.eclipse.ui.texteditor.AbstractTextEditor.handlePreferenceStoreChanged(AbstractTextEditor.java:4547)
	at org.eclipse.ui.texteditor.AbstractDecoratedTextEditor.handlePreferenceStoreChanged(AbstractDecoratedTextEditor.java:904)
	at org.jkiss.dbeaver.ui.editors.sql.SQLEditorBase.handlePreferenceStoreChanged(SQLEditorBase.java:317)
	at org.eclipse.ui.texteditor.AbstractTextEditor$PropertyChangeListener.propertyChange(AbstractTextEditor.java:723)
	at org.eclipse.ui.preferences.ScopedPreferenceStore$2.run(ScopedPreferenceStore.java:325)
	at org.eclipse.core.runtime.SafeRunner.run(SafeRunner.java:47)
	at org.eclipse.ui.preferences.ScopedPreferenceStore.firePropertyChangeEvent(ScopedPreferenceStore.java:322)
	at org.eclipse.ui.preferences.ScopedPreferenceStore.lambda$0(ScopedPreferenceStore.java:171)
	at org.eclipse.core.internal.preferences.EclipsePreferences.lambda$2(EclipsePreferences.java:828)
	at org.eclipse.core.runtime.SafeRunner.run(SafeRunner.java:47)
	at org.eclipse.core.internal.preferences.EclipsePreferences.firePreferenceEvent(EclipsePreferences.java:828)
	at org.eclipse.core.internal.preferences.EclipsePreferences.remove(EclipsePreferences.java:887)
	at org.eclipse.e4.ui.internal.workbench.swt.PartRenderingEngine$StylingPreferencesHandler.resetOverriddenPreferences(PartRenderingEngine.java:1444)
	at org.eclipse.e4.ui.internal.workbench.swt.PartRenderingEngine$StylingPreferencesHandler.resetOverriddenPreferences(PartRenderingEngine.java:1438)
	at org.eclipse.e4.ui.internal.workbench.swt.PartRenderingEngine$StylingPreferencesHandler.lambda$0(PartRenderingEngine.java:1427)
	at org.eclipse.swt.widgets.EventTable.sendEvent(EventTable.java:91)
	at org.eclipse.swt.widgets.Display.sendEvent(Display.java:4285)
	at org.eclipse.swt.widgets.Display.sendEvent(Display.java:4277)
	at org.eclipse.swt.widgets.Display.release(Display.java:3722)
	at org.eclipse.swt.graphics.Device.dispose(Device.java:335)
	at org.jkiss.dbeaver.ui.app.standalone.DBeaverApplication.start(DBeaverApplication.java:329)
	at org.eclipse.equinox.internal.app.EclipseAppHandle.run(EclipseAppHandle.java:208)
	at org.eclipse.core.runtime.internal.adaptor.EclipseAppLauncher.runApplication(EclipseAppLauncher.java:143)
	at org.eclipse.core.runtime.internal.adaptor.EclipseAppLauncher.start(EclipseAppLauncher.java:109)
	at org.eclipse.core.runtime.adaptor.EclipseStarter.run(EclipseStarter.java:439)
	at org.eclipse.core.runtime.adaptor.EclipseStarter.run(EclipseStarter.java:271)
	at java.base/jdk.internal.reflect.NativeMethodAccessorImpl.invoke0(Native Method)
	at java.base/jdk.internal.reflect.NativeMethodAccessorImpl.invoke(Unknown Source)
	at java.base/jdk.internal.reflect.DelegatingMethodAccessorImpl.invoke(Unknown Source)
	at java.base/java.lang.reflect.Method.invoke(Unknown Source)
	at org.jkiss.dbeaver.launcher.DBeaverLauncher.invokeFramework(DBeaverLauncher.java:648)
	at org.jkiss.dbeaver.launcher.DBeaverLauncher.basicRun(DBeaverLauncher.java:608)
	at org.jkiss.dbeaver.launcher.DBeaverLauncher.run(DBeaverLauncher.java:1459)

!ENTRY org.eclipse.ui.workbench 4 2 2024-09-19 14:17:15.663
!MESSAGE Problems occurred when invoking code from plug-in: "org.eclipse.ui.workbench".
!STACK 0
java.lang.NullPointerException: Cannot invoke "org.eclipse.swt.custom.StyledText.getDisplay()" because "styledText" is null
	at org.eclipse.ui.texteditor.AbstractTextEditor.initializeViewerColors(AbstractTextEditor.java:3928)
	at org.eclipse.ui.texteditor.AbstractTextEditor.handlePreferenceStoreChanged(AbstractTextEditor.java:4547)
	at org.eclipse.ui.texteditor.AbstractDecoratedTextEditor.handlePreferenceStoreChanged(AbstractDecoratedTextEditor.java:904)
	at org.jkiss.dbeaver.ui.editors.sql.SQLEditorBase.handlePreferenceStoreChanged(SQLEditorBase.java:317)
	at org.eclipse.ui.texteditor.AbstractTextEditor$PropertyChangeListener.propertyChange(AbstractTextEditor.java:723)
	at org.eclipse.ui.preferences.ScopedPreferenceStore$2.run(ScopedPreferenceStore.java:325)
	at org.eclipse.core.runtime.SafeRunner.run(SafeRunner.java:47)
	at org.eclipse.ui.preferences.ScopedPreferenceStore.firePropertyChangeEvent(ScopedPreferenceStore.java:322)
	at org.eclipse.ui.preferences.ScopedPreferenceStore.lambda$0(ScopedPreferenceStore.java:171)
	at org.eclipse.core.internal.preferences.EclipsePreferences.lambda$2(EclipsePreferences.java:828)
	at org.eclipse.core.runtime.SafeRunner.run(SafeRunner.java:47)
	at org.eclipse.core.internal.preferences.EclipsePreferences.firePreferenceEvent(EclipsePreferences.java:828)
	at org.eclipse.core.internal.preferences.EclipsePreferences.remove(EclipsePreferences.java:887)
	at org.eclipse.e4.ui.internal.workbench.swt.PartRenderingEngine$StylingPreferencesHandler.resetOverriddenPreferences(PartRenderingEngine.java:1444)
	at org.eclipse.e4.ui.internal.workbench.swt.PartRenderingEngine$StylingPreferencesHandler.resetOverriddenPreferences(PartRenderingEngine.java:1438)
	at org.eclipse.e4.ui.internal.workbench.swt.PartRenderingEngine$StylingPreferencesHandler.lambda$0(PartRenderingEngine.java:1427)
	at org.eclipse.swt.widgets.EventTable.sendEvent(EventTable.java:91)
	at org.eclipse.swt.widgets.Display.sendEvent(Display.java:4285)
	at org.eclipse.swt.widgets.Display.sendEvent(Display.java:4277)
	at org.eclipse.swt.widgets.Display.release(Display.java:3722)
	at org.eclipse.swt.graphics.Device.dispose(Device.java:335)
	at org.jkiss.dbeaver.ui.app.standalone.DBeaverApplication.start(DBeaverApplication.java:329)
	at org.eclipse.equinox.internal.app.EclipseAppHandle.run(EclipseAppHandle.java:208)
	at org.eclipse.core.runtime.internal.adaptor.EclipseAppLauncher.runApplication(EclipseAppLauncher.java:143)
	at org.eclipse.core.runtime.internal.adaptor.EclipseAppLauncher.start(EclipseAppLauncher.java:109)
	at org.eclipse.core.runtime.adaptor.EclipseStarter.run(EclipseStarter.java:439)
	at org.eclipse.core.runtime.adaptor.EclipseStarter.run(EclipseStarter.java:271)
	at java.base/jdk.internal.reflect.NativeMethodAccessorImpl.invoke0(Native Method)
	at java.base/jdk.internal.reflect.NativeMethodAccessorImpl.invoke(Unknown Source)
	at java.base/jdk.internal.reflect.DelegatingMethodAccessorImpl.invoke(Unknown Source)
	at java.base/java.lang.reflect.Method.invoke(Unknown Source)
	at org.jkiss.dbeaver.launcher.DBeaverLauncher.invokeFramework(DBeaverLauncher.java:648)
	at org.jkiss.dbeaver.launcher.DBeaverLauncher.basicRun(DBeaverLauncher.java:608)
	at org.jkiss.dbeaver.launcher.DBeaverLauncher.run(DBeaverLauncher.java:1459)

!ENTRY org.eclipse.jface 4 0 2024-09-19 14:17:15.663
!MESSAGE 환경 설정 변경 리스너를 인식하지 못하는 오류가 발생했습니다. 자세한 정보는 로그를 확인하십시오.
!STACK 0
java.lang.NullPointerException: Cannot invoke "org.eclipse.swt.custom.StyledText.getDisplay()" because "styledText" is null
	at org.eclipse.ui.texteditor.AbstractTextEditor.initializeViewerColors(AbstractTextEditor.java:3928)
	at org.eclipse.ui.texteditor.AbstractTextEditor.handlePreferenceStoreChanged(AbstractTextEditor.java:4547)
	at org.eclipse.ui.texteditor.AbstractDecoratedTextEditor.handlePreferenceStoreChanged(AbstractDecoratedTextEditor.java:904)
	at org.jkiss.dbeaver.ui.editors.sql.SQLEditorBase.handlePreferenceStoreChanged(SQLEditorBase.java:317)
	at org.eclipse.ui.texteditor.AbstractTextEditor$PropertyChangeListener.propertyChange(AbstractTextEditor.java:723)
	at org.eclipse.ui.preferences.ScopedPreferenceStore$2.run(ScopedPreferenceStore.java:325)
	at org.eclipse.core.runtime.SafeRunner.run(SafeRunner.java:47)
	at org.eclipse.ui.preferences.ScopedPreferenceStore.firePropertyChangeEvent(ScopedPreferenceStore.java:322)
	at org.eclipse.ui.preferences.ScopedPreferenceStore.lambda$0(ScopedPreferenceStore.java:171)
	at org.eclipse.core.internal.preferences.EclipsePreferences.lambda$2(EclipsePreferences.java:828)
	at org.eclipse.core.runtime.SafeRunner.run(SafeRunner.java:47)
	at org.eclipse.core.internal.preferences.EclipsePreferences.firePreferenceEvent(EclipsePreferences.java:828)
	at org.eclipse.core.internal.preferences.EclipsePreferences.remove(EclipsePreferences.java:887)
	at org.eclipse.e4.ui.internal.workbench.swt.PartRenderingEngine$StylingPreferencesHandler.resetOverriddenPreferences(PartRenderingEngine.java:1444)
	at org.eclipse.e4.ui.internal.workbench.swt.PartRenderingEngine$StylingPreferencesHandler.resetOverriddenPreferences(PartRenderingEngine.java:1438)
	at org.eclipse.e4.ui.internal.workbench.swt.PartRenderingEngine$StylingPreferencesHandler.lambda$0(PartRenderingEngine.java:1427)
	at org.eclipse.swt.widgets.EventTable.sendEvent(EventTable.java:91)
	at org.eclipse.swt.widgets.Display.sendEvent(Display.java:4285)
	at org.eclipse.swt.widgets.Display.sendEvent(Display.java:4277)
	at org.eclipse.swt.widgets.Display.release(Display.java:3722)
	at org.eclipse.swt.graphics.Device.dispose(Device.java:335)
	at org.jkiss.dbeaver.ui.app.standalone.DBeaverApplication.start(DBeaverApplication.java:329)
	at org.eclipse.equinox.internal.app.EclipseAppHandle.run(EclipseAppHandle.java:208)
	at org.eclipse.core.runtime.internal.adaptor.EclipseAppLauncher.runApplication(EclipseAppLauncher.java:143)
	at org.eclipse.core.runtime.internal.adaptor.EclipseAppLauncher.start(EclipseAppLauncher.java:109)
	at org.eclipse.core.runtime.adaptor.EclipseStarter.run(EclipseStarter.java:439)
	at org.eclipse.core.runtime.adaptor.EclipseStarter.run(EclipseStarter.java:271)
	at java.base/jdk.internal.reflect.NativeMethodAccessorImpl.invoke0(Native Method)
	at java.base/jdk.internal.reflect.NativeMethodAccessorImpl.invoke(Unknown Source)
	at java.base/jdk.internal.reflect.DelegatingMethodAccessorImpl.invoke(Unknown Source)
	at java.base/java.lang.reflect.Method.invoke(Unknown Source)
	at org.jkiss.dbeaver.launcher.DBeaverLauncher.invokeFramework(DBeaverLauncher.java:648)
	at org.jkiss.dbeaver.launcher.DBeaverLauncher.basicRun(DBeaverLauncher.java:608)
	at org.jkiss.dbeaver.launcher.DBeaverLauncher.run(DBeaverLauncher.java:1459)

!ENTRY org.eclipse.ui.workbench 4 2 2024-09-19 14:17:15.664
!MESSAGE Problems occurred when invoking code from plug-in: "org.eclipse.ui.workbench".
!STACK 0
java.lang.NullPointerException: Cannot invoke "org.eclipse.swt.custom.StyledText.getDisplay()" because "styledText" is null
	at org.eclipse.ui.texteditor.AbstractTextEditor.initializeViewerColors(AbstractTextEditor.java:3928)
	at org.eclipse.ui.texteditor.AbstractTextEditor.handlePreferenceStoreChanged(AbstractTextEditor.java:4547)
	at org.eclipse.ui.texteditor.AbstractDecoratedTextEditor.handlePreferenceStoreChanged(AbstractDecoratedTextEditor.java:904)
	at org.jkiss.dbeaver.ui.editors.sql.SQLEditorBase.handlePreferenceStoreChanged(SQLEditorBase.java:317)
	at org.eclipse.ui.texteditor.AbstractTextEditor$PropertyChangeListener.propertyChange(AbstractTextEditor.java:723)
	at org.eclipse.ui.preferences.ScopedPreferenceStore$2.run(ScopedPreferenceStore.java:325)
	at org.eclipse.core.runtime.SafeRunner.run(SafeRunner.java:47)
	at org.eclipse.ui.preferences.ScopedPreferenceStore.firePropertyChangeEvent(ScopedPreferenceStore.java:322)
	at org.eclipse.ui.preferences.ScopedPreferenceStore.lambda$0(ScopedPreferenceStore.java:171)
	at org.eclipse.core.internal.preferences.EclipsePreferences.lambda$2(EclipsePreferences.java:828)
	at org.eclipse.core.runtime.SafeRunner.run(SafeRunner.java:47)
	at org.eclipse.core.internal.preferences.EclipsePreferences.firePreferenceEvent(EclipsePreferences.java:828)
	at org.eclipse.core.internal.preferences.EclipsePreferences.remove(EclipsePreferences.java:887)
	at org.eclipse.e4.ui.internal.workbench.swt.PartRenderingEngine$StylingPreferencesHandler.resetOverriddenPreferences(PartRenderingEngine.java:1444)
	at org.eclipse.e4.ui.internal.workbench.swt.PartRenderingEngine$StylingPreferencesHandler.resetOverriddenPreferences(PartRenderingEngine.java:1438)
	at org.eclipse.e4.ui.internal.workbench.swt.PartRenderingEngine$StylingPreferencesHandler.lambda$0(PartRenderingEngine.java:1427)
	at org.eclipse.swt.widgets.EventTable.sendEvent(EventTable.java:91)
	at org.eclipse.swt.widgets.Display.sendEvent(Display.java:4285)
	at org.eclipse.swt.widgets.Display.sendEvent(Display.java:4277)
	at org.eclipse.swt.widgets.Display.release(Display.java:3722)
	at org.eclipse.swt.graphics.Device.dispose(Device.java:335)
	at org.jkiss.dbeaver.ui.app.standalone.DBeaverApplication.start(DBeaverApplication.java:329)
	at org.eclipse.equinox.internal.app.EclipseAppHandle.run(EclipseAppHandle.java:208)
	at org.eclipse.core.runtime.internal.adaptor.EclipseAppLauncher.runApplication(EclipseAppLauncher.java:143)
	at org.eclipse.core.runtime.internal.adaptor.EclipseAppLauncher.start(EclipseAppLauncher.java:109)
	at org.eclipse.core.runtime.adaptor.EclipseStarter.run(EclipseStarter.java:439)
	at org.eclipse.core.runtime.adaptor.EclipseStarter.run(EclipseStarter.java:271)
	at java.base/jdk.internal.reflect.NativeMethodAccessorImpl.invoke0(Native Method)
	at java.base/jdk.internal.reflect.NativeMethodAccessorImpl.invoke(Unknown Source)
	at java.base/jdk.internal.reflect.DelegatingMethodAccessorImpl.invoke(Unknown Source)
	at java.base/java.lang.reflect.Method.invoke(Unknown Source)
	at org.jkiss.dbeaver.launcher.DBeaverLauncher.invokeFramework(DBeaverLauncher.java:648)
	at org.jkiss.dbeaver.launcher.DBeaverLauncher.basicRun(DBeaverLauncher.java:608)
	at org.jkiss.dbeaver.launcher.DBeaverLauncher.run(DBeaverLauncher.java:1459)

!ENTRY org.eclipse.jface 4 0 2024-09-19 14:17:15.664
!MESSAGE 환경 설정 변경 리스너를 인식하지 못하는 오류가 발생했습니다. 자세한 정보는 로그를 확인하십시오.
!STACK 0
java.lang.NullPointerException: Cannot invoke "org.eclipse.swt.custom.StyledText.getDisplay()" because "styledText" is null
	at org.eclipse.ui.texteditor.AbstractTextEditor.initializeViewerColors(AbstractTextEditor.java:3928)
	at org.eclipse.ui.texteditor.AbstractTextEditor.handlePreferenceStoreChanged(AbstractTextEditor.java:4547)
	at org.eclipse.ui.texteditor.AbstractDecoratedTextEditor.handlePreferenceStoreChanged(AbstractDecoratedTextEditor.java:904)
	at org.jkiss.dbeaver.ui.editors.sql.SQLEditorBase.handlePreferenceStoreChanged(SQLEditorBase.java:317)
	at org.eclipse.ui.texteditor.AbstractTextEditor$PropertyChangeListener.propertyChange(AbstractTextEditor.java:723)
	at org.eclipse.ui.preferences.ScopedPreferenceStore$2.run(ScopedPreferenceStore.java:325)
	at org.eclipse.core.runtime.SafeRunner.run(SafeRunner.java:47)
	at org.eclipse.ui.preferences.ScopedPreferenceStore.firePropertyChangeEvent(ScopedPreferenceStore.java:322)
	at org.eclipse.ui.preferences.ScopedPreferenceStore.lambda$0(ScopedPreferenceStore.java:171)
	at org.eclipse.core.internal.preferences.EclipsePreferences.lambda$2(EclipsePreferences.java:828)
	at org.eclipse.core.runtime.SafeRunner.run(SafeRunner.java:47)
	at org.eclipse.core.internal.preferences.EclipsePreferences.firePreferenceEvent(EclipsePreferences.java:828)
	at org.eclipse.core.internal.preferences.EclipsePreferences.remove(EclipsePreferences.java:887)
	at org.eclipse.e4.ui.internal.workbench.swt.PartRenderingEngine$StylingPreferencesHandler.resetOverriddenPreferences(PartRenderingEngine.java:1444)
	at org.eclipse.e4.ui.internal.workbench.swt.PartRenderingEngine$StylingPreferencesHandler.resetOverriddenPreferences(PartRenderingEngine.java:1438)
	at org.eclipse.e4.ui.internal.workbench.swt.PartRenderingEngine$StylingPreferencesHandler.lambda$0(PartRenderingEngine.java:1427)
	at org.eclipse.swt.widgets.EventTable.sendEvent(EventTable.java:91)
	at org.eclipse.swt.widgets.Display.sendEvent(Display.java:4285)
	at org.eclipse.swt.widgets.Display.sendEvent(Display.java:4277)
	at org.eclipse.swt.widgets.Display.release(Display.java:3722)
	at org.eclipse.swt.graphics.Device.dispose(Device.java:335)
	at org.jkiss.dbeaver.ui.app.standalone.DBeaverApplication.start(DBeaverApplication.java:329)
	at org.eclipse.equinox.internal.app.EclipseAppHandle.run(EclipseAppHandle.java:208)
	at org.eclipse.core.runtime.internal.adaptor.EclipseAppLauncher.runApplication(EclipseAppLauncher.java:143)
	at org.eclipse.core.runtime.internal.adaptor.EclipseAppLauncher.start(EclipseAppLauncher.java:109)
	at org.eclipse.core.runtime.adaptor.EclipseStarter.run(EclipseStarter.java:439)
	at org.eclipse.core.runtime.adaptor.EclipseStarter.run(EclipseStarter.java:271)
	at java.base/jdk.internal.reflect.NativeMethodAccessorImpl.invoke0(Native Method)
	at java.base/jdk.internal.reflect.NativeMethodAccessorImpl.invoke(Unknown Source)
	at java.base/jdk.internal.reflect.DelegatingMethodAccessorImpl.invoke(Unknown Source)
	at java.base/java.lang.reflect.Method.invoke(Unknown Source)
	at org.jkiss.dbeaver.launcher.DBeaverLauncher.invokeFramework(DBeaverLauncher.java:648)
	at org.jkiss.dbeaver.launcher.DBeaverLauncher.basicRun(DBeaverLauncher.java:608)
	at org.jkiss.dbeaver.launcher.DBeaverLauncher.run(DBeaverLauncher.java:1459)

!ENTRY org.eclipse.ui.workbench 4 2 2024-09-19 14:17:15.665
!MESSAGE Problems occurred when invoking code from plug-in: "org.eclipse.ui.workbench".
!STACK 0
java.lang.NullPointerException: Cannot invoke "org.eclipse.swt.custom.StyledText.setForeground(org.eclipse.swt.graphics.Color)" because "styledText" is null
	at org.eclipse.ui.texteditor.AbstractTextEditor.initializeViewerColors(AbstractTextEditor.java:3929)
	at org.eclipse.ui.texteditor.AbstractTextEditor.handlePreferenceStoreChanged(AbstractTextEditor.java:4547)
	at org.eclipse.ui.texteditor.AbstractDecoratedTextEditor.handlePreferenceStoreChanged(AbstractDecoratedTextEditor.java:904)
	at org.jkiss.dbeaver.ui.editors.sql.SQLEditorBase.handlePreferenceStoreChanged(SQLEditorBase.java:317)
	at org.eclipse.ui.texteditor.AbstractTextEditor$PropertyChangeListener.propertyChange(AbstractTextEditor.java:723)
	at org.eclipse.ui.preferences.ScopedPreferenceStore$2.run(ScopedPreferenceStore.java:325)
	at org.eclipse.core.runtime.SafeRunner.run(SafeRunner.java:47)
	at org.eclipse.ui.preferences.ScopedPreferenceStore.firePropertyChangeEvent(ScopedPreferenceStore.java:322)
	at org.eclipse.ui.preferences.ScopedPreferenceStore.lambda$0(ScopedPreferenceStore.java:171)
	at org.eclipse.core.internal.preferences.EclipsePreferences.lambda$2(EclipsePreferences.java:828)
	at org.eclipse.core.runtime.SafeRunner.run(SafeRunner.java:47)
	at org.eclipse.core.internal.preferences.EclipsePreferences.firePreferenceEvent(EclipsePreferences.java:828)
	at org.eclipse.core.internal.preferences.EclipsePreferences.remove(EclipsePreferences.java:887)
	at org.eclipse.e4.ui.internal.workbench.swt.PartRenderingEngine$StylingPreferencesHandler.resetOverriddenPreferences(PartRenderingEngine.java:1444)
	at org.eclipse.e4.ui.internal.workbench.swt.PartRenderingEngine$StylingPreferencesHandler.resetOverriddenPreferences(PartRenderingEngine.java:1438)
	at org.eclipse.e4.ui.internal.workbench.swt.PartRenderingEngine$StylingPreferencesHandler.lambda$0(PartRenderingEngine.java:1427)
	at org.eclipse.swt.widgets.EventTable.sendEvent(EventTable.java:91)
	at org.eclipse.swt.widgets.Display.sendEvent(Display.java:4285)
	at org.eclipse.swt.widgets.Display.sendEvent(Display.java:4277)
	at org.eclipse.swt.widgets.Display.release(Display.java:3722)
	at org.eclipse.swt.graphics.Device.dispose(Device.java:335)
	at org.jkiss.dbeaver.ui.app.standalone.DBeaverApplication.start(DBeaverApplication.java:329)
	at org.eclipse.equinox.internal.app.EclipseAppHandle.run(EclipseAppHandle.java:208)
	at org.eclipse.core.runtime.internal.adaptor.EclipseAppLauncher.runApplication(EclipseAppLauncher.java:143)
	at org.eclipse.core.runtime.internal.adaptor.EclipseAppLauncher.start(EclipseAppLauncher.java:109)
	at org.eclipse.core.runtime.adaptor.EclipseStarter.run(EclipseStarter.java:439)
	at org.eclipse.core.runtime.adaptor.EclipseStarter.run(EclipseStarter.java:271)
	at java.base/jdk.internal.reflect.NativeMethodAccessorImpl.invoke0(Native Method)
	at java.base/jdk.internal.reflect.NativeMethodAccessorImpl.invoke(Unknown Source)
	at java.base/jdk.internal.reflect.DelegatingMethodAccessorImpl.invoke(Unknown Source)
	at java.base/java.lang.reflect.Method.invoke(Unknown Source)
	at org.jkiss.dbeaver.launcher.DBeaverLauncher.invokeFramework(DBeaverLauncher.java:648)
	at org.jkiss.dbeaver.launcher.DBeaverLauncher.basicRun(DBeaverLauncher.java:608)
	at org.jkiss.dbeaver.launcher.DBeaverLauncher.run(DBeaverLauncher.java:1459)

!ENTRY org.eclipse.jface 4 0 2024-09-19 14:17:15.666
!MESSAGE 환경 설정 변경 리스너를 인식하지 못하는 오류가 발생했습니다. 자세한 정보는 로그를 확인하십시오.
!STACK 0
java.lang.NullPointerException: Cannot invoke "org.eclipse.swt.custom.StyledText.setForeground(org.eclipse.swt.graphics.Color)" because "styledText" is null
	at org.eclipse.ui.texteditor.AbstractTextEditor.initializeViewerColors(AbstractTextEditor.java:3929)
	at org.eclipse.ui.texteditor.AbstractTextEditor.handlePreferenceStoreChanged(AbstractTextEditor.java:4547)
	at org.eclipse.ui.texteditor.AbstractDecoratedTextEditor.handlePreferenceStoreChanged(AbstractDecoratedTextEditor.java:904)
	at org.jkiss.dbeaver.ui.editors.sql.SQLEditorBase.handlePreferenceStoreChanged(SQLEditorBase.java:317)
	at org.eclipse.ui.texteditor.AbstractTextEditor$PropertyChangeListener.propertyChange(AbstractTextEditor.java:723)
	at org.eclipse.ui.preferences.ScopedPreferenceStore$2.run(ScopedPreferenceStore.java:325)
	at org.eclipse.core.runtime.SafeRunner.run(SafeRunner.java:47)
	at org.eclipse.ui.preferences.ScopedPreferenceStore.firePropertyChangeEvent(ScopedPreferenceStore.java:322)
	at org.eclipse.ui.preferences.ScopedPreferenceStore.lambda$0(ScopedPreferenceStore.java:171)
	at org.eclipse.core.internal.preferences.EclipsePreferences.lambda$2(EclipsePreferences.java:828)
	at org.eclipse.core.runtime.SafeRunner.run(SafeRunner.java:47)
	at org.eclipse.core.internal.preferences.EclipsePreferences.firePreferenceEvent(EclipsePreferences.java:828)
	at org.eclipse.core.internal.preferences.EclipsePreferences.remove(EclipsePreferences.java:887)
	at org.eclipse.e4.ui.internal.workbench.swt.PartRenderingEngine$StylingPreferencesHandler.resetOverriddenPreferences(PartRenderingEngine.java:1444)
	at org.eclipse.e4.ui.internal.workbench.swt.PartRenderingEngine$StylingPreferencesHandler.resetOverriddenPreferences(PartRenderingEngine.java:1438)
	at org.eclipse.e4.ui.internal.workbench.swt.PartRenderingEngine$StylingPreferencesHandler.lambda$0(PartRenderingEngine.java:1427)
	at org.eclipse.swt.widgets.EventTable.sendEvent(EventTable.java:91)
	at org.eclipse.swt.widgets.Display.sendEvent(Display.java:4285)
	at org.eclipse.swt.widgets.Display.sendEvent(Display.java:4277)
	at org.eclipse.swt.widgets.Display.release(Display.java:3722)
	at org.eclipse.swt.graphics.Device.dispose(Device.java:335)
	at org.jkiss.dbeaver.ui.app.standalone.DBeaverApplication.start(DBeaverApplication.java:329)
	at org.eclipse.equinox.internal.app.EclipseAppHandle.run(EclipseAppHandle.java:208)
	at org.eclipse.core.runtime.internal.adaptor.EclipseAppLauncher.runApplication(EclipseAppLauncher.java:143)
	at org.eclipse.core.runtime.internal.adaptor.EclipseAppLauncher.start(EclipseAppLauncher.java:109)
	at org.eclipse.core.runtime.adaptor.EclipseStarter.run(EclipseStarter.java:439)
	at org.eclipse.core.runtime.adaptor.EclipseStarter.run(EclipseStarter.java:271)
	at java.base/jdk.internal.reflect.NativeMethodAccessorImpl.invoke0(Native Method)
	at java.base/jdk.internal.reflect.NativeMethodAccessorImpl.invoke(Unknown Source)
	at java.base/jdk.internal.reflect.DelegatingMethodAccessorImpl.invoke(Unknown Source)
	at java.base/java.lang.reflect.Method.invoke(Unknown Source)
	at org.jkiss.dbeaver.launcher.DBeaverLauncher.invokeFramework(DBeaverLauncher.java:648)
	at org.jkiss.dbeaver.launcher.DBeaverLauncher.basicRun(DBeaverLauncher.java:608)
	at org.jkiss.dbeaver.launcher.DBeaverLauncher.run(DBeaverLauncher.java:1459)

!ENTRY org.eclipse.ui.workbench 4 2 2024-09-19 14:17:15.666
!MESSAGE Problems occurred when invoking code from plug-in: "org.eclipse.ui.workbench".
!STACK 0
java.lang.NullPointerException: Cannot invoke "org.eclipse.swt.custom.StyledText.setForeground(org.eclipse.swt.graphics.Color)" because "styledText" is null
	at org.eclipse.ui.texteditor.AbstractTextEditor.initializeViewerColors(AbstractTextEditor.java:3929)
	at org.eclipse.ui.texteditor.AbstractTextEditor.handlePreferenceStoreChanged(AbstractTextEditor.java:4547)
	at org.eclipse.ui.texteditor.AbstractDecoratedTextEditor.handlePreferenceStoreChanged(AbstractDecoratedTextEditor.java:904)
	at org.jkiss.dbeaver.ui.editors.sql.SQLEditorBase.handlePreferenceStoreChanged(SQLEditorBase.java:317)
	at org.eclipse.ui.texteditor.AbstractTextEditor$PropertyChangeListener.propertyChange(AbstractTextEditor.java:723)
	at org.eclipse.ui.preferences.ScopedPreferenceStore$2.run(ScopedPreferenceStore.java:325)
	at org.eclipse.core.runtime.SafeRunner.run(SafeRunner.java:47)
	at org.eclipse.ui.preferences.ScopedPreferenceStore.firePropertyChangeEvent(ScopedPreferenceStore.java:322)
	at org.eclipse.ui.preferences.ScopedPreferenceStore.lambda$0(ScopedPreferenceStore.java:171)
	at org.eclipse.core.internal.preferences.EclipsePreferences.lambda$2(EclipsePreferences.java:828)
	at org.eclipse.core.runtime.SafeRunner.run(SafeRunner.java:47)
	at org.eclipse.core.internal.preferences.EclipsePreferences.firePreferenceEvent(EclipsePreferences.java:828)
	at org.eclipse.core.internal.preferences.EclipsePreferences.remove(EclipsePreferences.java:887)
	at org.eclipse.e4.ui.internal.workbench.swt.PartRenderingEngine$StylingPreferencesHandler.resetOverriddenPreferences(PartRenderingEngine.java:1444)
	at org.eclipse.e4.ui.internal.workbench.swt.PartRenderingEngine$StylingPreferencesHandler.resetOverriddenPreferences(PartRenderingEngine.java:1438)
	at org.eclipse.e4.ui.internal.workbench.swt.PartRenderingEngine$StylingPreferencesHandler.lambda$0(PartRenderingEngine.java:1427)
	at org.eclipse.swt.widgets.EventTable.sendEvent(EventTable.java:91)
	at org.eclipse.swt.widgets.Display.sendEvent(Display.java:4285)
	at org.eclipse.swt.widgets.Display.sendEvent(Display.java:4277)
	at org.eclipse.swt.widgets.Display.release(Display.java:3722)
	at org.eclipse.swt.graphics.Device.dispose(Device.java:335)
	at org.jkiss.dbeaver.ui.app.standalone.DBeaverApplication.start(DBeaverApplication.java:329)
	at org.eclipse.equinox.internal.app.EclipseAppHandle.run(EclipseAppHandle.java:208)
	at org.eclipse.core.runtime.internal.adaptor.EclipseAppLauncher.runApplication(EclipseAppLauncher.java:143)
	at org.eclipse.core.runtime.internal.adaptor.EclipseAppLauncher.start(EclipseAppLauncher.java:109)
	at org.eclipse.core.runtime.adaptor.EclipseStarter.run(EclipseStarter.java:439)
	at org.eclipse.core.runtime.adaptor.EclipseStarter.run(EclipseStarter.java:271)
	at java.base/jdk.internal.reflect.NativeMethodAccessorImpl.invoke0(Native Method)
	at java.base/jdk.internal.reflect.NativeMethodAccessorImpl.invoke(Unknown Source)
	at java.base/jdk.internal.reflect.DelegatingMethodAccessorImpl.invoke(Unknown Source)
	at java.base/java.lang.reflect.Method.invoke(Unknown Source)
	at org.jkiss.dbeaver.launcher.DBeaverLauncher.invokeFramework(DBeaverLauncher.java:648)
	at org.jkiss.dbeaver.launcher.DBeaverLauncher.basicRun(DBeaverLauncher.java:608)
	at org.jkiss.dbeaver.launcher.DBeaverLauncher.run(DBeaverLauncher.java:1459)

!ENTRY org.eclipse.jface 4 0 2024-09-19 14:17:15.667
!MESSAGE 환경 설정 변경 리스너를 인식하지 못하는 오류가 발생했습니다. 자세한 정보는 로그를 확인하십시오.
!STACK 0
java.lang.NullPointerException: Cannot invoke "org.eclipse.swt.custom.StyledText.setForeground(org.eclipse.swt.graphics.Color)" because "styledText" is null
	at org.eclipse.ui.texteditor.AbstractTextEditor.initializeViewerColors(AbstractTextEditor.java:3929)
	at org.eclipse.ui.texteditor.AbstractTextEditor.handlePreferenceStoreChanged(AbstractTextEditor.java:4547)
	at org.eclipse.ui.texteditor.AbstractDecoratedTextEditor.handlePreferenceStoreChanged(AbstractDecoratedTextEditor.java:904)
	at org.jkiss.dbeaver.ui.editors.sql.SQLEditorBase.handlePreferenceStoreChanged(SQLEditorBase.java:317)
	at org.eclipse.ui.texteditor.AbstractTextEditor$PropertyChangeListener.propertyChange(AbstractTextEditor.java:723)
	at org.eclipse.ui.preferences.ScopedPreferenceStore$2.run(ScopedPreferenceStore.java:325)
	at org.eclipse.core.runtime.SafeRunner.run(SafeRunner.java:47)
	at org.eclipse.ui.preferences.ScopedPreferenceStore.firePropertyChangeEvent(ScopedPreferenceStore.java:322)
	at org.eclipse.ui.preferences.ScopedPreferenceStore.lambda$0(ScopedPreferenceStore.java:171)
	at org.eclipse.core.internal.preferences.EclipsePreferences.lambda$2(EclipsePreferences.java:828)
	at org.eclipse.core.runtime.SafeRunner.run(SafeRunner.java:47)
	at org.eclipse.core.internal.preferences.EclipsePreferences.firePreferenceEvent(EclipsePreferences.java:828)
	at org.eclipse.core.internal.preferences.EclipsePreferences.remove(EclipsePreferences.java:887)
	at org.eclipse.e4.ui.internal.workbench.swt.PartRenderingEngine$StylingPreferencesHandler.resetOverriddenPreferences(PartRenderingEngine.java:1444)
	at org.eclipse.e4.ui.internal.workbench.swt.PartRenderingEngine$StylingPreferencesHandler.resetOverriddenPreferences(PartRenderingEngine.java:1438)
	at org.eclipse.e4.ui.internal.workbench.swt.PartRenderingEngine$StylingPreferencesHandler.lambda$0(PartRenderingEngine.java:1427)
	at org.eclipse.swt.widgets.EventTable.sendEvent(EventTable.java:91)
	at org.eclipse.swt.widgets.Display.sendEvent(Display.java:4285)
	at org.eclipse.swt.widgets.Display.sendEvent(Display.java:4277)
	at org.eclipse.swt.widgets.Display.release(Display.java:3722)
	at org.eclipse.swt.graphics.Device.dispose(Device.java:335)
	at org.jkiss.dbeaver.ui.app.standalone.DBeaverApplication.start(DBeaverApplication.java:329)
	at org.eclipse.equinox.internal.app.EclipseAppHandle.run(EclipseAppHandle.java:208)
	at org.eclipse.core.runtime.internal.adaptor.EclipseAppLauncher.runApplication(EclipseAppLauncher.java:143)
	at org.eclipse.core.runtime.internal.adaptor.EclipseAppLauncher.start(EclipseAppLauncher.java:109)
	at org.eclipse.core.runtime.adaptor.EclipseStarter.run(EclipseStarter.java:439)
	at org.eclipse.core.runtime.adaptor.EclipseStarter.run(EclipseStarter.java:271)
	at java.base/jdk.internal.reflect.NativeMethodAccessorImpl.invoke0(Native Method)
	at java.base/jdk.internal.reflect.NativeMethodAccessorImpl.invoke(Unknown Source)
	at java.base/jdk.internal.reflect.DelegatingMethodAccessorImpl.invoke(Unknown Source)
	at java.base/java.lang.reflect.Method.invoke(Unknown Source)
	at org.jkiss.dbeaver.launcher.DBeaverLauncher.invokeFramework(DBeaverLauncher.java:648)
	at org.jkiss.dbeaver.launcher.DBeaverLauncher.basicRun(DBeaverLauncher.java:608)
	at org.jkiss.dbeaver.launcher.DBeaverLauncher.run(DBeaverLauncher.java:1459)

!ENTRY org.eclipse.ui.workbench 4 2 2024-09-19 14:17:15.667
!MESSAGE Problems occurred when invoking code from plug-in: "org.eclipse.ui.workbench".
!STACK 0
java.lang.NullPointerException: Cannot invoke "org.eclipse.swt.custom.StyledText.setForeground(org.eclipse.swt.graphics.Color)" because "styledText" is null
	at org.eclipse.ui.texteditor.AbstractTextEditor.initializeViewerColors(AbstractTextEditor.java:3929)
	at org.eclipse.ui.texteditor.AbstractTextEditor.handlePreferenceStoreChanged(AbstractTextEditor.java:4547)
	at org.eclipse.ui.texteditor.AbstractDecoratedTextEditor.handlePreferenceStoreChanged(AbstractDecoratedTextEditor.java:904)
	at org.jkiss.dbeaver.ui.editors.sql.SQLEditorBase.handlePreferenceStoreChanged(SQLEditorBase.java:317)
	at org.eclipse.ui.texteditor.AbstractTextEditor$PropertyChangeListener.propertyChange(AbstractTextEditor.java:723)
	at org.eclipse.ui.preferences.ScopedPreferenceStore$2.run(ScopedPreferenceStore.java:325)
	at org.eclipse.core.runtime.SafeRunner.run(SafeRunner.java:47)
	at org.eclipse.ui.preferences.ScopedPreferenceStore.firePropertyChangeEvent(ScopedPreferenceStore.java:322)
	at org.eclipse.ui.preferences.ScopedPreferenceStore.lambda$0(ScopedPreferenceStore.java:171)
	at org.eclipse.core.internal.preferences.EclipsePreferences.lambda$2(EclipsePreferences.java:828)
	at org.eclipse.core.runtime.SafeRunner.run(SafeRunner.java:47)
	at org.eclipse.core.internal.preferences.EclipsePreferences.firePreferenceEvent(EclipsePreferences.java:828)
	at org.eclipse.core.internal.preferences.EclipsePreferences.remove(EclipsePreferences.java:887)
	at org.eclipse.e4.ui.internal.workbench.swt.PartRenderingEngine$StylingPreferencesHandler.resetOverriddenPreferences(PartRenderingEngine.java:1444)
	at org.eclipse.e4.ui.internal.workbench.swt.PartRenderingEngine$StylingPreferencesHandler.resetOverriddenPreferences(PartRenderingEngine.java:1438)
	at org.eclipse.e4.ui.internal.workbench.swt.PartRenderingEngine$StylingPreferencesHandler.lambda$0(PartRenderingEngine.java:1427)
	at org.eclipse.swt.widgets.EventTable.sendEvent(EventTable.java:91)
	at org.eclipse.swt.widgets.Display.sendEvent(Display.java:4285)
	at org.eclipse.swt.widgets.Display.sendEvent(Display.java:4277)
	at org.eclipse.swt.widgets.Display.release(Display.java:3722)
	at org.eclipse.swt.graphics.Device.dispose(Device.java:335)
	at org.jkiss.dbeaver.ui.app.standalone.DBeaverApplication.start(DBeaverApplication.java:329)
	at org.eclipse.equinox.internal.app.EclipseAppHandle.run(EclipseAppHandle.java:208)
	at org.eclipse.core.runtime.internal.adaptor.EclipseAppLauncher.runApplication(EclipseAppLauncher.java:143)
	at org.eclipse.core.runtime.internal.adaptor.EclipseAppLauncher.start(EclipseAppLauncher.java:109)
	at org.eclipse.core.runtime.adaptor.EclipseStarter.run(EclipseStarter.java:439)
	at org.eclipse.core.runtime.adaptor.EclipseStarter.run(EclipseStarter.java:271)
	at java.base/jdk.internal.reflect.NativeMethodAccessorImpl.invoke0(Native Method)
	at java.base/jdk.internal.reflect.NativeMethodAccessorImpl.invoke(Unknown Source)
	at java.base/jdk.internal.reflect.DelegatingMethodAccessorImpl.invoke(Unknown Source)
	at java.base/java.lang.reflect.Method.invoke(Unknown Source)
	at org.jkiss.dbeaver.launcher.DBeaverLauncher.invokeFramework(DBeaverLauncher.java:648)
	at org.jkiss.dbeaver.launcher.DBeaverLauncher.basicRun(DBeaverLauncher.java:608)
	at org.jkiss.dbeaver.launcher.DBeaverLauncher.run(DBeaverLauncher.java:1459)

!ENTRY org.eclipse.jface 4 0 2024-09-19 14:17:15.668
!MESSAGE 환경 설정 변경 리스너를 인식하지 못하는 오류가 발생했습니다. 자세한 정보는 로그를 확인하십시오.
!STACK 0
java.lang.NullPointerException: Cannot invoke "org.eclipse.swt.custom.StyledText.setForeground(org.eclipse.swt.graphics.Color)" because "styledText" is null
	at org.eclipse.ui.texteditor.AbstractTextEditor.initializeViewerColors(AbstractTextEditor.java:3929)
	at org.eclipse.ui.texteditor.AbstractTextEditor.handlePreferenceStoreChanged(AbstractTextEditor.java:4547)
	at org.eclipse.ui.texteditor.AbstractDecoratedTextEditor.handlePreferenceStoreChanged(AbstractDecoratedTextEditor.java:904)
	at org.jkiss.dbeaver.ui.editors.sql.SQLEditorBase.handlePreferenceStoreChanged(SQLEditorBase.java:317)
	at org.eclipse.ui.texteditor.AbstractTextEditor$PropertyChangeListener.propertyChange(AbstractTextEditor.java:723)
	at org.eclipse.ui.preferences.ScopedPreferenceStore$2.run(ScopedPreferenceStore.java:325)
	at org.eclipse.core.runtime.SafeRunner.run(SafeRunner.java:47)
	at org.eclipse.ui.preferences.ScopedPreferenceStore.firePropertyChangeEvent(ScopedPreferenceStore.java:322)
	at org.eclipse.ui.preferences.ScopedPreferenceStore.lambda$0(ScopedPreferenceStore.java:171)
	at org.eclipse.core.internal.preferences.EclipsePreferences.lambda$2(EclipsePreferences.java:828)
	at org.eclipse.core.runtime.SafeRunner.run(SafeRunner.java:47)
	at org.eclipse.core.internal.preferences.EclipsePreferences.firePreferenceEvent(EclipsePreferences.java:828)
	at org.eclipse.core.internal.preferences.EclipsePreferences.remove(EclipsePreferences.java:887)
	at org.eclipse.e4.ui.internal.workbench.swt.PartRenderingEngine$StylingPreferencesHandler.resetOverriddenPreferences(PartRenderingEngine.java:1444)
	at org.eclipse.e4.ui.internal.workbench.swt.PartRenderingEngine$StylingPreferencesHandler.resetOverriddenPreferences(PartRenderingEngine.java:1438)
	at org.eclipse.e4.ui.internal.workbench.swt.PartRenderingEngine$StylingPreferencesHandler.lambda$0(PartRenderingEngine.java:1427)
	at org.eclipse.swt.widgets.EventTable.sendEvent(EventTable.java:91)
	at org.eclipse.swt.widgets.Display.sendEvent(Display.java:4285)
	at org.eclipse.swt.widgets.Display.sendEvent(Display.java:4277)
	at org.eclipse.swt.widgets.Display.release(Display.java:3722)
	at org.eclipse.swt.graphics.Device.dispose(Device.java:335)
	at org.jkiss.dbeaver.ui.app.standalone.DBeaverApplication.start(DBeaverApplication.java:329)
	at org.eclipse.equinox.internal.app.EclipseAppHandle.run(EclipseAppHandle.java:208)
	at org.eclipse.core.runtime.internal.adaptor.EclipseAppLauncher.runApplication(EclipseAppLauncher.java:143)
	at org.eclipse.core.runtime.internal.adaptor.EclipseAppLauncher.start(EclipseAppLauncher.java:109)
	at org.eclipse.core.runtime.adaptor.EclipseStarter.run(EclipseStarter.java:439)
	at org.eclipse.core.runtime.adaptor.EclipseStarter.run(EclipseStarter.java:271)
	at java.base/jdk.internal.reflect.NativeMethodAccessorImpl.invoke0(Native Method)
	at java.base/jdk.internal.reflect.NativeMethodAccessorImpl.invoke(Unknown Source)
	at java.base/jdk.internal.reflect.DelegatingMethodAccessorImpl.invoke(Unknown Source)
	at java.base/java.lang.reflect.Method.invoke(Unknown Source)
	at org.jkiss.dbeaver.launcher.DBeaverLauncher.invokeFramework(DBeaverLauncher.java:648)
	at org.jkiss.dbeaver.launcher.DBeaverLauncher.basicRun(DBeaverLauncher.java:608)
	at org.jkiss.dbeaver.launcher.DBeaverLauncher.run(DBeaverLauncher.java:1459)

!ENTRY org.eclipse.ui.workbench 4 2 2024-09-19 14:17:15.669
!MESSAGE Problems occurred when invoking code from plug-in: "org.eclipse.ui.workbench".
!STACK 0
java.lang.NullPointerException: Cannot invoke "org.eclipse.swt.custom.StyledText.setForeground(org.eclipse.swt.graphics.Color)" because "styledText" is null
	at org.eclipse.ui.texteditor.AbstractTextEditor.initializeViewerColors(AbstractTextEditor.java:3929)
	at org.eclipse.ui.texteditor.AbstractTextEditor.handlePreferenceStoreChanged(AbstractTextEditor.java:4547)
	at org.eclipse.ui.texteditor.AbstractDecoratedTextEditor.handlePreferenceStoreChanged(AbstractDecoratedTextEditor.java:904)
	at org.jkiss.dbeaver.ui.editors.sql.SQLEditorBase.handlePreferenceStoreChanged(SQLEditorBase.java:317)
	at org.eclipse.ui.texteditor.AbstractTextEditor$PropertyChangeListener.propertyChange(AbstractTextEditor.java:723)
	at org.eclipse.ui.preferences.ScopedPreferenceStore$2.run(ScopedPreferenceStore.java:325)
	at org.eclipse.core.runtime.SafeRunner.run(SafeRunner.java:47)
	at org.eclipse.ui.preferences.ScopedPreferenceStore.firePropertyChangeEvent(ScopedPreferenceStore.java:322)
	at org.eclipse.ui.preferences.ScopedPreferenceStore.lambda$0(ScopedPreferenceStore.java:171)
	at org.eclipse.core.internal.preferences.EclipsePreferences.lambda$2(EclipsePreferences.java:828)
	at org.eclipse.core.runtime.SafeRunner.run(SafeRunner.java:47)
	at org.eclipse.core.internal.preferences.EclipsePreferences.firePreferenceEvent(EclipsePreferences.java:828)
	at org.eclipse.core.internal.preferences.EclipsePreferences.remove(EclipsePreferences.java:887)
	at org.eclipse.e4.ui.internal.workbench.swt.PartRenderingEngine$StylingPreferencesHandler.resetOverriddenPreferences(PartRenderingEngine.java:1444)
	at org.eclipse.e4.ui.internal.workbench.swt.PartRenderingEngine$StylingPreferencesHandler.resetOverriddenPreferences(PartRenderingEngine.java:1438)
	at org.eclipse.e4.ui.internal.workbench.swt.PartRenderingEngine$StylingPreferencesHandler.lambda$0(PartRenderingEngine.java:1427)
	at org.eclipse.swt.widgets.EventTable.sendEvent(EventTable.java:91)
	at org.eclipse.swt.widgets.Display.sendEvent(Display.java:4285)
	at org.eclipse.swt.widgets.Display.sendEvent(Display.java:4277)
	at org.eclipse.swt.widgets.Display.release(Display.java:3722)
	at org.eclipse.swt.graphics.Device.dispose(Device.java:335)
	at org.jkiss.dbeaver.ui.app.standalone.DBeaverApplication.start(DBeaverApplication.java:329)
	at org.eclipse.equinox.internal.app.EclipseAppHandle.run(EclipseAppHandle.java:208)
	at org.eclipse.core.runtime.internal.adaptor.EclipseAppLauncher.runApplication(EclipseAppLauncher.java:143)
	at org.eclipse.core.runtime.internal.adaptor.EclipseAppLauncher.start(EclipseAppLauncher.java:109)
	at org.eclipse.core.runtime.adaptor.EclipseStarter.run(EclipseStarter.java:439)
	at org.eclipse.core.runtime.adaptor.EclipseStarter.run(EclipseStarter.java:271)
	at java.base/jdk.internal.reflect.NativeMethodAccessorImpl.invoke0(Native Method)
	at java.base/jdk.internal.reflect.NativeMethodAccessorImpl.invoke(Unknown Source)
	at java.base/jdk.internal.reflect.DelegatingMethodAccessorImpl.invoke(Unknown Source)
	at java.base/java.lang.reflect.Method.invoke(Unknown Source)
	at org.jkiss.dbeaver.launcher.DBeaverLauncher.invokeFramework(DBeaverLauncher.java:648)
	at org.jkiss.dbeaver.launcher.DBeaverLauncher.basicRun(DBeaverLauncher.java:608)
	at org.jkiss.dbeaver.launcher.DBeaverLauncher.run(DBeaverLauncher.java:1459)

!ENTRY org.eclipse.jface 4 0 2024-09-19 14:17:15.669
!MESSAGE 환경 설정 변경 리스너를 인식하지 못하는 오류가 발생했습니다. 자세한 정보는 로그를 확인하십시오.
!STACK 0
java.lang.NullPointerException: Cannot invoke "org.eclipse.swt.custom.StyledText.setForeground(org.eclipse.swt.graphics.Color)" because "styledText" is null
	at org.eclipse.ui.texteditor.AbstractTextEditor.initializeViewerColors(AbstractTextEditor.java:3929)
	at org.eclipse.ui.texteditor.AbstractTextEditor.handlePreferenceStoreChanged(AbstractTextEditor.java:4547)
	at org.eclipse.ui.texteditor.AbstractDecoratedTextEditor.handlePreferenceStoreChanged(AbstractDecoratedTextEditor.java:904)
	at org.jkiss.dbeaver.ui.editors.sql.SQLEditorBase.handlePreferenceStoreChanged(SQLEditorBase.java:317)
	at org.eclipse.ui.texteditor.AbstractTextEditor$PropertyChangeListener.propertyChange(AbstractTextEditor.java:723)
	at org.eclipse.ui.preferences.ScopedPreferenceStore$2.run(ScopedPreferenceStore.java:325)
	at org.eclipse.core.runtime.SafeRunner.run(SafeRunner.java:47)
	at org.eclipse.ui.preferences.ScopedPreferenceStore.firePropertyChangeEvent(ScopedPreferenceStore.java:322)
	at org.eclipse.ui.preferences.ScopedPreferenceStore.lambda$0(ScopedPreferenceStore.java:171)
	at org.eclipse.core.internal.preferences.EclipsePreferences.lambda$2(EclipsePreferences.java:828)
	at org.eclipse.core.runtime.SafeRunner.run(SafeRunner.java:47)
	at org.eclipse.core.internal.preferences.EclipsePreferences.firePreferenceEvent(EclipsePreferences.java:828)
	at org.eclipse.core.internal.preferences.EclipsePreferences.remove(EclipsePreferences.java:887)
	at org.eclipse.e4.ui.internal.workbench.swt.PartRenderingEngine$StylingPreferencesHandler.resetOverriddenPreferences(PartRenderingEngine.java:1444)
	at org.eclipse.e4.ui.internal.workbench.swt.PartRenderingEngine$StylingPreferencesHandler.resetOverriddenPreferences(PartRenderingEngine.java:1438)
	at org.eclipse.e4.ui.internal.workbench.swt.PartRenderingEngine$StylingPreferencesHandler.lambda$0(PartRenderingEngine.java:1427)
	at org.eclipse.swt.widgets.EventTable.sendEvent(EventTable.java:91)
	at org.eclipse.swt.widgets.Display.sendEvent(Display.java:4285)
	at org.eclipse.swt.widgets.Display.sendEvent(Display.java:4277)
	at org.eclipse.swt.widgets.Display.release(Display.java:3722)
	at org.eclipse.swt.graphics.Device.dispose(Device.java:335)
	at org.jkiss.dbeaver.ui.app.standalone.DBeaverApplication.start(DBeaverApplication.java:329)
	at org.eclipse.equinox.internal.app.EclipseAppHandle.run(EclipseAppHandle.java:208)
	at org.eclipse.core.runtime.internal.adaptor.EclipseAppLauncher.runApplication(EclipseAppLauncher.java:143)
	at org.eclipse.core.runtime.internal.adaptor.EclipseAppLauncher.start(EclipseAppLauncher.java:109)
	at org.eclipse.core.runtime.adaptor.EclipseStarter.run(EclipseStarter.java:439)
	at org.eclipse.core.runtime.adaptor.EclipseStarter.run(EclipseStarter.java:271)
	at java.base/jdk.internal.reflect.NativeMethodAccessorImpl.invoke0(Native Method)
	at java.base/jdk.internal.reflect.NativeMethodAccessorImpl.invoke(Unknown Source)
	at java.base/jdk.internal.reflect.DelegatingMethodAccessorImpl.invoke(Unknown Source)
	at java.base/java.lang.reflect.Method.invoke(Unknown Source)
	at org.jkiss.dbeaver.launcher.DBeaverLauncher.invokeFramework(DBeaverLauncher.java:648)
	at org.jkiss.dbeaver.launcher.DBeaverLauncher.basicRun(DBeaverLauncher.java:608)
	at org.jkiss.dbeaver.launcher.DBeaverLauncher.run(DBeaverLauncher.java:1459)

!ENTRY org.eclipse.ui.workbench 4 2 2024-09-19 14:17:15.669
!MESSAGE Problems occurred when invoking code from plug-in: "org.eclipse.ui.workbench".
!STACK 0
java.lang.NullPointerException: Cannot invoke "org.eclipse.swt.custom.StyledText.setForeground(org.eclipse.swt.graphics.Color)" because "styledText" is null
	at org.eclipse.ui.texteditor.AbstractTextEditor.initializeViewerColors(AbstractTextEditor.java:3929)
	at org.eclipse.ui.texteditor.AbstractTextEditor.handlePreferenceStoreChanged(AbstractTextEditor.java:4547)
	at org.eclipse.ui.texteditor.AbstractDecoratedTextEditor.handlePreferenceStoreChanged(AbstractDecoratedTextEditor.java:904)
	at org.jkiss.dbeaver.ui.editors.sql.SQLEditorBase.handlePreferenceStoreChanged(SQLEditorBase.java:317)
	at org.eclipse.ui.texteditor.AbstractTextEditor$PropertyChangeListener.propertyChange(AbstractTextEditor.java:723)
	at org.eclipse.ui.preferences.ScopedPreferenceStore$2.run(ScopedPreferenceStore.java:325)
	at org.eclipse.core.runtime.SafeRunner.run(SafeRunner.java:47)
	at org.eclipse.ui.preferences.ScopedPreferenceStore.firePropertyChangeEvent(ScopedPreferenceStore.java:322)
	at org.eclipse.ui.preferences.ScopedPreferenceStore.lambda$0(ScopedPreferenceStore.java:171)
	at org.eclipse.core.internal.preferences.EclipsePreferences.lambda$2(EclipsePreferences.java:828)
	at org.eclipse.core.runtime.SafeRunner.run(SafeRunner.java:47)
	at org.eclipse.core.internal.preferences.EclipsePreferences.firePreferenceEvent(EclipsePreferences.java:828)
	at org.eclipse.core.internal.preferences.EclipsePreferences.remove(EclipsePreferences.java:887)
	at org.eclipse.e4.ui.internal.workbench.swt.PartRenderingEngine$StylingPreferencesHandler.resetOverriddenPreferences(PartRenderingEngine.java:1444)
	at org.eclipse.e4.ui.internal.workbench.swt.PartRenderingEngine$StylingPreferencesHandler.resetOverriddenPreferences(PartRenderingEngine.java:1438)
	at org.eclipse.e4.ui.internal.workbench.swt.PartRenderingEngine$StylingPreferencesHandler.lambda$0(PartRenderingEngine.java:1427)
	at org.eclipse.swt.widgets.EventTable.sendEvent(EventTable.java:91)
	at org.eclipse.swt.widgets.Display.sendEvent(Display.java:4285)
	at org.eclipse.swt.widgets.Display.sendEvent(Display.java:4277)
	at org.eclipse.swt.widgets.Display.release(Display.java:3722)
	at org.eclipse.swt.graphics.Device.dispose(Device.java:335)
	at org.jkiss.dbeaver.ui.app.standalone.DBeaverApplication.start(DBeaverApplication.java:329)
	at org.eclipse.equinox.internal.app.EclipseAppHandle.run(EclipseAppHandle.java:208)
	at org.eclipse.core.runtime.internal.adaptor.EclipseAppLauncher.runApplication(EclipseAppLauncher.java:143)
	at org.eclipse.core.runtime.internal.adaptor.EclipseAppLauncher.start(EclipseAppLauncher.java:109)
	at org.eclipse.core.runtime.adaptor.EclipseStarter.run(EclipseStarter.java:439)
	at org.eclipse.core.runtime.adaptor.EclipseStarter.run(EclipseStarter.java:271)
	at java.base/jdk.internal.reflect.NativeMethodAccessorImpl.invoke0(Native Method)
	at java.base/jdk.internal.reflect.NativeMethodAccessorImpl.invoke(Unknown Source)
	at java.base/jdk.internal.reflect.DelegatingMethodAccessorImpl.invoke(Unknown Source)
	at java.base/java.lang.reflect.Method.invoke(Unknown Source)
	at org.jkiss.dbeaver.launcher.DBeaverLauncher.invokeFramework(DBeaverLauncher.java:648)
	at org.jkiss.dbeaver.launcher.DBeaverLauncher.basicRun(DBeaverLauncher.java:608)
	at org.jkiss.dbeaver.launcher.DBeaverLauncher.run(DBeaverLauncher.java:1459)

!ENTRY org.eclipse.jface 4 0 2024-09-19 14:17:15.670
!MESSAGE 환경 설정 변경 리스너를 인식하지 못하는 오류가 발생했습니다. 자세한 정보는 로그를 확인하십시오.
!STACK 0
java.lang.NullPointerException: Cannot invoke "org.eclipse.swt.custom.StyledText.setForeground(org.eclipse.swt.graphics.Color)" because "styledText" is null
	at org.eclipse.ui.texteditor.AbstractTextEditor.initializeViewerColors(AbstractTextEditor.java:3929)
	at org.eclipse.ui.texteditor.AbstractTextEditor.handlePreferenceStoreChanged(AbstractTextEditor.java:4547)
	at org.eclipse.ui.texteditor.AbstractDecoratedTextEditor.handlePreferenceStoreChanged(AbstractDecoratedTextEditor.java:904)
	at org.jkiss.dbeaver.ui.editors.sql.SQLEditorBase.handlePreferenceStoreChanged(SQLEditorBase.java:317)
	at org.eclipse.ui.texteditor.AbstractTextEditor$PropertyChangeListener.propertyChange(AbstractTextEditor.java:723)
	at org.eclipse.ui.preferences.ScopedPreferenceStore$2.run(ScopedPreferenceStore.java:325)
	at org.eclipse.core.runtime.SafeRunner.run(SafeRunner.java:47)
	at org.eclipse.ui.preferences.ScopedPreferenceStore.firePropertyChangeEvent(ScopedPreferenceStore.java:322)
	at org.eclipse.ui.preferences.ScopedPreferenceStore.lambda$0(ScopedPreferenceStore.java:171)
	at org.eclipse.core.internal.preferences.EclipsePreferences.lambda$2(EclipsePreferences.java:828)
	at org.eclipse.core.runtime.SafeRunner.run(SafeRunner.java:47)
	at org.eclipse.core.internal.preferences.EclipsePreferences.firePreferenceEvent(EclipsePreferences.java:828)
	at org.eclipse.core.internal.preferences.EclipsePreferences.remove(EclipsePreferences.java:887)
	at org.eclipse.e4.ui.internal.workbench.swt.PartRenderingEngine$StylingPreferencesHandler.resetOverriddenPreferences(PartRenderingEngine.java:1444)
	at org.eclipse.e4.ui.internal.workbench.swt.PartRenderingEngine$StylingPreferencesHandler.resetOverriddenPreferences(PartRenderingEngine.java:1438)
	at org.eclipse.e4.ui.internal.workbench.swt.PartRenderingEngine$StylingPreferencesHandler.lambda$0(PartRenderingEngine.java:1427)
	at org.eclipse.swt.widgets.EventTable.sendEvent(EventTable.java:91)
	at org.eclipse.swt.widgets.Display.sendEvent(Display.java:4285)
	at org.eclipse.swt.widgets.Display.sendEvent(Display.java:4277)
	at org.eclipse.swt.widgets.Display.release(Display.java:3722)
	at org.eclipse.swt.graphics.Device.dispose(Device.java:335)
	at org.jkiss.dbeaver.ui.app.standalone.DBeaverApplication.start(DBeaverApplication.java:329)
	at org.eclipse.equinox.internal.app.EclipseAppHandle.run(EclipseAppHandle.java:208)
	at org.eclipse.core.runtime.internal.adaptor.EclipseAppLauncher.runApplication(EclipseAppLauncher.java:143)
	at org.eclipse.core.runtime.internal.adaptor.EclipseAppLauncher.start(EclipseAppLauncher.java:109)
	at org.eclipse.core.runtime.adaptor.EclipseStarter.run(EclipseStarter.java:439)
	at org.eclipse.core.runtime.adaptor.EclipseStarter.run(EclipseStarter.java:271)
	at java.base/jdk.internal.reflect.NativeMethodAccessorImpl.invoke0(Native Method)
	at java.base/jdk.internal.reflect.NativeMethodAccessorImpl.invoke(Unknown Source)
	at java.base/jdk.internal.reflect.DelegatingMethodAccessorImpl.invoke(Unknown Source)
	at java.base/java.lang.reflect.Method.invoke(Unknown Source)
	at org.jkiss.dbeaver.launcher.DBeaverLauncher.invokeFramework(DBeaverLauncher.java:648)
	at org.jkiss.dbeaver.launcher.DBeaverLauncher.basicRun(DBeaverLauncher.java:608)
	at org.jkiss.dbeaver.launcher.DBeaverLauncher.run(DBeaverLauncher.java:1459)

!ENTRY org.eclipse.ui.workbench 4 2 2024-09-19 14:17:15.670
!MESSAGE Problems occurred when invoking code from plug-in: "org.eclipse.ui.workbench".
!STACK 0
java.lang.NullPointerException: Cannot invoke "org.eclipse.swt.custom.StyledText.setForeground(org.eclipse.swt.graphics.Color)" because "styledText" is null
	at org.eclipse.ui.texteditor.AbstractTextEditor.initializeViewerColors(AbstractTextEditor.java:3929)
	at org.eclipse.ui.texteditor.AbstractTextEditor.handlePreferenceStoreChanged(AbstractTextEditor.java:4547)
	at org.eclipse.ui.texteditor.AbstractDecoratedTextEditor.handlePreferenceStoreChanged(AbstractDecoratedTextEditor.java:904)
	at org.jkiss.dbeaver.ui.editors.sql.SQLEditorBase.handlePreferenceStoreChanged(SQLEditorBase.java:317)
	at org.eclipse.ui.texteditor.AbstractTextEditor$PropertyChangeListener.propertyChange(AbstractTextEditor.java:723)
	at org.eclipse.ui.preferences.ScopedPreferenceStore$2.run(ScopedPreferenceStore.java:325)
	at org.eclipse.core.runtime.SafeRunner.run(SafeRunner.java:47)
	at org.eclipse.ui.preferences.ScopedPreferenceStore.firePropertyChangeEvent(ScopedPreferenceStore.java:322)
	at org.eclipse.ui.preferences.ScopedPreferenceStore.lambda$0(ScopedPreferenceStore.java:171)
	at org.eclipse.core.internal.preferences.EclipsePreferences.lambda$2(EclipsePreferences.java:828)
	at org.eclipse.core.runtime.SafeRunner.run(SafeRunner.java:47)
	at org.eclipse.core.internal.preferences.EclipsePreferences.firePreferenceEvent(EclipsePreferences.java:828)
	at org.eclipse.core.internal.preferences.EclipsePreferences.remove(EclipsePreferences.java:887)
	at org.eclipse.e4.ui.internal.workbench.swt.PartRenderingEngine$StylingPreferencesHandler.resetOverriddenPreferences(PartRenderingEngine.java:1444)
	at org.eclipse.e4.ui.internal.workbench.swt.PartRenderingEngine$StylingPreferencesHandler.resetOverriddenPreferences(PartRenderingEngine.java:1438)
	at org.eclipse.e4.ui.internal.workbench.swt.PartRenderingEngine$StylingPreferencesHandler.lambda$0(PartRenderingEngine.java:1427)
	at org.eclipse.swt.widgets.EventTable.sendEvent(EventTable.java:91)
	at org.eclipse.swt.widgets.Display.sendEvent(Display.java:4285)
	at org.eclipse.swt.widgets.Display.sendEvent(Display.java:4277)
	at org.eclipse.swt.widgets.Display.release(Display.java:3722)
	at org.eclipse.swt.graphics.Device.dispose(Device.java:335)
	at org.jkiss.dbeaver.ui.app.standalone.DBeaverApplication.start(DBeaverApplication.java:329)
	at org.eclipse.equinox.internal.app.EclipseAppHandle.run(EclipseAppHandle.java:208)
	at org.eclipse.core.runtime.internal.adaptor.EclipseAppLauncher.runApplication(EclipseAppLauncher.java:143)
	at org.eclipse.core.runtime.internal.adaptor.EclipseAppLauncher.start(EclipseAppLauncher.java:109)
	at org.eclipse.core.runtime.adaptor.EclipseStarter.run(EclipseStarter.java:439)
	at org.eclipse.core.runtime.adaptor.EclipseStarter.run(EclipseStarter.java:271)
	at java.base/jdk.internal.reflect.NativeMethodAccessorImpl.invoke0(Native Method)
	at java.base/jdk.internal.reflect.NativeMethodAccessorImpl.invoke(Unknown Source)
	at java.base/jdk.internal.reflect.DelegatingMethodAccessorImpl.invoke(Unknown Source)
	at java.base/java.lang.reflect.Method.invoke(Unknown Source)
	at org.jkiss.dbeaver.launcher.DBeaverLauncher.invokeFramework(DBeaverLauncher.java:648)
	at org.jkiss.dbeaver.launcher.DBeaverLauncher.basicRun(DBeaverLauncher.java:608)
	at org.jkiss.dbeaver.launcher.DBeaverLauncher.run(DBeaverLauncher.java:1459)

!ENTRY org.eclipse.jface 4 0 2024-09-19 14:17:15.671
!MESSAGE 환경 설정 변경 리스너를 인식하지 못하는 오류가 발생했습니다. 자세한 정보는 로그를 확인하십시오.
!STACK 0
java.lang.NullPointerException: Cannot invoke "org.eclipse.swt.custom.StyledText.setForeground(org.eclipse.swt.graphics.Color)" because "styledText" is null
	at org.eclipse.ui.texteditor.AbstractTextEditor.initializeViewerColors(AbstractTextEditor.java:3929)
	at org.eclipse.ui.texteditor.AbstractTextEditor.handlePreferenceStoreChanged(AbstractTextEditor.java:4547)
	at org.eclipse.ui.texteditor.AbstractDecoratedTextEditor.handlePreferenceStoreChanged(AbstractDecoratedTextEditor.java:904)
	at org.jkiss.dbeaver.ui.editors.sql.SQLEditorBase.handlePreferenceStoreChanged(SQLEditorBase.java:317)
	at org.eclipse.ui.texteditor.AbstractTextEditor$PropertyChangeListener.propertyChange(AbstractTextEditor.java:723)
	at org.eclipse.ui.preferences.ScopedPreferenceStore$2.run(ScopedPreferenceStore.java:325)
	at org.eclipse.core.runtime.SafeRunner.run(SafeRunner.java:47)
	at org.eclipse.ui.preferences.ScopedPreferenceStore.firePropertyChangeEvent(ScopedPreferenceStore.java:322)
	at org.eclipse.ui.preferences.ScopedPreferenceStore.lambda$0(ScopedPreferenceStore.java:171)
	at org.eclipse.core.internal.preferences.EclipsePreferences.lambda$2(EclipsePreferences.java:828)
	at org.eclipse.core.runtime.SafeRunner.run(SafeRunner.java:47)
	at org.eclipse.core.internal.preferences.EclipsePreferences.firePreferenceEvent(EclipsePreferences.java:828)
	at org.eclipse.core.internal.preferences.EclipsePreferences.remove(EclipsePreferences.java:887)
	at org.eclipse.e4.ui.internal.workbench.swt.PartRenderingEngine$StylingPreferencesHandler.resetOverriddenPreferences(PartRenderingEngine.java:1444)
	at org.eclipse.e4.ui.internal.workbench.swt.PartRenderingEngine$StylingPreferencesHandler.resetOverriddenPreferences(PartRenderingEngine.java:1438)
	at org.eclipse.e4.ui.internal.workbench.swt.PartRenderingEngine$StylingPreferencesHandler.lambda$0(PartRenderingEngine.java:1427)
	at org.eclipse.swt.widgets.EventTable.sendEvent(EventTable.java:91)
	at org.eclipse.swt.widgets.Display.sendEvent(Display.java:4285)
	at org.eclipse.swt.widgets.Display.sendEvent(Display.java:4277)
	at org.eclipse.swt.widgets.Display.release(Display.java:3722)
	at org.eclipse.swt.graphics.Device.dispose(Device.java:335)
	at org.jkiss.dbeaver.ui.app.standalone.DBeaverApplication.start(DBeaverApplication.java:329)
	at org.eclipse.equinox.internal.app.EclipseAppHandle.run(EclipseAppHandle.java:208)
	at org.eclipse.core.runtime.internal.adaptor.EclipseAppLauncher.runApplication(EclipseAppLauncher.java:143)
	at org.eclipse.core.runtime.internal.adaptor.EclipseAppLauncher.start(EclipseAppLauncher.java:109)
	at org.eclipse.core.runtime.adaptor.EclipseStarter.run(EclipseStarter.java:439)
	at org.eclipse.core.runtime.adaptor.EclipseStarter.run(EclipseStarter.java:271)
	at java.base/jdk.internal.reflect.NativeMethodAccessorImpl.invoke0(Native Method)
	at java.base/jdk.internal.reflect.NativeMethodAccessorImpl.invoke(Unknown Source)
	at java.base/jdk.internal.reflect.DelegatingMethodAccessorImpl.invoke(Unknown Source)
	at java.base/java.lang.reflect.Method.invoke(Unknown Source)
	at org.jkiss.dbeaver.launcher.DBeaverLauncher.invokeFramework(DBeaverLauncher.java:648)
	at org.jkiss.dbeaver.launcher.DBeaverLauncher.basicRun(DBeaverLauncher.java:608)
	at org.jkiss.dbeaver.launcher.DBeaverLauncher.run(DBeaverLauncher.java:1459)

!ENTRY org.eclipse.ui.workbench 4 2 2024-09-19 14:17:15.671
!MESSAGE Problems occurred when invoking code from plug-in: "org.eclipse.ui.workbench".
!STACK 0
java.lang.NullPointerException: Cannot invoke "org.eclipse.swt.custom.StyledText.setForeground(org.eclipse.swt.graphics.Color)" because "styledText" is null
	at org.eclipse.ui.texteditor.AbstractTextEditor.initializeViewerColors(AbstractTextEditor.java:3929)
	at org.eclipse.ui.texteditor.AbstractTextEditor.handlePreferenceStoreChanged(AbstractTextEditor.java:4547)
	at org.eclipse.ui.texteditor.AbstractDecoratedTextEditor.handlePreferenceStoreChanged(AbstractDecoratedTextEditor.java:904)
	at org.jkiss.dbeaver.ui.editors.sql.SQLEditorBase.handlePreferenceStoreChanged(SQLEditorBase.java:317)
	at org.eclipse.ui.texteditor.AbstractTextEditor$PropertyChangeListener.propertyChange(AbstractTextEditor.java:723)
	at org.eclipse.ui.preferences.ScopedPreferenceStore$2.run(ScopedPreferenceStore.java:325)
	at org.eclipse.core.runtime.SafeRunner.run(SafeRunner.java:47)
	at org.eclipse.ui.preferences.ScopedPreferenceStore.firePropertyChangeEvent(ScopedPreferenceStore.java:322)
	at org.eclipse.ui.preferences.ScopedPreferenceStore.lambda$0(ScopedPreferenceStore.java:171)
	at org.eclipse.core.internal.preferences.EclipsePreferences.lambda$2(EclipsePreferences.java:828)
	at org.eclipse.core.runtime.SafeRunner.run(SafeRunner.java:47)
	at org.eclipse.core.internal.preferences.EclipsePreferences.firePreferenceEvent(EclipsePreferences.java:828)
	at org.eclipse.core.internal.preferences.EclipsePreferences.remove(EclipsePreferences.java:887)
	at org.eclipse.e4.ui.internal.workbench.swt.PartRenderingEngine$StylingPreferencesHandler.resetOverriddenPreferences(PartRenderingEngine.java:1444)
	at org.eclipse.e4.ui.internal.workbench.swt.PartRenderingEngine$StylingPreferencesHandler.resetOverriddenPreferences(PartRenderingEngine.java:1438)
	at org.eclipse.e4.ui.internal.workbench.swt.PartRenderingEngine$StylingPreferencesHandler.lambda$0(PartRenderingEngine.java:1427)
	at org.eclipse.swt.widgets.EventTable.sendEvent(EventTable.java:91)
	at org.eclipse.swt.widgets.Display.sendEvent(Display.java:4285)
	at org.eclipse.swt.widgets.Display.sendEvent(Display.java:4277)
	at org.eclipse.swt.widgets.Display.release(Display.java:3722)
	at org.eclipse.swt.graphics.Device.dispose(Device.java:335)
	at org.jkiss.dbeaver.ui.app.standalone.DBeaverApplication.start(DBeaverApplication.java:329)
	at org.eclipse.equinox.internal.app.EclipseAppHandle.run(EclipseAppHandle.java:208)
	at org.eclipse.core.runtime.internal.adaptor.EclipseAppLauncher.runApplication(EclipseAppLauncher.java:143)
	at org.eclipse.core.runtime.internal.adaptor.EclipseAppLauncher.start(EclipseAppLauncher.java:109)
	at org.eclipse.core.runtime.adaptor.EclipseStarter.run(EclipseStarter.java:439)
	at org.eclipse.core.runtime.adaptor.EclipseStarter.run(EclipseStarter.java:271)
	at java.base/jdk.internal.reflect.NativeMethodAccessorImpl.invoke0(Native Method)
	at java.base/jdk.internal.reflect.NativeMethodAccessorImpl.invoke(Unknown Source)
	at java.base/jdk.internal.reflect.DelegatingMethodAccessorImpl.invoke(Unknown Source)
	at java.base/java.lang.reflect.Method.invoke(Unknown Source)
	at org.jkiss.dbeaver.launcher.DBeaverLauncher.invokeFramework(DBeaverLauncher.java:648)
	at org.jkiss.dbeaver.launcher.DBeaverLauncher.basicRun(DBeaverLauncher.java:608)
	at org.jkiss.dbeaver.launcher.DBeaverLauncher.run(DBeaverLauncher.java:1459)

!ENTRY org.eclipse.jface 4 0 2024-09-19 14:17:15.672
!MESSAGE 환경 설정 변경 리스너를 인식하지 못하는 오류가 발생했습니다. 자세한 정보는 로그를 확인하십시오.
!STACK 0
java.lang.NullPointerException: Cannot invoke "org.eclipse.swt.custom.StyledText.setForeground(org.eclipse.swt.graphics.Color)" because "styledText" is null
	at org.eclipse.ui.texteditor.AbstractTextEditor.initializeViewerColors(AbstractTextEditor.java:3929)
	at org.eclipse.ui.texteditor.AbstractTextEditor.handlePreferenceStoreChanged(AbstractTextEditor.java:4547)
	at org.eclipse.ui.texteditor.AbstractDecoratedTextEditor.handlePreferenceStoreChanged(AbstractDecoratedTextEditor.java:904)
	at org.jkiss.dbeaver.ui.editors.sql.SQLEditorBase.handlePreferenceStoreChanged(SQLEditorBase.java:317)
	at org.eclipse.ui.texteditor.AbstractTextEditor$PropertyChangeListener.propertyChange(AbstractTextEditor.java:723)
	at org.eclipse.ui.preferences.ScopedPreferenceStore$2.run(ScopedPreferenceStore.java:325)
	at org.eclipse.core.runtime.SafeRunner.run(SafeRunner.java:47)
	at org.eclipse.ui.preferences.ScopedPreferenceStore.firePropertyChangeEvent(ScopedPreferenceStore.java:322)
	at org.eclipse.ui.preferences.ScopedPreferenceStore.lambda$0(ScopedPreferenceStore.java:171)
	at org.eclipse.core.internal.preferences.EclipsePreferences.lambda$2(EclipsePreferences.java:828)
	at org.eclipse.core.runtime.SafeRunner.run(SafeRunner.java:47)
	at org.eclipse.core.internal.preferences.EclipsePreferences.firePreferenceEvent(EclipsePreferences.java:828)
	at org.eclipse.core.internal.preferences.EclipsePreferences.remove(EclipsePreferences.java:887)
	at org.eclipse.e4.ui.internal.workbench.swt.PartRenderingEngine$StylingPreferencesHandler.resetOverriddenPreferences(PartRenderingEngine.java:1444)
	at org.eclipse.e4.ui.internal.workbench.swt.PartRenderingEngine$StylingPreferencesHandler.resetOverriddenPreferences(PartRenderingEngine.java:1438)
	at org.eclipse.e4.ui.internal.workbench.swt.PartRenderingEngine$StylingPreferencesHandler.lambda$0(PartRenderingEngine.java:1427)
	at org.eclipse.swt.widgets.EventTable.sendEvent(EventTable.java:91)
	at org.eclipse.swt.widgets.Display.sendEvent(Display.java:4285)
	at org.eclipse.swt.widgets.Display.sendEvent(Display.java:4277)
	at org.eclipse.swt.widgets.Display.release(Display.java:3722)
	at org.eclipse.swt.graphics.Device.dispose(Device.java:335)
	at org.jkiss.dbeaver.ui.app.standalone.DBeaverApplication.start(DBeaverApplication.java:329)
	at org.eclipse.equinox.internal.app.EclipseAppHandle.run(EclipseAppHandle.java:208)
	at org.eclipse.core.runtime.internal.adaptor.EclipseAppLauncher.runApplication(EclipseAppLauncher.java:143)
	at org.eclipse.core.runtime.internal.adaptor.EclipseAppLauncher.start(EclipseAppLauncher.java:109)
	at org.eclipse.core.runtime.adaptor.EclipseStarter.run(EclipseStarter.java:439)
	at org.eclipse.core.runtime.adaptor.EclipseStarter.run(EclipseStarter.java:271)
	at java.base/jdk.internal.reflect.NativeMethodAccessorImpl.invoke0(Native Method)
	at java.base/jdk.internal.reflect.NativeMethodAccessorImpl.invoke(Unknown Source)
	at java.base/jdk.internal.reflect.DelegatingMethodAccessorImpl.invoke(Unknown Source)
	at java.base/java.lang.reflect.Method.invoke(Unknown Source)
	at org.jkiss.dbeaver.launcher.DBeaverLauncher.invokeFramework(DBeaverLauncher.java:648)
	at org.jkiss.dbeaver.launcher.DBeaverLauncher.basicRun(DBeaverLauncher.java:608)
	at org.jkiss.dbeaver.launcher.DBeaverLauncher.run(DBeaverLauncher.java:1459)

!ENTRY org.eclipse.ui.workbench 4 2 2024-09-19 14:17:15.672
!MESSAGE Problems occurred when invoking code from plug-in: "org.eclipse.ui.workbench".
!STACK 0
java.lang.NullPointerException: Cannot invoke "org.eclipse.swt.custom.StyledText.setForeground(org.eclipse.swt.graphics.Color)" because "styledText" is null
	at org.eclipse.ui.texteditor.AbstractTextEditor.initializeViewerColors(AbstractTextEditor.java:3929)
	at org.eclipse.ui.texteditor.AbstractTextEditor.handlePreferenceStoreChanged(AbstractTextEditor.java:4547)
	at org.eclipse.ui.texteditor.AbstractDecoratedTextEditor.handlePreferenceStoreChanged(AbstractDecoratedTextEditor.java:904)
	at org.jkiss.dbeaver.ui.editors.sql.SQLEditorBase.handlePreferenceStoreChanged(SQLEditorBase.java:317)
	at org.eclipse.ui.texteditor.AbstractTextEditor$PropertyChangeListener.propertyChange(AbstractTextEditor.java:723)
	at org.eclipse.ui.preferences.ScopedPreferenceStore$2.run(ScopedPreferenceStore.java:325)
	at org.eclipse.core.runtime.SafeRunner.run(SafeRunner.java:47)
	at org.eclipse.ui.preferences.ScopedPreferenceStore.firePropertyChangeEvent(ScopedPreferenceStore.java:322)
	at org.eclipse.ui.preferences.ScopedPreferenceStore.lambda$0(ScopedPreferenceStore.java:171)
	at org.eclipse.core.internal.preferences.EclipsePreferences.lambda$2(EclipsePreferences.java:828)
	at org.eclipse.core.runtime.SafeRunner.run(SafeRunner.java:47)
	at org.eclipse.core.internal.preferences.EclipsePreferences.firePreferenceEvent(EclipsePreferences.java:828)
	at org.eclipse.core.internal.preferences.EclipsePreferences.remove(EclipsePreferences.java:887)
	at org.eclipse.e4.ui.internal.workbench.swt.PartRenderingEngine$StylingPreferencesHandler.resetOverriddenPreferences(PartRenderingEngine.java:1444)
	at org.eclipse.e4.ui.internal.workbench.swt.PartRenderingEngine$StylingPreferencesHandler.resetOverriddenPreferences(PartRenderingEngine.java:1438)
	at org.eclipse.e4.ui.internal.workbench.swt.PartRenderingEngine$StylingPreferencesHandler.lambda$0(PartRenderingEngine.java:1427)
	at org.eclipse.swt.widgets.EventTable.sendEvent(EventTable.java:91)
	at org.eclipse.swt.widgets.Display.sendEvent(Display.java:4285)
	at org.eclipse.swt.widgets.Display.sendEvent(Display.java:4277)
	at org.eclipse.swt.widgets.Display.release(Display.java:3722)
	at org.eclipse.swt.graphics.Device.dispose(Device.java:335)
	at org.jkiss.dbeaver.ui.app.standalone.DBeaverApplication.start(DBeaverApplication.java:329)
	at org.eclipse.equinox.internal.app.EclipseAppHandle.run(EclipseAppHandle.java:208)
	at org.eclipse.core.runtime.internal.adaptor.EclipseAppLauncher.runApplication(EclipseAppLauncher.java:143)
	at org.eclipse.core.runtime.internal.adaptor.EclipseAppLauncher.start(EclipseAppLauncher.java:109)
	at org.eclipse.core.runtime.adaptor.EclipseStarter.run(EclipseStarter.java:439)
	at org.eclipse.core.runtime.adaptor.EclipseStarter.run(EclipseStarter.java:271)
	at java.base/jdk.internal.reflect.NativeMethodAccessorImpl.invoke0(Native Method)
	at java.base/jdk.internal.reflect.NativeMethodAccessorImpl.invoke(Unknown Source)
	at java.base/jdk.internal.reflect.DelegatingMethodAccessorImpl.invoke(Unknown Source)
	at java.base/java.lang.reflect.Method.invoke(Unknown Source)
	at org.jkiss.dbeaver.launcher.DBeaverLauncher.invokeFramework(DBeaverLauncher.java:648)
	at org.jkiss.dbeaver.launcher.DBeaverLauncher.basicRun(DBeaverLauncher.java:608)
	at org.jkiss.dbeaver.launcher.DBeaverLauncher.run(DBeaverLauncher.java:1459)

!ENTRY org.eclipse.jface 4 0 2024-09-19 14:17:15.673
!MESSAGE 환경 설정 변경 리스너를 인식하지 못하는 오류가 발생했습니다. 자세한 정보는 로그를 확인하십시오.
!STACK 0
java.lang.NullPointerException: Cannot invoke "org.eclipse.swt.custom.StyledText.setForeground(org.eclipse.swt.graphics.Color)" because "styledText" is null
	at org.eclipse.ui.texteditor.AbstractTextEditor.initializeViewerColors(AbstractTextEditor.java:3929)
	at org.eclipse.ui.texteditor.AbstractTextEditor.handlePreferenceStoreChanged(AbstractTextEditor.java:4547)
	at org.eclipse.ui.texteditor.AbstractDecoratedTextEditor.handlePreferenceStoreChanged(AbstractDecoratedTextEditor.java:904)
	at org.jkiss.dbeaver.ui.editors.sql.SQLEditorBase.handlePreferenceStoreChanged(SQLEditorBase.java:317)
	at org.eclipse.ui.texteditor.AbstractTextEditor$PropertyChangeListener.propertyChange(AbstractTextEditor.java:723)
	at org.eclipse.ui.preferences.ScopedPreferenceStore$2.run(ScopedPreferenceStore.java:325)
	at org.eclipse.core.runtime.SafeRunner.run(SafeRunner.java:47)
	at org.eclipse.ui.preferences.ScopedPreferenceStore.firePropertyChangeEvent(ScopedPreferenceStore.java:322)
	at org.eclipse.ui.preferences.ScopedPreferenceStore.lambda$0(ScopedPreferenceStore.java:171)
	at org.eclipse.core.internal.preferences.EclipsePreferences.lambda$2(EclipsePreferences.java:828)
	at org.eclipse.core.runtime.SafeRunner.run(SafeRunner.java:47)
	at org.eclipse.core.internal.preferences.EclipsePreferences.firePreferenceEvent(EclipsePreferences.java:828)
	at org.eclipse.core.internal.preferences.EclipsePreferences.remove(EclipsePreferences.java:887)
	at org.eclipse.e4.ui.internal.workbench.swt.PartRenderingEngine$StylingPreferencesHandler.resetOverriddenPreferences(PartRenderingEngine.java:1444)
	at org.eclipse.e4.ui.internal.workbench.swt.PartRenderingEngine$StylingPreferencesHandler.resetOverriddenPreferences(PartRenderingEngine.java:1438)
	at org.eclipse.e4.ui.internal.workbench.swt.PartRenderingEngine$StylingPreferencesHandler.lambda$0(PartRenderingEngine.java:1427)
	at org.eclipse.swt.widgets.EventTable.sendEvent(EventTable.java:91)
	at org.eclipse.swt.widgets.Display.sendEvent(Display.java:4285)
	at org.eclipse.swt.widgets.Display.sendEvent(Display.java:4277)
	at org.eclipse.swt.widgets.Display.release(Display.java:3722)
	at org.eclipse.swt.graphics.Device.dispose(Device.java:335)
	at org.jkiss.dbeaver.ui.app.standalone.DBeaverApplication.start(DBeaverApplication.java:329)
	at org.eclipse.equinox.internal.app.EclipseAppHandle.run(EclipseAppHandle.java:208)
	at org.eclipse.core.runtime.internal.adaptor.EclipseAppLauncher.runApplication(EclipseAppLauncher.java:143)
	at org.eclipse.core.runtime.internal.adaptor.EclipseAppLauncher.start(EclipseAppLauncher.java:109)
	at org.eclipse.core.runtime.adaptor.EclipseStarter.run(EclipseStarter.java:439)
	at org.eclipse.core.runtime.adaptor.EclipseStarter.run(EclipseStarter.java:271)
	at java.base/jdk.internal.reflect.NativeMethodAccessorImpl.invoke0(Native Method)
	at java.base/jdk.internal.reflect.NativeMethodAccessorImpl.invoke(Unknown Source)
	at java.base/jdk.internal.reflect.DelegatingMethodAccessorImpl.invoke(Unknown Source)
	at java.base/java.lang.reflect.Method.invoke(Unknown Source)
	at org.jkiss.dbeaver.launcher.DBeaverLauncher.invokeFramework(DBeaverLauncher.java:648)
	at org.jkiss.dbeaver.launcher.DBeaverLauncher.basicRun(DBeaverLauncher.java:608)
	at org.jkiss.dbeaver.launcher.DBeaverLauncher.run(DBeaverLauncher.java:1459)

!ENTRY org.eclipse.ui.workbench 4 2 2024-09-19 14:17:15.673
!MESSAGE Problems occurred when invoking code from plug-in: "org.eclipse.ui.workbench".
!STACK 0
java.lang.NullPointerException: Cannot invoke "org.eclipse.swt.custom.StyledText.getDisplay()" because "styledText" is null
	at org.eclipse.ui.texteditor.AbstractTextEditor.initializeFindScopeColor(AbstractTextEditor.java:3967)
	at org.eclipse.ui.texteditor.AbstractTextEditor.handlePreferenceStoreChanged(AbstractTextEditor.java:4550)
	at org.eclipse.ui.texteditor.AbstractDecoratedTextEditor.handlePreferenceStoreChanged(AbstractDecoratedTextEditor.java:904)
	at org.jkiss.dbeaver.ui.editors.sql.SQLEditorBase.handlePreferenceStoreChanged(SQLEditorBase.java:317)
	at org.eclipse.ui.texteditor.AbstractTextEditor$PropertyChangeListener.propertyChange(AbstractTextEditor.java:723)
	at org.eclipse.ui.preferences.ScopedPreferenceStore$2.run(ScopedPreferenceStore.java:325)
	at org.eclipse.core.runtime.SafeRunner.run(SafeRunner.java:47)
	at org.eclipse.ui.preferences.ScopedPreferenceStore.firePropertyChangeEvent(ScopedPreferenceStore.java:322)
	at org.eclipse.ui.preferences.ScopedPreferenceStore.lambda$0(ScopedPreferenceStore.java:171)
	at org.eclipse.core.internal.preferences.EclipsePreferences.lambda$2(EclipsePreferences.java:828)
	at org.eclipse.core.runtime.SafeRunner.run(SafeRunner.java:47)
	at org.eclipse.core.internal.preferences.EclipsePreferences.firePreferenceEvent(EclipsePreferences.java:828)
	at org.eclipse.core.internal.preferences.EclipsePreferences.remove(EclipsePreferences.java:887)
	at org.eclipse.e4.ui.internal.workbench.swt.PartRenderingEngine$StylingPreferencesHandler.resetOverriddenPreferences(PartRenderingEngine.java:1444)
	at org.eclipse.e4.ui.internal.workbench.swt.PartRenderingEngine$StylingPreferencesHandler.resetOverriddenPreferences(PartRenderingEngine.java:1438)
	at org.eclipse.e4.ui.internal.workbench.swt.PartRenderingEngine$StylingPreferencesHandler.lambda$0(PartRenderingEngine.java:1427)
	at org.eclipse.swt.widgets.EventTable.sendEvent(EventTable.java:91)
	at org.eclipse.swt.widgets.Display.sendEvent(Display.java:4285)
	at org.eclipse.swt.widgets.Display.sendEvent(Display.java:4277)
	at org.eclipse.swt.widgets.Display.release(Display.java:3722)
	at org.eclipse.swt.graphics.Device.dispose(Device.java:335)
	at org.jkiss.dbeaver.ui.app.standalone.DBeaverApplication.start(DBeaverApplication.java:329)
	at org.eclipse.equinox.internal.app.EclipseAppHandle.run(EclipseAppHandle.java:208)
	at org.eclipse.core.runtime.internal.adaptor.EclipseAppLauncher.runApplication(EclipseAppLauncher.java:143)
	at org.eclipse.core.runtime.internal.adaptor.EclipseAppLauncher.start(EclipseAppLauncher.java:109)
	at org.eclipse.core.runtime.adaptor.EclipseStarter.run(EclipseStarter.java:439)
	at org.eclipse.core.runtime.adaptor.EclipseStarter.run(EclipseStarter.java:271)
	at java.base/jdk.internal.reflect.NativeMethodAccessorImpl.invoke0(Native Method)
	at java.base/jdk.internal.reflect.NativeMethodAccessorImpl.invoke(Unknown Source)
	at java.base/jdk.internal.reflect.DelegatingMethodAccessorImpl.invoke(Unknown Source)
	at java.base/java.lang.reflect.Method.invoke(Unknown Source)
	at org.jkiss.dbeaver.launcher.DBeaverLauncher.invokeFramework(DBeaverLauncher.java:648)
	at org.jkiss.dbeaver.launcher.DBeaverLauncher.basicRun(DBeaverLauncher.java:608)
	at org.jkiss.dbeaver.launcher.DBeaverLauncher.run(DBeaverLauncher.java:1459)

!ENTRY org.eclipse.jface 4 0 2024-09-19 14:17:15.674
!MESSAGE 환경 설정 변경 리스너를 인식하지 못하는 오류가 발생했습니다. 자세한 정보는 로그를 확인하십시오.
!STACK 0
java.lang.NullPointerException: Cannot invoke "org.eclipse.swt.custom.StyledText.getDisplay()" because "styledText" is null
	at org.eclipse.ui.texteditor.AbstractTextEditor.initializeFindScopeColor(AbstractTextEditor.java:3967)
	at org.eclipse.ui.texteditor.AbstractTextEditor.handlePreferenceStoreChanged(AbstractTextEditor.java:4550)
	at org.eclipse.ui.texteditor.AbstractDecoratedTextEditor.handlePreferenceStoreChanged(AbstractDecoratedTextEditor.java:904)
	at org.jkiss.dbeaver.ui.editors.sql.SQLEditorBase.handlePreferenceStoreChanged(SQLEditorBase.java:317)
	at org.eclipse.ui.texteditor.AbstractTextEditor$PropertyChangeListener.propertyChange(AbstractTextEditor.java:723)
	at org.eclipse.ui.preferences.ScopedPreferenceStore$2.run(ScopedPreferenceStore.java:325)
	at org.eclipse.core.runtime.SafeRunner.run(SafeRunner.java:47)
	at org.eclipse.ui.preferences.ScopedPreferenceStore.firePropertyChangeEvent(ScopedPreferenceStore.java:322)
	at org.eclipse.ui.preferences.ScopedPreferenceStore.lambda$0(ScopedPreferenceStore.java:171)
	at org.eclipse.core.internal.preferences.EclipsePreferences.lambda$2(EclipsePreferences.java:828)
	at org.eclipse.core.runtime.SafeRunner.run(SafeRunner.java:47)
	at org.eclipse.core.internal.preferences.EclipsePreferences.firePreferenceEvent(EclipsePreferences.java:828)
	at org.eclipse.core.internal.preferences.EclipsePreferences.remove(EclipsePreferences.java:887)
	at org.eclipse.e4.ui.internal.workbench.swt.PartRenderingEngine$StylingPreferencesHandler.resetOverriddenPreferences(PartRenderingEngine.java:1444)
	at org.eclipse.e4.ui.internal.workbench.swt.PartRenderingEngine$StylingPreferencesHandler.resetOverriddenPreferences(PartRenderingEngine.java:1438)
	at org.eclipse.e4.ui.internal.workbench.swt.PartRenderingEngine$StylingPreferencesHandler.lambda$0(PartRenderingEngine.java:1427)
	at org.eclipse.swt.widgets.EventTable.sendEvent(EventTable.java:91)
	at org.eclipse.swt.widgets.Display.sendEvent(Display.java:4285)
	at org.eclipse.swt.widgets.Display.sendEvent(Display.java:4277)
	at org.eclipse.swt.widgets.Display.release(Display.java:3722)
	at org.eclipse.swt.graphics.Device.dispose(Device.java:335)
	at org.jkiss.dbeaver.ui.app.standalone.DBeaverApplication.start(DBeaverApplication.java:329)
	at org.eclipse.equinox.internal.app.EclipseAppHandle.run(EclipseAppHandle.java:208)
	at org.eclipse.core.runtime.internal.adaptor.EclipseAppLauncher.runApplication(EclipseAppLauncher.java:143)
	at org.eclipse.core.runtime.internal.adaptor.EclipseAppLauncher.start(EclipseAppLauncher.java:109)
	at org.eclipse.core.runtime.adaptor.EclipseStarter.run(EclipseStarter.java:439)
	at org.eclipse.core.runtime.adaptor.EclipseStarter.run(EclipseStarter.java:271)
	at java.base/jdk.internal.reflect.NativeMethodAccessorImpl.invoke0(Native Method)
	at java.base/jdk.internal.reflect.NativeMethodAccessorImpl.invoke(Unknown Source)
	at java.base/jdk.internal.reflect.DelegatingMethodAccessorImpl.invoke(Unknown Source)
	at java.base/java.lang.reflect.Method.invoke(Unknown Source)
	at org.jkiss.dbeaver.launcher.DBeaverLauncher.invokeFramework(DBeaverLauncher.java:648)
	at org.jkiss.dbeaver.launcher.DBeaverLauncher.basicRun(DBeaverLauncher.java:608)
	at org.jkiss.dbeaver.launcher.DBeaverLauncher.run(DBeaverLauncher.java:1459)

!ENTRY org.eclipse.ui.workbench 4 2 2024-09-19 14:17:15.674
!MESSAGE Problems occurred when invoking code from plug-in: "org.eclipse.ui.workbench".
!STACK 0
java.lang.NullPointerException: Cannot invoke "org.eclipse.swt.custom.StyledText.getDisplay()" because "styledText" is null
	at org.eclipse.ui.texteditor.AbstractTextEditor.initializeFindScopeColor(AbstractTextEditor.java:3967)
	at org.eclipse.ui.texteditor.AbstractTextEditor.handlePreferenceStoreChanged(AbstractTextEditor.java:4550)
	at org.eclipse.ui.texteditor.AbstractDecoratedTextEditor.handlePreferenceStoreChanged(AbstractDecoratedTextEditor.java:904)
	at org.jkiss.dbeaver.ui.editors.sql.SQLEditorBase.handlePreferenceStoreChanged(SQLEditorBase.java:317)
	at org.eclipse.ui.texteditor.AbstractTextEditor$PropertyChangeListener.propertyChange(AbstractTextEditor.java:723)
	at org.eclipse.ui.preferences.ScopedPreferenceStore$2.run(ScopedPreferenceStore.java:325)
	at org.eclipse.core.runtime.SafeRunner.run(SafeRunner.java:47)
	at org.eclipse.ui.preferences.ScopedPreferenceStore.firePropertyChangeEvent(ScopedPreferenceStore.java:322)
	at org.eclipse.ui.preferences.ScopedPreferenceStore.lambda$0(ScopedPreferenceStore.java:171)
	at org.eclipse.core.internal.preferences.EclipsePreferences.lambda$2(EclipsePreferences.java:828)
	at org.eclipse.core.runtime.SafeRunner.run(SafeRunner.java:47)
	at org.eclipse.core.internal.preferences.EclipsePreferences.firePreferenceEvent(EclipsePreferences.java:828)
	at org.eclipse.core.internal.preferences.EclipsePreferences.remove(EclipsePreferences.java:887)
	at org.eclipse.e4.ui.internal.workbench.swt.PartRenderingEngine$StylingPreferencesHandler.resetOverriddenPreferences(PartRenderingEngine.java:1444)
	at org.eclipse.e4.ui.internal.workbench.swt.PartRenderingEngine$StylingPreferencesHandler.resetOverriddenPreferences(PartRenderingEngine.java:1438)
	at org.eclipse.e4.ui.internal.workbench.swt.PartRenderingEngine$StylingPreferencesHandler.lambda$0(PartRenderingEngine.java:1427)
	at org.eclipse.swt.widgets.EventTable.sendEvent(EventTable.java:91)
	at org.eclipse.swt.widgets.Display.sendEvent(Display.java:4285)
	at org.eclipse.swt.widgets.Display.sendEvent(Display.java:4277)
	at org.eclipse.swt.widgets.Display.release(Display.java:3722)
	at org.eclipse.swt.graphics.Device.dispose(Device.java:335)
	at org.jkiss.dbeaver.ui.app.standalone.DBeaverApplication.start(DBeaverApplication.java:329)
	at org.eclipse.equinox.internal.app.EclipseAppHandle.run(EclipseAppHandle.java:208)
	at org.eclipse.core.runtime.internal.adaptor.EclipseAppLauncher.runApplication(EclipseAppLauncher.java:143)
	at org.eclipse.core.runtime.internal.adaptor.EclipseAppLauncher.start(EclipseAppLauncher.java:109)
	at org.eclipse.core.runtime.adaptor.EclipseStarter.run(EclipseStarter.java:439)
	at org.eclipse.core.runtime.adaptor.EclipseStarter.run(EclipseStarter.java:271)
	at java.base/jdk.internal.reflect.NativeMethodAccessorImpl.invoke0(Native Method)
	at java.base/jdk.internal.reflect.NativeMethodAccessorImpl.invoke(Unknown Source)
	at java.base/jdk.internal.reflect.DelegatingMethodAccessorImpl.invoke(Unknown Source)
	at java.base/java.lang.reflect.Method.invoke(Unknown Source)
	at org.jkiss.dbeaver.launcher.DBeaverLauncher.invokeFramework(DBeaverLauncher.java:648)
	at org.jkiss.dbeaver.launcher.DBeaverLauncher.basicRun(DBeaverLauncher.java:608)
	at org.jkiss.dbeaver.launcher.DBeaverLauncher.run(DBeaverLauncher.java:1459)

!ENTRY org.eclipse.jface 4 0 2024-09-19 14:17:15.675
!MESSAGE 환경 설정 변경 리스너를 인식하지 못하는 오류가 발생했습니다. 자세한 정보는 로그를 확인하십시오.
!STACK 0
java.lang.NullPointerException: Cannot invoke "org.eclipse.swt.custom.StyledText.getDisplay()" because "styledText" is null
	at org.eclipse.ui.texteditor.AbstractTextEditor.initializeFindScopeColor(AbstractTextEditor.java:3967)
	at org.eclipse.ui.texteditor.AbstractTextEditor.handlePreferenceStoreChanged(AbstractTextEditor.java:4550)
	at org.eclipse.ui.texteditor.AbstractDecoratedTextEditor.handlePreferenceStoreChanged(AbstractDecoratedTextEditor.java:904)
	at org.jkiss.dbeaver.ui.editors.sql.SQLEditorBase.handlePreferenceStoreChanged(SQLEditorBase.java:317)
	at org.eclipse.ui.texteditor.AbstractTextEditor$PropertyChangeListener.propertyChange(AbstractTextEditor.java:723)
	at org.eclipse.ui.preferences.ScopedPreferenceStore$2.run(ScopedPreferenceStore.java:325)
	at org.eclipse.core.runtime.SafeRunner.run(SafeRunner.java:47)
	at org.eclipse.ui.preferences.ScopedPreferenceStore.firePropertyChangeEvent(ScopedPreferenceStore.java:322)
	at org.eclipse.ui.preferences.ScopedPreferenceStore.lambda$0(ScopedPreferenceStore.java:171)
	at org.eclipse.core.internal.preferences.EclipsePreferences.lambda$2(EclipsePreferences.java:828)
	at org.eclipse.core.runtime.SafeRunner.run(SafeRunner.java:47)
	at org.eclipse.core.internal.preferences.EclipsePreferences.firePreferenceEvent(EclipsePreferences.java:828)
	at org.eclipse.core.internal.preferences.EclipsePreferences.remove(EclipsePreferences.java:887)
	at org.eclipse.e4.ui.internal.workbench.swt.PartRenderingEngine$StylingPreferencesHandler.resetOverriddenPreferences(PartRenderingEngine.java:1444)
	at org.eclipse.e4.ui.internal.workbench.swt.PartRenderingEngine$StylingPreferencesHandler.resetOverriddenPreferences(PartRenderingEngine.java:1438)
	at org.eclipse.e4.ui.internal.workbench.swt.PartRenderingEngine$StylingPreferencesHandler.lambda$0(PartRenderingEngine.java:1427)
	at org.eclipse.swt.widgets.EventTable.sendEvent(EventTable.java:91)
	at org.eclipse.swt.widgets.Display.sendEvent(Display.java:4285)
	at org.eclipse.swt.widgets.Display.sendEvent(Display.java:4277)
	at org.eclipse.swt.widgets.Display.release(Display.java:3722)
	at org.eclipse.swt.graphics.Device.dispose(Device.java:335)
	at org.jkiss.dbeaver.ui.app.standalone.DBeaverApplication.start(DBeaverApplication.java:329)
	at org.eclipse.equinox.internal.app.EclipseAppHandle.run(EclipseAppHandle.java:208)
	at org.eclipse.core.runtime.internal.adaptor.EclipseAppLauncher.runApplication(EclipseAppLauncher.java:143)
	at org.eclipse.core.runtime.internal.adaptor.EclipseAppLauncher.start(EclipseAppLauncher.java:109)
	at org.eclipse.core.runtime.adaptor.EclipseStarter.run(EclipseStarter.java:439)
	at org.eclipse.core.runtime.adaptor.EclipseStarter.run(EclipseStarter.java:271)
	at java.base/jdk.internal.reflect.NativeMethodAccessorImpl.invoke0(Native Method)
	at java.base/jdk.internal.reflect.NativeMethodAccessorImpl.invoke(Unknown Source)
	at java.base/jdk.internal.reflect.DelegatingMethodAccessorImpl.invoke(Unknown Source)
	at java.base/java.lang.reflect.Method.invoke(Unknown Source)
	at org.jkiss.dbeaver.launcher.DBeaverLauncher.invokeFramework(DBeaverLauncher.java:648)
	at org.jkiss.dbeaver.launcher.DBeaverLauncher.basicRun(DBeaverLauncher.java:608)
	at org.jkiss.dbeaver.launcher.DBeaverLauncher.run(DBeaverLauncher.java:1459)

!ENTRY org.eclipse.ui.workbench 4 2 2024-09-19 14:17:15.676
!MESSAGE Problems occurred when invoking code from plug-in: "org.eclipse.ui.workbench".
!STACK 0
java.lang.NullPointerException: Cannot invoke "java.util.Map.put(Object, Object)" because "this.fAnnotationType2Color" is null
	at org.eclipse.jface.text.source.AnnotationPainter.setAnnotationTypeColor(AnnotationPainter.java:1088)
	at org.eclipse.ui.texteditor.SourceViewerDecorationSupport.handlePreferenceStoreChanged(SourceViewerDecorationSupport.java:588)
	at org.eclipse.ui.preferences.ScopedPreferenceStore$2.run(ScopedPreferenceStore.java:325)
	at org.eclipse.core.runtime.SafeRunner.run(SafeRunner.java:47)
	at org.eclipse.ui.preferences.ScopedPreferenceStore.firePropertyChangeEvent(ScopedPreferenceStore.java:322)
	at org.eclipse.ui.preferences.ScopedPreferenceStore.lambda$0(ScopedPreferenceStore.java:171)
	at org.eclipse.core.internal.preferences.EclipsePreferences.lambda$2(EclipsePreferences.java:828)
	at org.eclipse.core.runtime.SafeRunner.run(SafeRunner.java:47)
	at org.eclipse.core.internal.preferences.EclipsePreferences.firePreferenceEvent(EclipsePreferences.java:828)
	at org.eclipse.core.internal.preferences.EclipsePreferences.remove(EclipsePreferences.java:887)
	at org.eclipse.e4.ui.internal.workbench.swt.PartRenderingEngine$StylingPreferencesHandler.resetOverriddenPreferences(PartRenderingEngine.java:1444)
	at org.eclipse.e4.ui.internal.workbench.swt.PartRenderingEngine$StylingPreferencesHandler.resetOverriddenPreferences(PartRenderingEngine.java:1438)
	at org.eclipse.e4.ui.internal.workbench.swt.PartRenderingEngine$StylingPreferencesHandler.lambda$0(PartRenderingEngine.java:1427)
	at org.eclipse.swt.widgets.EventTable.sendEvent(EventTable.java:91)
	at org.eclipse.swt.widgets.Display.sendEvent(Display.java:4285)
	at org.eclipse.swt.widgets.Display.sendEvent(Display.java:4277)
	at org.eclipse.swt.widgets.Display.release(Display.java:3722)
	at org.eclipse.swt.graphics.Device.dispose(Device.java:335)
	at org.jkiss.dbeaver.ui.app.standalone.DBeaverApplication.start(DBeaverApplication.java:329)
	at org.eclipse.equinox.internal.app.EclipseAppHandle.run(EclipseAppHandle.java:208)
	at org.eclipse.core.runtime.internal.adaptor.EclipseAppLauncher.runApplication(EclipseAppLauncher.java:143)
	at org.eclipse.core.runtime.internal.adaptor.EclipseAppLauncher.start(EclipseAppLauncher.java:109)
	at org.eclipse.core.runtime.adaptor.EclipseStarter.run(EclipseStarter.java:439)
	at org.eclipse.core.runtime.adaptor.EclipseStarter.run(EclipseStarter.java:271)
	at java.base/jdk.internal.reflect.NativeMethodAccessorImpl.invoke0(Native Method)
	at java.base/jdk.internal.reflect.NativeMethodAccessorImpl.invoke(Unknown Source)
	at java.base/jdk.internal.reflect.DelegatingMethodAccessorImpl.invoke(Unknown Source)
	at java.base/java.lang.reflect.Method.invoke(Unknown Source)
	at org.jkiss.dbeaver.launcher.DBeaverLauncher.invokeFramework(DBeaverLauncher.java:648)
	at org.jkiss.dbeaver.launcher.DBeaverLauncher.basicRun(DBeaverLauncher.java:608)
	at org.jkiss.dbeaver.launcher.DBeaverLauncher.run(DBeaverLauncher.java:1459)

!ENTRY org.eclipse.jface 4 0 2024-09-19 14:17:15.676
!MESSAGE 환경 설정 변경 리스너를 인식하지 못하는 오류가 발생했습니다. 자세한 정보는 로그를 확인하십시오.
!STACK 0
java.lang.NullPointerException: Cannot invoke "java.util.Map.put(Object, Object)" because "this.fAnnotationType2Color" is null
	at org.eclipse.jface.text.source.AnnotationPainter.setAnnotationTypeColor(AnnotationPainter.java:1088)
	at org.eclipse.ui.texteditor.SourceViewerDecorationSupport.handlePreferenceStoreChanged(SourceViewerDecorationSupport.java:588)
	at org.eclipse.ui.preferences.ScopedPreferenceStore$2.run(ScopedPreferenceStore.java:325)
	at org.eclipse.core.runtime.SafeRunner.run(SafeRunner.java:47)
	at org.eclipse.ui.preferences.ScopedPreferenceStore.firePropertyChangeEvent(ScopedPreferenceStore.java:322)
	at org.eclipse.ui.preferences.ScopedPreferenceStore.lambda$0(ScopedPreferenceStore.java:171)
	at org.eclipse.core.internal.preferences.EclipsePreferences.lambda$2(EclipsePreferences.java:828)
	at org.eclipse.core.runtime.SafeRunner.run(SafeRunner.java:47)
	at org.eclipse.core.internal.preferences.EclipsePreferences.firePreferenceEvent(EclipsePreferences.java:828)
	at org.eclipse.core.internal.preferences.EclipsePreferences.remove(EclipsePreferences.java:887)
	at org.eclipse.e4.ui.internal.workbench.swt.PartRenderingEngine$StylingPreferencesHandler.resetOverriddenPreferences(PartRenderingEngine.java:1444)
	at org.eclipse.e4.ui.internal.workbench.swt.PartRenderingEngine$StylingPreferencesHandler.resetOverriddenPreferences(PartRenderingEngine.java:1438)
	at org.eclipse.e4.ui.internal.workbench.swt.PartRenderingEngine$StylingPreferencesHandler.lambda$0(PartRenderingEngine.java:1427)
	at org.eclipse.swt.widgets.EventTable.sendEvent(EventTable.java:91)
	at org.eclipse.swt.widgets.Display.sendEvent(Display.java:4285)
	at org.eclipse.swt.widgets.Display.sendEvent(Display.java:4277)
	at org.eclipse.swt.widgets.Display.release(Display.java:3722)
	at org.eclipse.swt.graphics.Device.dispose(Device.java:335)
	at org.jkiss.dbeaver.ui.app.standalone.DBeaverApplication.start(DBeaverApplication.java:329)
	at org.eclipse.equinox.internal.app.EclipseAppHandle.run(EclipseAppHandle.java:208)
	at org.eclipse.core.runtime.internal.adaptor.EclipseAppLauncher.runApplication(EclipseAppLauncher.java:143)
	at org.eclipse.core.runtime.internal.adaptor.EclipseAppLauncher.start(EclipseAppLauncher.java:109)
	at org.eclipse.core.runtime.adaptor.EclipseStarter.run(EclipseStarter.java:439)
	at org.eclipse.core.runtime.adaptor.EclipseStarter.run(EclipseStarter.java:271)
	at java.base/jdk.internal.reflect.NativeMethodAccessorImpl.invoke0(Native Method)
	at java.base/jdk.internal.reflect.NativeMethodAccessorImpl.invoke(Unknown Source)
	at java.base/jdk.internal.reflect.DelegatingMethodAccessorImpl.invoke(Unknown Source)
	at java.base/java.lang.reflect.Method.invoke(Unknown Source)
	at org.jkiss.dbeaver.launcher.DBeaverLauncher.invokeFramework(DBeaverLauncher.java:648)
	at org.jkiss.dbeaver.launcher.DBeaverLauncher.basicRun(DBeaverLauncher.java:608)
	at org.jkiss.dbeaver.launcher.DBeaverLauncher.run(DBeaverLauncher.java:1459)

!ENTRY org.eclipse.ui.workbench 4 2 2024-09-19 14:17:15.677
!MESSAGE Problems occurred when invoking code from plug-in: "org.eclipse.ui.workbench".
!STACK 0
java.lang.NullPointerException: Cannot invoke "java.util.Map.put(Object, Object)" because "this.fAnnotationType2Color" is null
	at org.eclipse.jface.text.source.AnnotationPainter.setAnnotationTypeColor(AnnotationPainter.java:1088)
	at org.eclipse.ui.texteditor.SourceViewerDecorationSupport.handlePreferenceStoreChanged(SourceViewerDecorationSupport.java:588)
	at org.eclipse.ui.preferences.ScopedPreferenceStore$2.run(ScopedPreferenceStore.java:325)
	at org.eclipse.core.runtime.SafeRunner.run(SafeRunner.java:47)
	at org.eclipse.ui.preferences.ScopedPreferenceStore.firePropertyChangeEvent(ScopedPreferenceStore.java:322)
	at org.eclipse.ui.preferences.ScopedPreferenceStore.lambda$0(ScopedPreferenceStore.java:171)
	at org.eclipse.core.internal.preferences.EclipsePreferences.lambda$2(EclipsePreferences.java:828)
	at org.eclipse.core.runtime.SafeRunner.run(SafeRunner.java:47)
	at org.eclipse.core.internal.preferences.EclipsePreferences.firePreferenceEvent(EclipsePreferences.java:828)
	at org.eclipse.core.internal.preferences.EclipsePreferences.remove(EclipsePreferences.java:887)
	at org.eclipse.e4.ui.internal.workbench.swt.PartRenderingEngine$StylingPreferencesHandler.resetOverriddenPreferences(PartRenderingEngine.java:1444)
	at org.eclipse.e4.ui.internal.workbench.swt.PartRenderingEngine$StylingPreferencesHandler.resetOverriddenPreferences(PartRenderingEngine.java:1438)
	at org.eclipse.e4.ui.internal.workbench.swt.PartRenderingEngine$StylingPreferencesHandler.lambda$0(PartRenderingEngine.java:1427)
	at org.eclipse.swt.widgets.EventTable.sendEvent(EventTable.java:91)
	at org.eclipse.swt.widgets.Display.sendEvent(Display.java:4285)
	at org.eclipse.swt.widgets.Display.sendEvent(Display.java:4277)
	at org.eclipse.swt.widgets.Display.release(Display.java:3722)
	at org.eclipse.swt.graphics.Device.dispose(Device.java:335)
	at org.jkiss.dbeaver.ui.app.standalone.DBeaverApplication.start(DBeaverApplication.java:329)
	at org.eclipse.equinox.internal.app.EclipseAppHandle.run(EclipseAppHandle.java:208)
	at org.eclipse.core.runtime.internal.adaptor.EclipseAppLauncher.runApplication(EclipseAppLauncher.java:143)
	at org.eclipse.core.runtime.internal.adaptor.EclipseAppLauncher.start(EclipseAppLauncher.java:109)
	at org.eclipse.core.runtime.adaptor.EclipseStarter.run(EclipseStarter.java:439)
	at org.eclipse.core.runtime.adaptor.EclipseStarter.run(EclipseStarter.java:271)
	at java.base/jdk.internal.reflect.NativeMethodAccessorImpl.invoke0(Native Method)
	at java.base/jdk.internal.reflect.NativeMethodAccessorImpl.invoke(Unknown Source)
	at java.base/jdk.internal.reflect.DelegatingMethodAccessorImpl.invoke(Unknown Source)
	at java.base/java.lang.reflect.Method.invoke(Unknown Source)
	at org.jkiss.dbeaver.launcher.DBeaverLauncher.invokeFramework(DBeaverLauncher.java:648)
	at org.jkiss.dbeaver.launcher.DBeaverLauncher.basicRun(DBeaverLauncher.java:608)
	at org.jkiss.dbeaver.launcher.DBeaverLauncher.run(DBeaverLauncher.java:1459)

!ENTRY org.eclipse.jface 4 0 2024-09-19 14:17:15.677
!MESSAGE 환경 설정 변경 리스너를 인식하지 못하는 오류가 발생했습니다. 자세한 정보는 로그를 확인하십시오.
!STACK 0
java.lang.NullPointerException: Cannot invoke "java.util.Map.put(Object, Object)" because "this.fAnnotationType2Color" is null
	at org.eclipse.jface.text.source.AnnotationPainter.setAnnotationTypeColor(AnnotationPainter.java:1088)
	at org.eclipse.ui.texteditor.SourceViewerDecorationSupport.handlePreferenceStoreChanged(SourceViewerDecorationSupport.java:588)
	at org.eclipse.ui.preferences.ScopedPreferenceStore$2.run(ScopedPreferenceStore.java:325)
	at org.eclipse.core.runtime.SafeRunner.run(SafeRunner.java:47)
	at org.eclipse.ui.preferences.ScopedPreferenceStore.firePropertyChangeEvent(ScopedPreferenceStore.java:322)
	at org.eclipse.ui.preferences.ScopedPreferenceStore.lambda$0(ScopedPreferenceStore.java:171)
	at org.eclipse.core.internal.preferences.EclipsePreferences.lambda$2(EclipsePreferences.java:828)
	at org.eclipse.core.runtime.SafeRunner.run(SafeRunner.java:47)
	at org.eclipse.core.internal.preferences.EclipsePreferences.firePreferenceEvent(EclipsePreferences.java:828)
	at org.eclipse.core.internal.preferences.EclipsePreferences.remove(EclipsePreferences.java:887)
	at org.eclipse.e4.ui.internal.workbench.swt.PartRenderingEngine$StylingPreferencesHandler.resetOverriddenPreferences(PartRenderingEngine.java:1444)
	at org.eclipse.e4.ui.internal.workbench.swt.PartRenderingEngine$StylingPreferencesHandler.resetOverriddenPreferences(PartRenderingEngine.java:1438)
	at org.eclipse.e4.ui.internal.workbench.swt.PartRenderingEngine$StylingPreferencesHandler.lambda$0(PartRenderingEngine.java:1427)
	at org.eclipse.swt.widgets.EventTable.sendEvent(EventTable.java:91)
	at org.eclipse.swt.widgets.Display.sendEvent(Display.java:4285)
	at org.eclipse.swt.widgets.Display.sendEvent(Display.java:4277)
	at org.eclipse.swt.widgets.Display.release(Display.java:3722)
	at org.eclipse.swt.graphics.Device.dispose(Device.java:335)
	at org.jkiss.dbeaver.ui.app.standalone.DBeaverApplication.start(DBeaverApplication.java:329)
	at org.eclipse.equinox.internal.app.EclipseAppHandle.run(EclipseAppHandle.java:208)
	at org.eclipse.core.runtime.internal.adaptor.EclipseAppLauncher.runApplication(EclipseAppLauncher.java:143)
	at org.eclipse.core.runtime.internal.adaptor.EclipseAppLauncher.start(EclipseAppLauncher.java:109)
	at org.eclipse.core.runtime.adaptor.EclipseStarter.run(EclipseStarter.java:439)
	at org.eclipse.core.runtime.adaptor.EclipseStarter.run(EclipseStarter.java:271)
	at java.base/jdk.internal.reflect.NativeMethodAccessorImpl.invoke0(Native Method)
	at java.base/jdk.internal.reflect.NativeMethodAccessorImpl.invoke(Unknown Source)
	at java.base/jdk.internal.reflect.DelegatingMethodAccessorImpl.invoke(Unknown Source)
	at java.base/java.lang.reflect.Method.invoke(Unknown Source)
	at org.jkiss.dbeaver.launcher.DBeaverLauncher.invokeFramework(DBeaverLauncher.java:648)
	at org.jkiss.dbeaver.launcher.DBeaverLauncher.basicRun(DBeaverLauncher.java:608)
	at org.jkiss.dbeaver.launcher.DBeaverLauncher.run(DBeaverLauncher.java:1459)

!ENTRY org.eclipse.ui.workbench 4 2 2024-09-19 14:17:15.678
!MESSAGE Problems occurred when invoking code from plug-in: "org.eclipse.ui.workbench".
!STACK 0
java.lang.NullPointerException: Cannot invoke "java.util.Map.put(Object, Object)" because "this.fAnnotationType2Color" is null
	at org.eclipse.jface.text.source.AnnotationPainter.setAnnotationTypeColor(AnnotationPainter.java:1088)
	at org.eclipse.ui.texteditor.SourceViewerDecorationSupport.handlePreferenceStoreChanged(SourceViewerDecorationSupport.java:588)
	at org.eclipse.ui.preferences.ScopedPreferenceStore$2.run(ScopedPreferenceStore.java:325)
	at org.eclipse.core.runtime.SafeRunner.run(SafeRunner.java:47)
	at org.eclipse.ui.preferences.ScopedPreferenceStore.firePropertyChangeEvent(ScopedPreferenceStore.java:322)
	at org.eclipse.ui.preferences.ScopedPreferenceStore.lambda$0(ScopedPreferenceStore.java:171)
	at org.eclipse.core.internal.preferences.EclipsePreferences.lambda$2(EclipsePreferences.java:828)
	at org.eclipse.core.runtime.SafeRunner.run(SafeRunner.java:47)
	at org.eclipse.core.internal.preferences.EclipsePreferences.firePreferenceEvent(EclipsePreferences.java:828)
	at org.eclipse.core.internal.preferences.EclipsePreferences.remove(EclipsePreferences.java:887)
	at org.eclipse.e4.ui.internal.workbench.swt.PartRenderingEngine$StylingPreferencesHandler.resetOverriddenPreferences(PartRenderingEngine.java:1444)
	at org.eclipse.e4.ui.internal.workbench.swt.PartRenderingEngine$StylingPreferencesHandler.resetOverriddenPreferences(PartRenderingEngine.java:1438)
	at org.eclipse.e4.ui.internal.workbench.swt.PartRenderingEngine$StylingPreferencesHandler.lambda$0(PartRenderingEngine.java:1427)
	at org.eclipse.swt.widgets.EventTable.sendEvent(EventTable.java:91)
	at org.eclipse.swt.widgets.Display.sendEvent(Display.java:4285)
	at org.eclipse.swt.widgets.Display.sendEvent(Display.java:4277)
	at org.eclipse.swt.widgets.Display.release(Display.java:3722)
	at org.eclipse.swt.graphics.Device.dispose(Device.java:335)
	at org.jkiss.dbeaver.ui.app.standalone.DBeaverApplication.start(DBeaverApplication.java:329)
	at org.eclipse.equinox.internal.app.EclipseAppHandle.run(EclipseAppHandle.java:208)
	at org.eclipse.core.runtime.internal.adaptor.EclipseAppLauncher.runApplication(EclipseAppLauncher.java:143)
	at org.eclipse.core.runtime.internal.adaptor.EclipseAppLauncher.start(EclipseAppLauncher.java:109)
	at org.eclipse.core.runtime.adaptor.EclipseStarter.run(EclipseStarter.java:439)
	at org.eclipse.core.runtime.adaptor.EclipseStarter.run(EclipseStarter.java:271)
	at java.base/jdk.internal.reflect.NativeMethodAccessorImpl.invoke0(Native Method)
	at java.base/jdk.internal.reflect.NativeMethodAccessorImpl.invoke(Unknown Source)
	at java.base/jdk.internal.reflect.DelegatingMethodAccessorImpl.invoke(Unknown Source)
	at java.base/java.lang.reflect.Method.invoke(Unknown Source)
	at org.jkiss.dbeaver.launcher.DBeaverLauncher.invokeFramework(DBeaverLauncher.java:648)
	at org.jkiss.dbeaver.launcher.DBeaverLauncher.basicRun(DBeaverLauncher.java:608)
	at org.jkiss.dbeaver.launcher.DBeaverLauncher.run(DBeaverLauncher.java:1459)

!ENTRY org.eclipse.jface 4 0 2024-09-19 14:17:15.678
!MESSAGE 환경 설정 변경 리스너를 인식하지 못하는 오류가 발생했습니다. 자세한 정보는 로그를 확인하십시오.
!STACK 0
java.lang.NullPointerException: Cannot invoke "java.util.Map.put(Object, Object)" because "this.fAnnotationType2Color" is null
	at org.eclipse.jface.text.source.AnnotationPainter.setAnnotationTypeColor(AnnotationPainter.java:1088)
	at org.eclipse.ui.texteditor.SourceViewerDecorationSupport.handlePreferenceStoreChanged(SourceViewerDecorationSupport.java:588)
	at org.eclipse.ui.preferences.ScopedPreferenceStore$2.run(ScopedPreferenceStore.java:325)
	at org.eclipse.core.runtime.SafeRunner.run(SafeRunner.java:47)
	at org.eclipse.ui.preferences.ScopedPreferenceStore.firePropertyChangeEvent(ScopedPreferenceStore.java:322)
	at org.eclipse.ui.preferences.ScopedPreferenceStore.lambda$0(ScopedPreferenceStore.java:171)
	at org.eclipse.core.internal.preferences.EclipsePreferences.lambda$2(EclipsePreferences.java:828)
	at org.eclipse.core.runtime.SafeRunner.run(SafeRunner.java:47)
	at org.eclipse.core.internal.preferences.EclipsePreferences.firePreferenceEvent(EclipsePreferences.java:828)
	at org.eclipse.core.internal.preferences.EclipsePreferences.remove(EclipsePreferences.java:887)
	at org.eclipse.e4.ui.internal.workbench.swt.PartRenderingEngine$StylingPreferencesHandler.resetOverriddenPreferences(PartRenderingEngine.java:1444)
	at org.eclipse.e4.ui.internal.workbench.swt.PartRenderingEngine$StylingPreferencesHandler.resetOverriddenPreferences(PartRenderingEngine.java:1438)
	at org.eclipse.e4.ui.internal.workbench.swt.PartRenderingEngine$StylingPreferencesHandler.lambda$0(PartRenderingEngine.java:1427)
	at org.eclipse.swt.widgets.EventTable.sendEvent(EventTable.java:91)
	at org.eclipse.swt.widgets.Display.sendEvent(Display.java:4285)
	at org.eclipse.swt.widgets.Display.sendEvent(Display.java:4277)
	at org.eclipse.swt.widgets.Display.release(Display.java:3722)
	at org.eclipse.swt.graphics.Device.dispose(Device.java:335)
	at org.jkiss.dbeaver.ui.app.standalone.DBeaverApplication.start(DBeaverApplication.java:329)
	at org.eclipse.equinox.internal.app.EclipseAppHandle.run(EclipseAppHandle.java:208)
	at org.eclipse.core.runtime.internal.adaptor.EclipseAppLauncher.runApplication(EclipseAppLauncher.java:143)
	at org.eclipse.core.runtime.internal.adaptor.EclipseAppLauncher.start(EclipseAppLauncher.java:109)
	at org.eclipse.core.runtime.adaptor.EclipseStarter.run(EclipseStarter.java:439)
	at org.eclipse.core.runtime.adaptor.EclipseStarter.run(EclipseStarter.java:271)
	at java.base/jdk.internal.reflect.NativeMethodAccessorImpl.invoke0(Native Method)
	at java.base/jdk.internal.reflect.NativeMethodAccessorImpl.invoke(Unknown Source)
	at java.base/jdk.internal.reflect.DelegatingMethodAccessorImpl.invoke(Unknown Source)
	at java.base/java.lang.reflect.Method.invoke(Unknown Source)
	at org.jkiss.dbeaver.launcher.DBeaverLauncher.invokeFramework(DBeaverLauncher.java:648)
	at org.jkiss.dbeaver.launcher.DBeaverLauncher.basicRun(DBeaverLauncher.java:608)
	at org.jkiss.dbeaver.launcher.DBeaverLauncher.run(DBeaverLauncher.java:1459)

!ENTRY org.eclipse.ui.workbench 4 2 2024-09-19 14:17:15.679
!MESSAGE Problems occurred when invoking code from plug-in: "org.eclipse.ui.workbench".
!STACK 0
java.lang.NullPointerException: Cannot invoke "java.util.Map.put(Object, Object)" because "this.fAnnotationType2Color" is null
	at org.eclipse.jface.text.source.AnnotationPainter.setAnnotationTypeColor(AnnotationPainter.java:1088)
	at org.eclipse.ui.texteditor.SourceViewerDecorationSupport.handlePreferenceStoreChanged(SourceViewerDecorationSupport.java:588)
	at org.eclipse.ui.preferences.ScopedPreferenceStore$2.run(ScopedPreferenceStore.java:325)
	at org.eclipse.core.runtime.SafeRunner.run(SafeRunner.java:47)
	at org.eclipse.ui.preferences.ScopedPreferenceStore.firePropertyChangeEvent(ScopedPreferenceStore.java:322)
	at org.eclipse.ui.preferences.ScopedPreferenceStore.lambda$0(ScopedPreferenceStore.java:171)
	at org.eclipse.core.internal.preferences.EclipsePreferences.lambda$2(EclipsePreferences.java:828)
	at org.eclipse.core.runtime.SafeRunner.run(SafeRunner.java:47)
	at org.eclipse.core.internal.preferences.EclipsePreferences.firePreferenceEvent(EclipsePreferences.java:828)
	at org.eclipse.core.internal.preferences.EclipsePreferences.remove(EclipsePreferences.java:887)
	at org.eclipse.e4.ui.internal.workbench.swt.PartRenderingEngine$StylingPreferencesHandler.resetOverriddenPreferences(PartRenderingEngine.java:1444)
	at org.eclipse.e4.ui.internal.workbench.swt.PartRenderingEngine$StylingPreferencesHandler.resetOverriddenPreferences(PartRenderingEngine.java:1438)
	at org.eclipse.e4.ui.internal.workbench.swt.PartRenderingEngine$StylingPreferencesHandler.lambda$0(PartRenderingEngine.java:1427)
	at org.eclipse.swt.widgets.EventTable.sendEvent(EventTable.java:91)
	at org.eclipse.swt.widgets.Display.sendEvent(Display.java:4285)
	at org.eclipse.swt.widgets.Display.sendEvent(Display.java:4277)
	at org.eclipse.swt.widgets.Display.release(Display.java:3722)
	at org.eclipse.swt.graphics.Device.dispose(Device.java:335)
	at org.jkiss.dbeaver.ui.app.standalone.DBeaverApplication.start(DBeaverApplication.java:329)
	at org.eclipse.equinox.internal.app.EclipseAppHandle.run(EclipseAppHandle.java:208)
	at org.eclipse.core.runtime.internal.adaptor.EclipseAppLauncher.runApplication(EclipseAppLauncher.java:143)
	at org.eclipse.core.runtime.internal.adaptor.EclipseAppLauncher.start(EclipseAppLauncher.java:109)
	at org.eclipse.core.runtime.adaptor.EclipseStarter.run(EclipseStarter.java:439)
	at org.eclipse.core.runtime.adaptor.EclipseStarter.run(EclipseStarter.java:271)
	at java.base/jdk.internal.reflect.NativeMethodAccessorImpl.invoke0(Native Method)
	at java.base/jdk.internal.reflect.NativeMethodAccessorImpl.invoke(Unknown Source)
	at java.base/jdk.internal.reflect.DelegatingMethodAccessorImpl.invoke(Unknown Source)
	at java.base/java.lang.reflect.Method.invoke(Unknown Source)
	at org.jkiss.dbeaver.launcher.DBeaverLauncher.invokeFramework(DBeaverLauncher.java:648)
	at org.jkiss.dbeaver.launcher.DBeaverLauncher.basicRun(DBeaverLauncher.java:608)
	at org.jkiss.dbeaver.launcher.DBeaverLauncher.run(DBeaverLauncher.java:1459)

!ENTRY org.eclipse.jface 4 0 2024-09-19 14:17:15.679
!MESSAGE 환경 설정 변경 리스너를 인식하지 못하는 오류가 발생했습니다. 자세한 정보는 로그를 확인하십시오.
!STACK 0
java.lang.NullPointerException: Cannot invoke "java.util.Map.put(Object, Object)" because "this.fAnnotationType2Color" is null
	at org.eclipse.jface.text.source.AnnotationPainter.setAnnotationTypeColor(AnnotationPainter.java:1088)
	at org.eclipse.ui.texteditor.SourceViewerDecorationSupport.handlePreferenceStoreChanged(SourceViewerDecorationSupport.java:588)
	at org.eclipse.ui.preferences.ScopedPreferenceStore$2.run(ScopedPreferenceStore.java:325)
	at org.eclipse.core.runtime.SafeRunner.run(SafeRunner.java:47)
	at org.eclipse.ui.preferences.ScopedPreferenceStore.firePropertyChangeEvent(ScopedPreferenceStore.java:322)
	at org.eclipse.ui.preferences.ScopedPreferenceStore.lambda$0(ScopedPreferenceStore.java:171)
	at org.eclipse.core.internal.preferences.EclipsePreferences.lambda$2(EclipsePreferences.java:828)
	at org.eclipse.core.runtime.SafeRunner.run(SafeRunner.java:47)
	at org.eclipse.core.internal.preferences.EclipsePreferences.firePreferenceEvent(EclipsePreferences.java:828)
	at org.eclipse.core.internal.preferences.EclipsePreferences.remove(EclipsePreferences.java:887)
	at org.eclipse.e4.ui.internal.workbench.swt.PartRenderingEngine$StylingPreferencesHandler.resetOverriddenPreferences(PartRenderingEngine.java:1444)
	at org.eclipse.e4.ui.internal.workbench.swt.PartRenderingEngine$StylingPreferencesHandler.resetOverriddenPreferences(PartRenderingEngine.java:1438)
	at org.eclipse.e4.ui.internal.workbench.swt.PartRenderingEngine$StylingPreferencesHandler.lambda$0(PartRenderingEngine.java:1427)
	at org.eclipse.swt.widgets.EventTable.sendEvent(EventTable.java:91)
	at org.eclipse.swt.widgets.Display.sendEvent(Display.java:4285)
	at org.eclipse.swt.widgets.Display.sendEvent(Display.java:4277)
	at org.eclipse.swt.widgets.Display.release(Display.java:3722)
	at org.eclipse.swt.graphics.Device.dispose(Device.java:335)
	at org.jkiss.dbeaver.ui.app.standalone.DBeaverApplication.start(DBeaverApplication.java:329)
	at org.eclipse.equinox.internal.app.EclipseAppHandle.run(EclipseAppHandle.java:208)
	at org.eclipse.core.runtime.internal.adaptor.EclipseAppLauncher.runApplication(EclipseAppLauncher.java:143)
	at org.eclipse.core.runtime.internal.adaptor.EclipseAppLauncher.start(EclipseAppLauncher.java:109)
	at org.eclipse.core.runtime.adaptor.EclipseStarter.run(EclipseStarter.java:439)
	at org.eclipse.core.runtime.adaptor.EclipseStarter.run(EclipseStarter.java:271)
	at java.base/jdk.internal.reflect.NativeMethodAccessorImpl.invoke0(Native Method)
	at java.base/jdk.internal.reflect.NativeMethodAccessorImpl.invoke(Unknown Source)
	at java.base/jdk.internal.reflect.DelegatingMethodAccessorImpl.invoke(Unknown Source)
	at java.base/java.lang.reflect.Method.invoke(Unknown Source)
	at org.jkiss.dbeaver.launcher.DBeaverLauncher.invokeFramework(DBeaverLauncher.java:648)
	at org.jkiss.dbeaver.launcher.DBeaverLauncher.basicRun(DBeaverLauncher.java:608)
	at org.jkiss.dbeaver.launcher.DBeaverLauncher.run(DBeaverLauncher.java:1459)

!ENTRY org.eclipse.ui.workbench 4 2 2024-09-19 14:17:15.680
!MESSAGE Problems occurred when invoking code from plug-in: "org.eclipse.ui.workbench".
!STACK 0
java.lang.NullPointerException: Cannot invoke "java.util.Map.put(Object, Object)" because "this.fAnnotationType2Color" is null
	at org.eclipse.jface.text.source.AnnotationPainter.setAnnotationTypeColor(AnnotationPainter.java:1088)
	at org.eclipse.ui.texteditor.SourceViewerDecorationSupport.handlePreferenceStoreChanged(SourceViewerDecorationSupport.java:588)
	at org.eclipse.ui.preferences.ScopedPreferenceStore$2.run(ScopedPreferenceStore.java:325)
	at org.eclipse.core.runtime.SafeRunner.run(SafeRunner.java:47)
	at org.eclipse.ui.preferences.ScopedPreferenceStore.firePropertyChangeEvent(ScopedPreferenceStore.java:322)
	at org.eclipse.ui.preferences.ScopedPreferenceStore.lambda$0(ScopedPreferenceStore.java:171)
	at org.eclipse.core.internal.preferences.EclipsePreferences.lambda$2(EclipsePreferences.java:828)
	at org.eclipse.core.runtime.SafeRunner.run(SafeRunner.java:47)
	at org.eclipse.core.internal.preferences.EclipsePreferences.firePreferenceEvent(EclipsePreferences.java:828)
	at org.eclipse.core.internal.preferences.EclipsePreferences.remove(EclipsePreferences.java:887)
	at org.eclipse.e4.ui.internal.workbench.swt.PartRenderingEngine$StylingPreferencesHandler.resetOverriddenPreferences(PartRenderingEngine.java:1444)
	at org.eclipse.e4.ui.internal.workbench.swt.PartRenderingEngine$StylingPreferencesHandler.resetOverriddenPreferences(PartRenderingEngine.java:1438)
	at org.eclipse.e4.ui.internal.workbench.swt.PartRenderingEngine$StylingPreferencesHandler.lambda$0(PartRenderingEngine.java:1427)
	at org.eclipse.swt.widgets.EventTable.sendEvent(EventTable.java:91)
	at org.eclipse.swt.widgets.Display.sendEvent(Display.java:4285)
	at org.eclipse.swt.widgets.Display.sendEvent(Display.java:4277)
	at org.eclipse.swt.widgets.Display.release(Display.java:3722)
	at org.eclipse.swt.graphics.Device.dispose(Device.java:335)
	at org.jkiss.dbeaver.ui.app.standalone.DBeaverApplication.start(DBeaverApplication.java:329)
	at org.eclipse.equinox.internal.app.EclipseAppHandle.run(EclipseAppHandle.java:208)
	at org.eclipse.core.runtime.internal.adaptor.EclipseAppLauncher.runApplication(EclipseAppLauncher.java:143)
	at org.eclipse.core.runtime.internal.adaptor.EclipseAppLauncher.start(EclipseAppLauncher.java:109)
	at org.eclipse.core.runtime.adaptor.EclipseStarter.run(EclipseStarter.java:439)
	at org.eclipse.core.runtime.adaptor.EclipseStarter.run(EclipseStarter.java:271)
	at java.base/jdk.internal.reflect.NativeMethodAccessorImpl.invoke0(Native Method)
	at java.base/jdk.internal.reflect.NativeMethodAccessorImpl.invoke(Unknown Source)
	at java.base/jdk.internal.reflect.DelegatingMethodAccessorImpl.invoke(Unknown Source)
	at java.base/java.lang.reflect.Method.invoke(Unknown Source)
	at org.jkiss.dbeaver.launcher.DBeaverLauncher.invokeFramework(DBeaverLauncher.java:648)
	at org.jkiss.dbeaver.launcher.DBeaverLauncher.basicRun(DBeaverLauncher.java:608)
	at org.jkiss.dbeaver.launcher.DBeaverLauncher.run(DBeaverLauncher.java:1459)

!ENTRY org.eclipse.jface 4 0 2024-09-19 14:17:15.680
!MESSAGE 환경 설정 변경 리스너를 인식하지 못하는 오류가 발생했습니다. 자세한 정보는 로그를 확인하십시오.
!STACK 0
java.lang.NullPointerException: Cannot invoke "java.util.Map.put(Object, Object)" because "this.fAnnotationType2Color" is null
	at org.eclipse.jface.text.source.AnnotationPainter.setAnnotationTypeColor(AnnotationPainter.java:1088)
	at org.eclipse.ui.texteditor.SourceViewerDecorationSupport.handlePreferenceStoreChanged(SourceViewerDecorationSupport.java:588)
	at org.eclipse.ui.preferences.ScopedPreferenceStore$2.run(ScopedPreferenceStore.java:325)
	at org.eclipse.core.runtime.SafeRunner.run(SafeRunner.java:47)
	at org.eclipse.ui.preferences.ScopedPreferenceStore.firePropertyChangeEvent(ScopedPreferenceStore.java:322)
	at org.eclipse.ui.preferences.ScopedPreferenceStore.lambda$0(ScopedPreferenceStore.java:171)
	at org.eclipse.core.internal.preferences.EclipsePreferences.lambda$2(EclipsePreferences.java:828)
	at org.eclipse.core.runtime.SafeRunner.run(SafeRunner.java:47)
	at org.eclipse.core.internal.preferences.EclipsePreferences.firePreferenceEvent(EclipsePreferences.java:828)
	at org.eclipse.core.internal.preferences.EclipsePreferences.remove(EclipsePreferences.java:887)
	at org.eclipse.e4.ui.internal.workbench.swt.PartRenderingEngine$StylingPreferencesHandler.resetOverriddenPreferences(PartRenderingEngine.java:1444)
	at org.eclipse.e4.ui.internal.workbench.swt.PartRenderingEngine$StylingPreferencesHandler.resetOverriddenPreferences(PartRenderingEngine.java:1438)
	at org.eclipse.e4.ui.internal.workbench.swt.PartRenderingEngine$StylingPreferencesHandler.lambda$0(PartRenderingEngine.java:1427)
	at org.eclipse.swt.widgets.EventTable.sendEvent(EventTable.java:91)
	at org.eclipse.swt.widgets.Display.sendEvent(Display.java:4285)
	at org.eclipse.swt.widgets.Display.sendEvent(Display.java:4277)
	at org.eclipse.swt.widgets.Display.release(Display.java:3722)
	at org.eclipse.swt.graphics.Device.dispose(Device.java:335)
	at org.jkiss.dbeaver.ui.app.standalone.DBeaverApplication.start(DBeaverApplication.java:329)
	at org.eclipse.equinox.internal.app.EclipseAppHandle.run(EclipseAppHandle.java:208)
	at org.eclipse.core.runtime.internal.adaptor.EclipseAppLauncher.runApplication(EclipseAppLauncher.java:143)
	at org.eclipse.core.runtime.internal.adaptor.EclipseAppLauncher.start(EclipseAppLauncher.java:109)
	at org.eclipse.core.runtime.adaptor.EclipseStarter.run(EclipseStarter.java:439)
	at org.eclipse.core.runtime.adaptor.EclipseStarter.run(EclipseStarter.java:271)
	at java.base/jdk.internal.reflect.NativeMethodAccessorImpl.invoke0(Native Method)
	at java.base/jdk.internal.reflect.NativeMethodAccessorImpl.invoke(Unknown Source)
	at java.base/jdk.internal.reflect.DelegatingMethodAccessorImpl.invoke(Unknown Source)
	at java.base/java.lang.reflect.Method.invoke(Unknown Source)
	at org.jkiss.dbeaver.launcher.DBeaverLauncher.invokeFramework(DBeaverLauncher.java:648)
	at org.jkiss.dbeaver.launcher.DBeaverLauncher.basicRun(DBeaverLauncher.java:608)
	at org.jkiss.dbeaver.launcher.DBeaverLauncher.run(DBeaverLauncher.java:1459)

!ENTRY org.eclipse.ui.workbench 4 2 2024-09-19 14:17:15.681
!MESSAGE Problems occurred when invoking code from plug-in: "org.eclipse.ui.workbench".
!STACK 0
java.lang.NullPointerException: Cannot invoke "java.util.Map.put(Object, Object)" because "this.fAnnotationType2Color" is null
	at org.eclipse.jface.text.source.AnnotationPainter.setAnnotationTypeColor(AnnotationPainter.java:1088)
	at org.eclipse.ui.texteditor.SourceViewerDecorationSupport.handlePreferenceStoreChanged(SourceViewerDecorationSupport.java:588)
	at org.eclipse.ui.preferences.ScopedPreferenceStore$2.run(ScopedPreferenceStore.java:325)
	at org.eclipse.core.runtime.SafeRunner.run(SafeRunner.java:47)
	at org.eclipse.ui.preferences.ScopedPreferenceStore.firePropertyChangeEvent(ScopedPreferenceStore.java:322)
	at org.eclipse.ui.preferences.ScopedPreferenceStore.lambda$0(ScopedPreferenceStore.java:171)
	at org.eclipse.core.internal.preferences.EclipsePreferences.lambda$2(EclipsePreferences.java:828)
	at org.eclipse.core.runtime.SafeRunner.run(SafeRunner.java:47)
	at org.eclipse.core.internal.preferences.EclipsePreferences.firePreferenceEvent(EclipsePreferences.java:828)
	at org.eclipse.core.internal.preferences.EclipsePreferences.remove(EclipsePreferences.java:887)
	at org.eclipse.e4.ui.internal.workbench.swt.PartRenderingEngine$StylingPreferencesHandler.resetOverriddenPreferences(PartRenderingEngine.java:1444)
	at org.eclipse.e4.ui.internal.workbench.swt.PartRenderingEngine$StylingPreferencesHandler.resetOverriddenPreferences(PartRenderingEngine.java:1438)
	at org.eclipse.e4.ui.internal.workbench.swt.PartRenderingEngine$StylingPreferencesHandler.lambda$0(PartRenderingEngine.java:1427)
	at org.eclipse.swt.widgets.EventTable.sendEvent(EventTable.java:91)
	at org.eclipse.swt.widgets.Display.sendEvent(Display.java:4285)
	at org.eclipse.swt.widgets.Display.sendEvent(Display.java:4277)
	at org.eclipse.swt.widgets.Display.release(Display.java:3722)
	at org.eclipse.swt.graphics.Device.dispose(Device.java:335)
	at org.jkiss.dbeaver.ui.app.standalone.DBeaverApplication.start(DBeaverApplication.java:329)
	at org.eclipse.equinox.internal.app.EclipseAppHandle.run(EclipseAppHandle.java:208)
	at org.eclipse.core.runtime.internal.adaptor.EclipseAppLauncher.runApplication(EclipseAppLauncher.java:143)
	at org.eclipse.core.runtime.internal.adaptor.EclipseAppLauncher.start(EclipseAppLauncher.java:109)
	at org.eclipse.core.runtime.adaptor.EclipseStarter.run(EclipseStarter.java:439)
	at org.eclipse.core.runtime.adaptor.EclipseStarter.run(EclipseStarter.java:271)
	at java.base/jdk.internal.reflect.NativeMethodAccessorImpl.invoke0(Native Method)
	at java.base/jdk.internal.reflect.NativeMethodAccessorImpl.invoke(Unknown Source)
	at java.base/jdk.internal.reflect.DelegatingMethodAccessorImpl.invoke(Unknown Source)
	at java.base/java.lang.reflect.Method.invoke(Unknown Source)
	at org.jkiss.dbeaver.launcher.DBeaverLauncher.invokeFramework(DBeaverLauncher.java:648)
	at org.jkiss.dbeaver.launcher.DBeaverLauncher.basicRun(DBeaverLauncher.java:608)
	at org.jkiss.dbeaver.launcher.DBeaverLauncher.run(DBeaverLauncher.java:1459)

!ENTRY org.eclipse.jface 4 0 2024-09-19 14:17:15.681
!MESSAGE 환경 설정 변경 리스너를 인식하지 못하는 오류가 발생했습니다. 자세한 정보는 로그를 확인하십시오.
!STACK 0
java.lang.NullPointerException: Cannot invoke "java.util.Map.put(Object, Object)" because "this.fAnnotationType2Color" is null
	at org.eclipse.jface.text.source.AnnotationPainter.setAnnotationTypeColor(AnnotationPainter.java:1088)
	at org.eclipse.ui.texteditor.SourceViewerDecorationSupport.handlePreferenceStoreChanged(SourceViewerDecorationSupport.java:588)
	at org.eclipse.ui.preferences.ScopedPreferenceStore$2.run(ScopedPreferenceStore.java:325)
	at org.eclipse.core.runtime.SafeRunner.run(SafeRunner.java:47)
	at org.eclipse.ui.preferences.ScopedPreferenceStore.firePropertyChangeEvent(ScopedPreferenceStore.java:322)
	at org.eclipse.ui.preferences.ScopedPreferenceStore.lambda$0(ScopedPreferenceStore.java:171)
	at org.eclipse.core.internal.preferences.EclipsePreferences.lambda$2(EclipsePreferences.java:828)
	at org.eclipse.core.runtime.SafeRunner.run(SafeRunner.java:47)
	at org.eclipse.core.internal.preferences.EclipsePreferences.firePreferenceEvent(EclipsePreferences.java:828)
	at org.eclipse.core.internal.preferences.EclipsePreferences.remove(EclipsePreferences.java:887)
	at org.eclipse.e4.ui.internal.workbench.swt.PartRenderingEngine$StylingPreferencesHandler.resetOverriddenPreferences(PartRenderingEngine.java:1444)
	at org.eclipse.e4.ui.internal.workbench.swt.PartRenderingEngine$StylingPreferencesHandler.resetOverriddenPreferences(PartRenderingEngine.java:1438)
	at org.eclipse.e4.ui.internal.workbench.swt.PartRenderingEngine$StylingPreferencesHandler.lambda$0(PartRenderingEngine.java:1427)
	at org.eclipse.swt.widgets.EventTable.sendEvent(EventTable.java:91)
	at org.eclipse.swt.widgets.Display.sendEvent(Display.java:4285)
	at org.eclipse.swt.widgets.Display.sendEvent(Display.java:4277)
	at org.eclipse.swt.widgets.Display.release(Display.java:3722)
	at org.eclipse.swt.graphics.Device.dispose(Device.java:335)
	at org.jkiss.dbeaver.ui.app.standalone.DBeaverApplication.start(DBeaverApplication.java:329)
	at org.eclipse.equinox.internal.app.EclipseAppHandle.run(EclipseAppHandle.java:208)
	at org.eclipse.core.runtime.internal.adaptor.EclipseAppLauncher.runApplication(EclipseAppLauncher.java:143)
	at org.eclipse.core.runtime.internal.adaptor.EclipseAppLauncher.start(EclipseAppLauncher.java:109)
	at org.eclipse.core.runtime.adaptor.EclipseStarter.run(EclipseStarter.java:439)
	at org.eclipse.core.runtime.adaptor.EclipseStarter.run(EclipseStarter.java:271)
	at java.base/jdk.internal.reflect.NativeMethodAccessorImpl.invoke0(Native Method)
	at java.base/jdk.internal.reflect.NativeMethodAccessorImpl.invoke(Unknown Source)
	at java.base/jdk.internal.reflect.DelegatingMethodAccessorImpl.invoke(Unknown Source)
	at java.base/java.lang.reflect.Method.invoke(Unknown Source)
	at org.jkiss.dbeaver.launcher.DBeaverLauncher.invokeFramework(DBeaverLauncher.java:648)
	at org.jkiss.dbeaver.launcher.DBeaverLauncher.basicRun(DBeaverLauncher.java:608)
	at org.jkiss.dbeaver.launcher.DBeaverLauncher.run(DBeaverLauncher.java:1459)

!ENTRY org.eclipse.ui.workbench 4 2 2024-09-19 14:17:15.682
!MESSAGE Problems occurred when invoking code from plug-in: "org.eclipse.ui.workbench".
!STACK 0
java.lang.NullPointerException: Cannot invoke "java.util.Map.put(Object, Object)" because "this.fAnnotationType2Color" is null
	at org.eclipse.jface.text.source.AnnotationPainter.setAnnotationTypeColor(AnnotationPainter.java:1088)
	at org.eclipse.ui.texteditor.SourceViewerDecorationSupport.handlePreferenceStoreChanged(SourceViewerDecorationSupport.java:588)
	at org.eclipse.ui.preferences.ScopedPreferenceStore$2.run(ScopedPreferenceStore.java:325)
	at org.eclipse.core.runtime.SafeRunner.run(SafeRunner.java:47)
	at org.eclipse.ui.preferences.ScopedPreferenceStore.firePropertyChangeEvent(ScopedPreferenceStore.java:322)
	at org.eclipse.ui.preferences.ScopedPreferenceStore.lambda$0(ScopedPreferenceStore.java:171)
	at org.eclipse.core.internal.preferences.EclipsePreferences.lambda$2(EclipsePreferences.java:828)
	at org.eclipse.core.runtime.SafeRunner.run(SafeRunner.java:47)
	at org.eclipse.core.internal.preferences.EclipsePreferences.firePreferenceEvent(EclipsePreferences.java:828)
	at org.eclipse.core.internal.preferences.EclipsePreferences.remove(EclipsePreferences.java:887)
	at org.eclipse.e4.ui.internal.workbench.swt.PartRenderingEngine$StylingPreferencesHandler.resetOverriddenPreferences(PartRenderingEngine.java:1444)
	at org.eclipse.e4.ui.internal.workbench.swt.PartRenderingEngine$StylingPreferencesHandler.resetOverriddenPreferences(PartRenderingEngine.java:1438)
	at org.eclipse.e4.ui.internal.workbench.swt.PartRenderingEngine$StylingPreferencesHandler.lambda$0(PartRenderingEngine.java:1427)
	at org.eclipse.swt.widgets.EventTable.sendEvent(EventTable.java:91)
	at org.eclipse.swt.widgets.Display.sendEvent(Display.java:4285)
	at org.eclipse.swt.widgets.Display.sendEvent(Display.java:4277)
	at org.eclipse.swt.widgets.Display.release(Display.java:3722)
	at org.eclipse.swt.graphics.Device.dispose(Device.java:335)
	at org.jkiss.dbeaver.ui.app.standalone.DBeaverApplication.start(DBeaverApplication.java:329)
	at org.eclipse.equinox.internal.app.EclipseAppHandle.run(EclipseAppHandle.java:208)
	at org.eclipse.core.runtime.internal.adaptor.EclipseAppLauncher.runApplication(EclipseAppLauncher.java:143)
	at org.eclipse.core.runtime.internal.adaptor.EclipseAppLauncher.start(EclipseAppLauncher.java:109)
	at org.eclipse.core.runtime.adaptor.EclipseStarter.run(EclipseStarter.java:439)
	at org.eclipse.core.runtime.adaptor.EclipseStarter.run(EclipseStarter.java:271)
	at java.base/jdk.internal.reflect.NativeMethodAccessorImpl.invoke0(Native Method)
	at java.base/jdk.internal.reflect.NativeMethodAccessorImpl.invoke(Unknown Source)
	at java.base/jdk.internal.reflect.DelegatingMethodAccessorImpl.invoke(Unknown Source)
	at java.base/java.lang.reflect.Method.invoke(Unknown Source)
	at org.jkiss.dbeaver.launcher.DBeaverLauncher.invokeFramework(DBeaverLauncher.java:648)
	at org.jkiss.dbeaver.launcher.DBeaverLauncher.basicRun(DBeaverLauncher.java:608)
	at org.jkiss.dbeaver.launcher.DBeaverLauncher.run(DBeaverLauncher.java:1459)

!ENTRY org.eclipse.jface 4 0 2024-09-19 14:17:15.682
!MESSAGE 환경 설정 변경 리스너를 인식하지 못하는 오류가 발생했습니다. 자세한 정보는 로그를 확인하십시오.
!STACK 0
java.lang.NullPointerException: Cannot invoke "java.util.Map.put(Object, Object)" because "this.fAnnotationType2Color" is null
	at org.eclipse.jface.text.source.AnnotationPainter.setAnnotationTypeColor(AnnotationPainter.java:1088)
	at org.eclipse.ui.texteditor.SourceViewerDecorationSupport.handlePreferenceStoreChanged(SourceViewerDecorationSupport.java:588)
	at org.eclipse.ui.preferences.ScopedPreferenceStore$2.run(ScopedPreferenceStore.java:325)
	at org.eclipse.core.runtime.SafeRunner.run(SafeRunner.java:47)
	at org.eclipse.ui.preferences.ScopedPreferenceStore.firePropertyChangeEvent(ScopedPreferenceStore.java:322)
	at org.eclipse.ui.preferences.ScopedPreferenceStore.lambda$0(ScopedPreferenceStore.java:171)
	at org.eclipse.core.internal.preferences.EclipsePreferences.lambda$2(EclipsePreferences.java:828)
	at org.eclipse.core.runtime.SafeRunner.run(SafeRunner.java:47)
	at org.eclipse.core.internal.preferences.EclipsePreferences.firePreferenceEvent(EclipsePreferences.java:828)
	at org.eclipse.core.internal.preferences.EclipsePreferences.remove(EclipsePreferences.java:887)
	at org.eclipse.e4.ui.internal.workbench.swt.PartRenderingEngine$StylingPreferencesHandler.resetOverriddenPreferences(PartRenderingEngine.java:1444)
	at org.eclipse.e4.ui.internal.workbench.swt.PartRenderingEngine$StylingPreferencesHandler.resetOverriddenPreferences(PartRenderingEngine.java:1438)
	at org.eclipse.e4.ui.internal.workbench.swt.PartRenderingEngine$StylingPreferencesHandler.lambda$0(PartRenderingEngine.java:1427)
	at org.eclipse.swt.widgets.EventTable.sendEvent(EventTable.java:91)
	at org.eclipse.swt.widgets.Display.sendEvent(Display.java:4285)
	at org.eclipse.swt.widgets.Display.sendEvent(Display.java:4277)
	at org.eclipse.swt.widgets.Display.release(Display.java:3722)
	at org.eclipse.swt.graphics.Device.dispose(Device.java:335)
	at org.jkiss.dbeaver.ui.app.standalone.DBeaverApplication.start(DBeaverApplication.java:329)
	at org.eclipse.equinox.internal.app.EclipseAppHandle.run(EclipseAppHandle.java:208)
	at org.eclipse.core.runtime.internal.adaptor.EclipseAppLauncher.runApplication(EclipseAppLauncher.java:143)
	at org.eclipse.core.runtime.internal.adaptor.EclipseAppLauncher.start(EclipseAppLauncher.java:109)
	at org.eclipse.core.runtime.adaptor.EclipseStarter.run(EclipseStarter.java:439)
	at org.eclipse.core.runtime.adaptor.EclipseStarter.run(EclipseStarter.java:271)
	at java.base/jdk.internal.reflect.NativeMethodAccessorImpl.invoke0(Native Method)
	at java.base/jdk.internal.reflect.NativeMethodAccessorImpl.invoke(Unknown Source)
	at java.base/jdk.internal.reflect.DelegatingMethodAccessorImpl.invoke(Unknown Source)
	at java.base/java.lang.reflect.Method.invoke(Unknown Source)
	at org.jkiss.dbeaver.launcher.DBeaverLauncher.invokeFramework(DBeaverLauncher.java:648)
	at org.jkiss.dbeaver.launcher.DBeaverLauncher.basicRun(DBeaverLauncher.java:608)
	at org.jkiss.dbeaver.launcher.DBeaverLauncher.run(DBeaverLauncher.java:1459)

!ENTRY org.eclipse.ui.workbench 4 2 2024-09-19 14:17:15.683
!MESSAGE Problems occurred when invoking code from plug-in: "org.eclipse.ui.workbench".
!STACK 0
java.lang.NullPointerException: Cannot invoke "java.util.Map.put(Object, Object)" because "this.fAnnotationType2Color" is null
	at org.eclipse.jface.text.source.AnnotationPainter.setAnnotationTypeColor(AnnotationPainter.java:1088)
	at org.eclipse.ui.texteditor.SourceViewerDecorationSupport.handlePreferenceStoreChanged(SourceViewerDecorationSupport.java:588)
	at org.eclipse.ui.preferences.ScopedPreferenceStore$2.run(ScopedPreferenceStore.java:325)
	at org.eclipse.core.runtime.SafeRunner.run(SafeRunner.java:47)
	at org.eclipse.ui.preferences.ScopedPreferenceStore.firePropertyChangeEvent(ScopedPreferenceStore.java:322)
	at org.eclipse.ui.preferences.ScopedPreferenceStore.lambda$0(ScopedPreferenceStore.java:171)
	at org.eclipse.core.internal.preferences.EclipsePreferences.lambda$2(EclipsePreferences.java:828)
	at org.eclipse.core.runtime.SafeRunner.run(SafeRunner.java:47)
	at org.eclipse.core.internal.preferences.EclipsePreferences.firePreferenceEvent(EclipsePreferences.java:828)
	at org.eclipse.core.internal.preferences.EclipsePreferences.remove(EclipsePreferences.java:887)
	at org.eclipse.e4.ui.internal.workbench.swt.PartRenderingEngine$StylingPreferencesHandler.resetOverriddenPreferences(PartRenderingEngine.java:1444)
	at org.eclipse.e4.ui.internal.workbench.swt.PartRenderingEngine$StylingPreferencesHandler.resetOverriddenPreferences(PartRenderingEngine.java:1438)
	at org.eclipse.e4.ui.internal.workbench.swt.PartRenderingEngine$StylingPreferencesHandler.lambda$0(PartRenderingEngine.java:1427)
	at org.eclipse.swt.widgets.EventTable.sendEvent(EventTable.java:91)
	at org.eclipse.swt.widgets.Display.sendEvent(Display.java:4285)
	at org.eclipse.swt.widgets.Display.sendEvent(Display.java:4277)
	at org.eclipse.swt.widgets.Display.release(Display.java:3722)
	at org.eclipse.swt.graphics.Device.dispose(Device.java:335)
	at org.jkiss.dbeaver.ui.app.standalone.DBeaverApplication.start(DBeaverApplication.java:329)
	at org.eclipse.equinox.internal.app.EclipseAppHandle.run(EclipseAppHandle.java:208)
	at org.eclipse.core.runtime.internal.adaptor.EclipseAppLauncher.runApplication(EclipseAppLauncher.java:143)
	at org.eclipse.core.runtime.internal.adaptor.EclipseAppLauncher.start(EclipseAppLauncher.java:109)
	at org.eclipse.core.runtime.adaptor.EclipseStarter.run(EclipseStarter.java:439)
	at org.eclipse.core.runtime.adaptor.EclipseStarter.run(EclipseStarter.java:271)
	at java.base/jdk.internal.reflect.NativeMethodAccessorImpl.invoke0(Native Method)
	at java.base/jdk.internal.reflect.NativeMethodAccessorImpl.invoke(Unknown Source)
	at java.base/jdk.internal.reflect.DelegatingMethodAccessorImpl.invoke(Unknown Source)
	at java.base/java.lang.reflect.Method.invoke(Unknown Source)
	at org.jkiss.dbeaver.launcher.DBeaverLauncher.invokeFramework(DBeaverLauncher.java:648)
	at org.jkiss.dbeaver.launcher.DBeaverLauncher.basicRun(DBeaverLauncher.java:608)
	at org.jkiss.dbeaver.launcher.DBeaverLauncher.run(DBeaverLauncher.java:1459)

!ENTRY org.eclipse.jface 4 0 2024-09-19 14:17:15.683
!MESSAGE 환경 설정 변경 리스너를 인식하지 못하는 오류가 발생했습니다. 자세한 정보는 로그를 확인하십시오.
!STACK 0
java.lang.NullPointerException: Cannot invoke "java.util.Map.put(Object, Object)" because "this.fAnnotationType2Color" is null
	at org.eclipse.jface.text.source.AnnotationPainter.setAnnotationTypeColor(AnnotationPainter.java:1088)
	at org.eclipse.ui.texteditor.SourceViewerDecorationSupport.handlePreferenceStoreChanged(SourceViewerDecorationSupport.java:588)
	at org.eclipse.ui.preferences.ScopedPreferenceStore$2.run(ScopedPreferenceStore.java:325)
	at org.eclipse.core.runtime.SafeRunner.run(SafeRunner.java:47)
	at org.eclipse.ui.preferences.ScopedPreferenceStore.firePropertyChangeEvent(ScopedPreferenceStore.java:322)
	at org.eclipse.ui.preferences.ScopedPreferenceStore.lambda$0(ScopedPreferenceStore.java:171)
	at org.eclipse.core.internal.preferences.EclipsePreferences.lambda$2(EclipsePreferences.java:828)
	at org.eclipse.core.runtime.SafeRunner.run(SafeRunner.java:47)
	at org.eclipse.core.internal.preferences.EclipsePreferences.firePreferenceEvent(EclipsePreferences.java:828)
	at org.eclipse.core.internal.preferences.EclipsePreferences.remove(EclipsePreferences.java:887)
	at org.eclipse.e4.ui.internal.workbench.swt.PartRenderingEngine$StylingPreferencesHandler.resetOverriddenPreferences(PartRenderingEngine.java:1444)
	at org.eclipse.e4.ui.internal.workbench.swt.PartRenderingEngine$StylingPreferencesHandler.resetOverriddenPreferences(PartRenderingEngine.java:1438)
	at org.eclipse.e4.ui.internal.workbench.swt.PartRenderingEngine$StylingPreferencesHandler.lambda$0(PartRenderingEngine.java:1427)
	at org.eclipse.swt.widgets.EventTable.sendEvent(EventTable.java:91)
	at org.eclipse.swt.widgets.Display.sendEvent(Display.java:4285)
	at org.eclipse.swt.widgets.Display.sendEvent(Display.java:4277)
	at org.eclipse.swt.widgets.Display.release(Display.java:3722)
	at org.eclipse.swt.graphics.Device.dispose(Device.java:335)
	at org.jkiss.dbeaver.ui.app.standalone.DBeaverApplication.start(DBeaverApplication.java:329)
	at org.eclipse.equinox.internal.app.EclipseAppHandle.run(EclipseAppHandle.java:208)
	at org.eclipse.core.runtime.internal.adaptor.EclipseAppLauncher.runApplication(EclipseAppLauncher.java:143)
	at org.eclipse.core.runtime.internal.adaptor.EclipseAppLauncher.start(EclipseAppLauncher.java:109)
	at org.eclipse.core.runtime.adaptor.EclipseStarter.run(EclipseStarter.java:439)
	at org.eclipse.core.runtime.adaptor.EclipseStarter.run(EclipseStarter.java:271)
	at java.base/jdk.internal.reflect.NativeMethodAccessorImpl.invoke0(Native Method)
	at java.base/jdk.internal.reflect.NativeMethodAccessorImpl.invoke(Unknown Source)
	at java.base/jdk.internal.reflect.DelegatingMethodAccessorImpl.invoke(Unknown Source)
	at java.base/java.lang.reflect.Method.invoke(Unknown Source)
	at org.jkiss.dbeaver.launcher.DBeaverLauncher.invokeFramework(DBeaverLauncher.java:648)
	at org.jkiss.dbeaver.launcher.DBeaverLauncher.basicRun(DBeaverLauncher.java:608)
	at org.jkiss.dbeaver.launcher.DBeaverLauncher.run(DBeaverLauncher.java:1459)

!ENTRY org.eclipse.ui.workbench 4 2 2024-09-19 14:17:15.684
!MESSAGE Problems occurred when invoking code from plug-in: "org.eclipse.ui.workbench".
!STACK 0
java.lang.NullPointerException: Cannot invoke "java.util.Map.put(Object, Object)" because "this.fAnnotationType2Color" is null
	at org.eclipse.jface.text.source.AnnotationPainter.setAnnotationTypeColor(AnnotationPainter.java:1088)
	at org.eclipse.ui.texteditor.SourceViewerDecorationSupport.handlePreferenceStoreChanged(SourceViewerDecorationSupport.java:588)
	at org.eclipse.ui.preferences.ScopedPreferenceStore$2.run(ScopedPreferenceStore.java:325)
	at org.eclipse.core.runtime.SafeRunner.run(SafeRunner.java:47)
	at org.eclipse.ui.preferences.ScopedPreferenceStore.firePropertyChangeEvent(ScopedPreferenceStore.java:322)
	at org.eclipse.ui.preferences.ScopedPreferenceStore.lambda$0(ScopedPreferenceStore.java:171)
	at org.eclipse.core.internal.preferences.EclipsePreferences.lambda$2(EclipsePreferences.java:828)
	at org.eclipse.core.runtime.SafeRunner.run(SafeRunner.java:47)
	at org.eclipse.core.internal.preferences.EclipsePreferences.firePreferenceEvent(EclipsePreferences.java:828)
	at org.eclipse.core.internal.preferences.EclipsePreferences.remove(EclipsePreferences.java:887)
	at org.eclipse.e4.ui.internal.workbench.swt.PartRenderingEngine$StylingPreferencesHandler.resetOverriddenPreferences(PartRenderingEngine.java:1444)
	at org.eclipse.e4.ui.internal.workbench.swt.PartRenderingEngine$StylingPreferencesHandler.resetOverriddenPreferences(PartRenderingEngine.java:1438)
	at org.eclipse.e4.ui.internal.workbench.swt.PartRenderingEngine$StylingPreferencesHandler.lambda$0(PartRenderingEngine.java:1427)
	at org.eclipse.swt.widgets.EventTable.sendEvent(EventTable.java:91)
	at org.eclipse.swt.widgets.Display.sendEvent(Display.java:4285)
	at org.eclipse.swt.widgets.Display.sendEvent(Display.java:4277)
	at org.eclipse.swt.widgets.Display.release(Display.java:3722)
	at org.eclipse.swt.graphics.Device.dispose(Device.java:335)
	at org.jkiss.dbeaver.ui.app.standalone.DBeaverApplication.start(DBeaverApplication.java:329)
	at org.eclipse.equinox.internal.app.EclipseAppHandle.run(EclipseAppHandle.java:208)
	at org.eclipse.core.runtime.internal.adaptor.EclipseAppLauncher.runApplication(EclipseAppLauncher.java:143)
	at org.eclipse.core.runtime.internal.adaptor.EclipseAppLauncher.start(EclipseAppLauncher.java:109)
	at org.eclipse.core.runtime.adaptor.EclipseStarter.run(EclipseStarter.java:439)
	at org.eclipse.core.runtime.adaptor.EclipseStarter.run(EclipseStarter.java:271)
	at java.base/jdk.internal.reflect.NativeMethodAccessorImpl.invoke0(Native Method)
	at java.base/jdk.internal.reflect.NativeMethodAccessorImpl.invoke(Unknown Source)
	at java.base/jdk.internal.reflect.DelegatingMethodAccessorImpl.invoke(Unknown Source)
	at java.base/java.lang.reflect.Method.invoke(Unknown Source)
	at org.jkiss.dbeaver.launcher.DBeaverLauncher.invokeFramework(DBeaverLauncher.java:648)
	at org.jkiss.dbeaver.launcher.DBeaverLauncher.basicRun(DBeaverLauncher.java:608)
	at org.jkiss.dbeaver.launcher.DBeaverLauncher.run(DBeaverLauncher.java:1459)

!ENTRY org.eclipse.jface 4 0 2024-09-19 14:17:15.684
!MESSAGE 환경 설정 변경 리스너를 인식하지 못하는 오류가 발생했습니다. 자세한 정보는 로그를 확인하십시오.
!STACK 0
java.lang.NullPointerException: Cannot invoke "java.util.Map.put(Object, Object)" because "this.fAnnotationType2Color" is null
	at org.eclipse.jface.text.source.AnnotationPainter.setAnnotationTypeColor(AnnotationPainter.java:1088)
	at org.eclipse.ui.texteditor.SourceViewerDecorationSupport.handlePreferenceStoreChanged(SourceViewerDecorationSupport.java:588)
	at org.eclipse.ui.preferences.ScopedPreferenceStore$2.run(ScopedPreferenceStore.java:325)
	at org.eclipse.core.runtime.SafeRunner.run(SafeRunner.java:47)
	at org.eclipse.ui.preferences.ScopedPreferenceStore.firePropertyChangeEvent(ScopedPreferenceStore.java:322)
	at org.eclipse.ui.preferences.ScopedPreferenceStore.lambda$0(ScopedPreferenceStore.java:171)
	at org.eclipse.core.internal.preferences.EclipsePreferences.lambda$2(EclipsePreferences.java:828)
	at org.eclipse.core.runtime.SafeRunner.run(SafeRunner.java:47)
	at org.eclipse.core.internal.preferences.EclipsePreferences.firePreferenceEvent(EclipsePreferences.java:828)
	at org.eclipse.core.internal.preferences.EclipsePreferences.remove(EclipsePreferences.java:887)
	at org.eclipse.e4.ui.internal.workbench.swt.PartRenderingEngine$StylingPreferencesHandler.resetOverriddenPreferences(PartRenderingEngine.java:1444)
	at org.eclipse.e4.ui.internal.workbench.swt.PartRenderingEngine$StylingPreferencesHandler.resetOverriddenPreferences(PartRenderingEngine.java:1438)
	at org.eclipse.e4.ui.internal.workbench.swt.PartRenderingEngine$StylingPreferencesHandler.lambda$0(PartRenderingEngine.java:1427)
	at org.eclipse.swt.widgets.EventTable.sendEvent(EventTable.java:91)
	at org.eclipse.swt.widgets.Display.sendEvent(Display.java:4285)
	at org.eclipse.swt.widgets.Display.sendEvent(Display.java:4277)
	at org.eclipse.swt.widgets.Display.release(Display.java:3722)
	at org.eclipse.swt.graphics.Device.dispose(Device.java:335)
	at org.jkiss.dbeaver.ui.app.standalone.DBeaverApplication.start(DBeaverApplication.java:329)
	at org.eclipse.equinox.internal.app.EclipseAppHandle.run(EclipseAppHandle.java:208)
	at org.eclipse.core.runtime.internal.adaptor.EclipseAppLauncher.runApplication(EclipseAppLauncher.java:143)
	at org.eclipse.core.runtime.internal.adaptor.EclipseAppLauncher.start(EclipseAppLauncher.java:109)
	at org.eclipse.core.runtime.adaptor.EclipseStarter.run(EclipseStarter.java:439)
	at org.eclipse.core.runtime.adaptor.EclipseStarter.run(EclipseStarter.java:271)
	at java.base/jdk.internal.reflect.NativeMethodAccessorImpl.invoke0(Native Method)
	at java.base/jdk.internal.reflect.NativeMethodAccessorImpl.invoke(Unknown Source)
	at java.base/jdk.internal.reflect.DelegatingMethodAccessorImpl.invoke(Unknown Source)
	at java.base/java.lang.reflect.Method.invoke(Unknown Source)
	at org.jkiss.dbeaver.launcher.DBeaverLauncher.invokeFramework(DBeaverLauncher.java:648)
	at org.jkiss.dbeaver.launcher.DBeaverLauncher.basicRun(DBeaverLauncher.java:608)
	at org.jkiss.dbeaver.launcher.DBeaverLauncher.run(DBeaverLauncher.java:1459)

!ENTRY org.eclipse.ui.workbench 4 2 2024-09-19 14:17:15.685
!MESSAGE Problems occurred when invoking code from plug-in: "org.eclipse.ui.workbench".
!STACK 0
java.lang.NullPointerException: Cannot invoke "java.util.Map.put(Object, Object)" because "this.fAnnotationType2Color" is null
	at org.eclipse.jface.text.source.AnnotationPainter.setAnnotationTypeColor(AnnotationPainter.java:1088)
	at org.eclipse.ui.texteditor.SourceViewerDecorationSupport.handlePreferenceStoreChanged(SourceViewerDecorationSupport.java:588)
	at org.eclipse.ui.preferences.ScopedPreferenceStore$2.run(ScopedPreferenceStore.java:325)
	at org.eclipse.core.runtime.SafeRunner.run(SafeRunner.java:47)
	at org.eclipse.ui.preferences.ScopedPreferenceStore.firePropertyChangeEvent(ScopedPreferenceStore.java:322)
	at org.eclipse.ui.preferences.ScopedPreferenceStore.lambda$0(ScopedPreferenceStore.java:171)
	at org.eclipse.core.internal.preferences.EclipsePreferences.lambda$2(EclipsePreferences.java:828)
	at org.eclipse.core.runtime.SafeRunner.run(SafeRunner.java:47)
	at org.eclipse.core.internal.preferences.EclipsePreferences.firePreferenceEvent(EclipsePreferences.java:828)
	at org.eclipse.core.internal.preferences.EclipsePreferences.remove(EclipsePreferences.java:887)
	at org.eclipse.e4.ui.internal.workbench.swt.PartRenderingEngine$StylingPreferencesHandler.resetOverriddenPreferences(PartRenderingEngine.java:1444)
	at org.eclipse.e4.ui.internal.workbench.swt.PartRenderingEngine$StylingPreferencesHandler.resetOverriddenPreferences(PartRenderingEngine.java:1438)
	at org.eclipse.e4.ui.internal.workbench.swt.PartRenderingEngine$StylingPreferencesHandler.lambda$0(PartRenderingEngine.java:1427)
	at org.eclipse.swt.widgets.EventTable.sendEvent(EventTable.java:91)
	at org.eclipse.swt.widgets.Display.sendEvent(Display.java:4285)
	at org.eclipse.swt.widgets.Display.sendEvent(Display.java:4277)
	at org.eclipse.swt.widgets.Display.release(Display.java:3722)
	at org.eclipse.swt.graphics.Device.dispose(Device.java:335)
	at org.jkiss.dbeaver.ui.app.standalone.DBeaverApplication.start(DBeaverApplication.java:329)
	at org.eclipse.equinox.internal.app.EclipseAppHandle.run(EclipseAppHandle.java:208)
	at org.eclipse.core.runtime.internal.adaptor.EclipseAppLauncher.runApplication(EclipseAppLauncher.java:143)
	at org.eclipse.core.runtime.internal.adaptor.EclipseAppLauncher.start(EclipseAppLauncher.java:109)
	at org.eclipse.core.runtime.adaptor.EclipseStarter.run(EclipseStarter.java:439)
	at org.eclipse.core.runtime.adaptor.EclipseStarter.run(EclipseStarter.java:271)
	at java.base/jdk.internal.reflect.NativeMethodAccessorImpl.invoke0(Native Method)
	at java.base/jdk.internal.reflect.NativeMethodAccessorImpl.invoke(Unknown Source)
	at java.base/jdk.internal.reflect.DelegatingMethodAccessorImpl.invoke(Unknown Source)
	at java.base/java.lang.reflect.Method.invoke(Unknown Source)
	at org.jkiss.dbeaver.launcher.DBeaverLauncher.invokeFramework(DBeaverLauncher.java:648)
	at org.jkiss.dbeaver.launcher.DBeaverLauncher.basicRun(DBeaverLauncher.java:608)
	at org.jkiss.dbeaver.launcher.DBeaverLauncher.run(DBeaverLauncher.java:1459)

!ENTRY org.eclipse.jface 4 0 2024-09-19 14:17:15.686
!MESSAGE 환경 설정 변경 리스너를 인식하지 못하는 오류가 발생했습니다. 자세한 정보는 로그를 확인하십시오.
!STACK 0
java.lang.NullPointerException: Cannot invoke "java.util.Map.put(Object, Object)" because "this.fAnnotationType2Color" is null
	at org.eclipse.jface.text.source.AnnotationPainter.setAnnotationTypeColor(AnnotationPainter.java:1088)
	at org.eclipse.ui.texteditor.SourceViewerDecorationSupport.handlePreferenceStoreChanged(SourceViewerDecorationSupport.java:588)
	at org.eclipse.ui.preferences.ScopedPreferenceStore$2.run(ScopedPreferenceStore.java:325)
	at org.eclipse.core.runtime.SafeRunner.run(SafeRunner.java:47)
	at org.eclipse.ui.preferences.ScopedPreferenceStore.firePropertyChangeEvent(ScopedPreferenceStore.java:322)
	at org.eclipse.ui.preferences.ScopedPreferenceStore.lambda$0(ScopedPreferenceStore.java:171)
	at org.eclipse.core.internal.preferences.EclipsePreferences.lambda$2(EclipsePreferences.java:828)
	at org.eclipse.core.runtime.SafeRunner.run(SafeRunner.java:47)
	at org.eclipse.core.internal.preferences.EclipsePreferences.firePreferenceEvent(EclipsePreferences.java:828)
	at org.eclipse.core.internal.preferences.EclipsePreferences.remove(EclipsePreferences.java:887)
	at org.eclipse.e4.ui.internal.workbench.swt.PartRenderingEngine$StylingPreferencesHandler.resetOverriddenPreferences(PartRenderingEngine.java:1444)
	at org.eclipse.e4.ui.internal.workbench.swt.PartRenderingEngine$StylingPreferencesHandler.resetOverriddenPreferences(PartRenderingEngine.java:1438)
	at org.eclipse.e4.ui.internal.workbench.swt.PartRenderingEngine$StylingPreferencesHandler.lambda$0(PartRenderingEngine.java:1427)
	at org.eclipse.swt.widgets.EventTable.sendEvent(EventTable.java:91)
	at org.eclipse.swt.widgets.Display.sendEvent(Display.java:4285)
	at org.eclipse.swt.widgets.Display.sendEvent(Display.java:4277)
	at org.eclipse.swt.widgets.Display.release(Display.java:3722)
	at org.eclipse.swt.graphics.Device.dispose(Device.java:335)
	at org.jkiss.dbeaver.ui.app.standalone.DBeaverApplication.start(DBeaverApplication.java:329)
	at org.eclipse.equinox.internal.app.EclipseAppHandle.run(EclipseAppHandle.java:208)
	at org.eclipse.core.runtime.internal.adaptor.EclipseAppLauncher.runApplication(EclipseAppLauncher.java:143)
	at org.eclipse.core.runtime.internal.adaptor.EclipseAppLauncher.start(EclipseAppLauncher.java:109)
	at org.eclipse.core.runtime.adaptor.EclipseStarter.run(EclipseStarter.java:439)
	at org.eclipse.core.runtime.adaptor.EclipseStarter.run(EclipseStarter.java:271)
	at java.base/jdk.internal.reflect.NativeMethodAccessorImpl.invoke0(Native Method)
	at java.base/jdk.internal.reflect.NativeMethodAccessorImpl.invoke(Unknown Source)
	at java.base/jdk.internal.reflect.DelegatingMethodAccessorImpl.invoke(Unknown Source)
	at java.base/java.lang.reflect.Method.invoke(Unknown Source)
	at org.jkiss.dbeaver.launcher.DBeaverLauncher.invokeFramework(DBeaverLauncher.java:648)
	at org.jkiss.dbeaver.launcher.DBeaverLauncher.basicRun(DBeaverLauncher.java:608)
	at org.jkiss.dbeaver.launcher.DBeaverLauncher.run(DBeaverLauncher.java:1459)

!ENTRY org.eclipse.ui.workbench 4 2 2024-09-19 14:17:15.686
!MESSAGE Problems occurred when invoking code from plug-in: "org.eclipse.ui.workbench".
!STACK 0
java.lang.NullPointerException: Cannot invoke "java.util.Map.put(Object, Object)" because "this.fAnnotationType2Color" is null
	at org.eclipse.jface.text.source.AnnotationPainter.setAnnotationTypeColor(AnnotationPainter.java:1088)
	at org.eclipse.ui.texteditor.SourceViewerDecorationSupport.showAnnotations(SourceViewerDecorationSupport.java:832)
	at org.eclipse.ui.texteditor.SourceViewerDecorationSupport.handlePreferenceStoreChanged(SourceViewerDecorationSupport.java:599)
	at org.eclipse.ui.preferences.ScopedPreferenceStore$2.run(ScopedPreferenceStore.java:325)
	at org.eclipse.core.runtime.SafeRunner.run(SafeRunner.java:47)
	at org.eclipse.ui.preferences.ScopedPreferenceStore.firePropertyChangeEvent(ScopedPreferenceStore.java:322)
	at org.eclipse.ui.preferences.ScopedPreferenceStore.lambda$0(ScopedPreferenceStore.java:171)
	at org.eclipse.core.internal.preferences.EclipsePreferences.lambda$2(EclipsePreferences.java:828)
	at org.eclipse.core.runtime.SafeRunner.run(SafeRunner.java:47)
	at org.eclipse.core.internal.preferences.EclipsePreferences.firePreferenceEvent(EclipsePreferences.java:828)
	at org.eclipse.core.internal.preferences.EclipsePreferences.remove(EclipsePreferences.java:887)
	at org.eclipse.e4.ui.internal.workbench.swt.PartRenderingEngine$StylingPreferencesHandler.resetOverriddenPreferences(PartRenderingEngine.java:1444)
	at org.eclipse.e4.ui.internal.workbench.swt.PartRenderingEngine$StylingPreferencesHandler.resetOverriddenPreferences(PartRenderingEngine.java:1438)
	at org.eclipse.e4.ui.internal.workbench.swt.PartRenderingEngine$StylingPreferencesHandler.lambda$0(PartRenderingEngine.java:1427)
	at org.eclipse.swt.widgets.EventTable.sendEvent(EventTable.java:91)
	at org.eclipse.swt.widgets.Display.sendEvent(Display.java:4285)
	at org.eclipse.swt.widgets.Display.sendEvent(Display.java:4277)
	at org.eclipse.swt.widgets.Display.release(Display.java:3722)
	at org.eclipse.swt.graphics.Device.dispose(Device.java:335)
	at org.jkiss.dbeaver.ui.app.standalone.DBeaverApplication.start(DBeaverApplication.java:329)
	at org.eclipse.equinox.internal.app.EclipseAppHandle.run(EclipseAppHandle.java:208)
	at org.eclipse.core.runtime.internal.adaptor.EclipseAppLauncher.runApplication(EclipseAppLauncher.java:143)
	at org.eclipse.core.runtime.internal.adaptor.EclipseAppLauncher.start(EclipseAppLauncher.java:109)
	at org.eclipse.core.runtime.adaptor.EclipseStarter.run(EclipseStarter.java:439)
	at org.eclipse.core.runtime.adaptor.EclipseStarter.run(EclipseStarter.java:271)
	at java.base/jdk.internal.reflect.NativeMethodAccessorImpl.invoke0(Native Method)
	at java.base/jdk.internal.reflect.NativeMethodAccessorImpl.invoke(Unknown Source)
	at java.base/jdk.internal.reflect.DelegatingMethodAccessorImpl.invoke(Unknown Source)
	at java.base/java.lang.reflect.Method.invoke(Unknown Source)
	at org.jkiss.dbeaver.launcher.DBeaverLauncher.invokeFramework(DBeaverLauncher.java:648)
	at org.jkiss.dbeaver.launcher.DBeaverLauncher.basicRun(DBeaverLauncher.java:608)
	at org.jkiss.dbeaver.launcher.DBeaverLauncher.run(DBeaverLauncher.java:1459)

!ENTRY org.eclipse.jface 4 0 2024-09-19 14:17:15.687
!MESSAGE 환경 설정 변경 리스너를 인식하지 못하는 오류가 발생했습니다. 자세한 정보는 로그를 확인하십시오.
!STACK 0
java.lang.NullPointerException: Cannot invoke "java.util.Map.put(Object, Object)" because "this.fAnnotationType2Color" is null
	at org.eclipse.jface.text.source.AnnotationPainter.setAnnotationTypeColor(AnnotationPainter.java:1088)
	at org.eclipse.ui.texteditor.SourceViewerDecorationSupport.showAnnotations(SourceViewerDecorationSupport.java:832)
	at org.eclipse.ui.texteditor.SourceViewerDecorationSupport.handlePreferenceStoreChanged(SourceViewerDecorationSupport.java:599)
	at org.eclipse.ui.preferences.ScopedPreferenceStore$2.run(ScopedPreferenceStore.java:325)
	at org.eclipse.core.runtime.SafeRunner.run(SafeRunner.java:47)
	at org.eclipse.ui.preferences.ScopedPreferenceStore.firePropertyChangeEvent(ScopedPreferenceStore.java:322)
	at org.eclipse.ui.preferences.ScopedPreferenceStore.lambda$0(ScopedPreferenceStore.java:171)
	at org.eclipse.core.internal.preferences.EclipsePreferences.lambda$2(EclipsePreferences.java:828)
	at org.eclipse.core.runtime.SafeRunner.run(SafeRunner.java:47)
	at org.eclipse.core.internal.preferences.EclipsePreferences.firePreferenceEvent(EclipsePreferences.java:828)
	at org.eclipse.core.internal.preferences.EclipsePreferences.remove(EclipsePreferences.java:887)
	at org.eclipse.e4.ui.internal.workbench.swt.PartRenderingEngine$StylingPreferencesHandler.resetOverriddenPreferences(PartRenderingEngine.java:1444)
	at org.eclipse.e4.ui.internal.workbench.swt.PartRenderingEngine$StylingPreferencesHandler.resetOverriddenPreferences(PartRenderingEngine.java:1438)
	at org.eclipse.e4.ui.internal.workbench.swt.PartRenderingEngine$StylingPreferencesHandler.lambda$0(PartRenderingEngine.java:1427)
	at org.eclipse.swt.widgets.EventTable.sendEvent(EventTable.java:91)
	at org.eclipse.swt.widgets.Display.sendEvent(Display.java:4285)
	at org.eclipse.swt.widgets.Display.sendEvent(Display.java:4277)
	at org.eclipse.swt.widgets.Display.release(Display.java:3722)
	at org.eclipse.swt.graphics.Device.dispose(Device.java:335)
	at org.jkiss.dbeaver.ui.app.standalone.DBeaverApplication.start(DBeaverApplication.java:329)
	at org.eclipse.equinox.internal.app.EclipseAppHandle.run(EclipseAppHandle.java:208)
	at org.eclipse.core.runtime.internal.adaptor.EclipseAppLauncher.runApplication(EclipseAppLauncher.java:143)
	at org.eclipse.core.runtime.internal.adaptor.EclipseAppLauncher.start(EclipseAppLauncher.java:109)
	at org.eclipse.core.runtime.adaptor.EclipseStarter.run(EclipseStarter.java:439)
	at org.eclipse.core.runtime.adaptor.EclipseStarter.run(EclipseStarter.java:271)
	at java.base/jdk.internal.reflect.NativeMethodAccessorImpl.invoke0(Native Method)
	at java.base/jdk.internal.reflect.NativeMethodAccessorImpl.invoke(Unknown Source)
	at java.base/jdk.internal.reflect.DelegatingMethodAccessorImpl.invoke(Unknown Source)
	at java.base/java.lang.reflect.Method.invoke(Unknown Source)
	at org.jkiss.dbeaver.launcher.DBeaverLauncher.invokeFramework(DBeaverLauncher.java:648)
	at org.jkiss.dbeaver.launcher.DBeaverLauncher.basicRun(DBeaverLauncher.java:608)
	at org.jkiss.dbeaver.launcher.DBeaverLauncher.run(DBeaverLauncher.java:1459)

!ENTRY org.eclipse.ui.workbench 4 2 2024-09-19 14:17:15.687
!MESSAGE Problems occurred when invoking code from plug-in: "org.eclipse.ui.workbench".
!STACK 0
java.lang.NullPointerException: Cannot invoke "java.util.Map.put(Object, Object)" because "this.fAnnotationType2Color" is null
	at org.eclipse.jface.text.source.AnnotationPainter.setAnnotationTypeColor(AnnotationPainter.java:1088)
	at org.eclipse.ui.texteditor.SourceViewerDecorationSupport.showAnnotations(SourceViewerDecorationSupport.java:832)
	at org.eclipse.ui.texteditor.SourceViewerDecorationSupport.handlePreferenceStoreChanged(SourceViewerDecorationSupport.java:599)
	at org.eclipse.ui.preferences.ScopedPreferenceStore$2.run(ScopedPreferenceStore.java:325)
	at org.eclipse.core.runtime.SafeRunner.run(SafeRunner.java:47)
	at org.eclipse.ui.preferences.ScopedPreferenceStore.firePropertyChangeEvent(ScopedPreferenceStore.java:322)
	at org.eclipse.ui.preferences.ScopedPreferenceStore.lambda$0(ScopedPreferenceStore.java:171)
	at org.eclipse.core.internal.preferences.EclipsePreferences.lambda$2(EclipsePreferences.java:828)
	at org.eclipse.core.runtime.SafeRunner.run(SafeRunner.java:47)
	at org.eclipse.core.internal.preferences.EclipsePreferences.firePreferenceEvent(EclipsePreferences.java:828)
	at org.eclipse.core.internal.preferences.EclipsePreferences.remove(EclipsePreferences.java:887)
	at org.eclipse.e4.ui.internal.workbench.swt.PartRenderingEngine$StylingPreferencesHandler.resetOverriddenPreferences(PartRenderingEngine.java:1444)
	at org.eclipse.e4.ui.internal.workbench.swt.PartRenderingEngine$StylingPreferencesHandler.resetOverriddenPreferences(PartRenderingEngine.java:1438)
	at org.eclipse.e4.ui.internal.workbench.swt.PartRenderingEngine$StylingPreferencesHandler.lambda$0(PartRenderingEngine.java:1427)
	at org.eclipse.swt.widgets.EventTable.sendEvent(EventTable.java:91)
	at org.eclipse.swt.widgets.Display.sendEvent(Display.java:4285)
	at org.eclipse.swt.widgets.Display.sendEvent(Display.java:4277)
	at org.eclipse.swt.widgets.Display.release(Display.java:3722)
	at org.eclipse.swt.graphics.Device.dispose(Device.java:335)
	at org.jkiss.dbeaver.ui.app.standalone.DBeaverApplication.start(DBeaverApplication.java:329)
	at org.eclipse.equinox.internal.app.EclipseAppHandle.run(EclipseAppHandle.java:208)
	at org.eclipse.core.runtime.internal.adaptor.EclipseAppLauncher.runApplication(EclipseAppLauncher.java:143)
	at org.eclipse.core.runtime.internal.adaptor.EclipseAppLauncher.start(EclipseAppLauncher.java:109)
	at org.eclipse.core.runtime.adaptor.EclipseStarter.run(EclipseStarter.java:439)
	at org.eclipse.core.runtime.adaptor.EclipseStarter.run(EclipseStarter.java:271)
	at java.base/jdk.internal.reflect.NativeMethodAccessorImpl.invoke0(Native Method)
	at java.base/jdk.internal.reflect.NativeMethodAccessorImpl.invoke(Unknown Source)
	at java.base/jdk.internal.reflect.DelegatingMethodAccessorImpl.invoke(Unknown Source)
	at java.base/java.lang.reflect.Method.invoke(Unknown Source)
	at org.jkiss.dbeaver.launcher.DBeaverLauncher.invokeFramework(DBeaverLauncher.java:648)
	at org.jkiss.dbeaver.launcher.DBeaverLauncher.basicRun(DBeaverLauncher.java:608)
	at org.jkiss.dbeaver.launcher.DBeaverLauncher.run(DBeaverLauncher.java:1459)

!ENTRY org.eclipse.jface 4 0 2024-09-19 14:17:15.688
!MESSAGE 환경 설정 변경 리스너를 인식하지 못하는 오류가 발생했습니다. 자세한 정보는 로그를 확인하십시오.
!STACK 0
java.lang.NullPointerException: Cannot invoke "java.util.Map.put(Object, Object)" because "this.fAnnotationType2Color" is null
	at org.eclipse.jface.text.source.AnnotationPainter.setAnnotationTypeColor(AnnotationPainter.java:1088)
	at org.eclipse.ui.texteditor.SourceViewerDecorationSupport.showAnnotations(SourceViewerDecorationSupport.java:832)
	at org.eclipse.ui.texteditor.SourceViewerDecorationSupport.handlePreferenceStoreChanged(SourceViewerDecorationSupport.java:599)
	at org.eclipse.ui.preferences.ScopedPreferenceStore$2.run(ScopedPreferenceStore.java:325)
	at org.eclipse.core.runtime.SafeRunner.run(SafeRunner.java:47)
	at org.eclipse.ui.preferences.ScopedPreferenceStore.firePropertyChangeEvent(ScopedPreferenceStore.java:322)
	at org.eclipse.ui.preferences.ScopedPreferenceStore.lambda$0(ScopedPreferenceStore.java:171)
	at org.eclipse.core.internal.preferences.EclipsePreferences.lambda$2(EclipsePreferences.java:828)
	at org.eclipse.core.runtime.SafeRunner.run(SafeRunner.java:47)
	at org.eclipse.core.internal.preferences.EclipsePreferences.firePreferenceEvent(EclipsePreferences.java:828)
	at org.eclipse.core.internal.preferences.EclipsePreferences.remove(EclipsePreferences.java:887)
	at org.eclipse.e4.ui.internal.workbench.swt.PartRenderingEngine$StylingPreferencesHandler.resetOverriddenPreferences(PartRenderingEngine.java:1444)
	at org.eclipse.e4.ui.internal.workbench.swt.PartRenderingEngine$StylingPreferencesHandler.resetOverriddenPreferences(PartRenderingEngine.java:1438)
	at org.eclipse.e4.ui.internal.workbench.swt.PartRenderingEngine$StylingPreferencesHandler.lambda$0(PartRenderingEngine.java:1427)
	at org.eclipse.swt.widgets.EventTable.sendEvent(EventTable.java:91)
	at org.eclipse.swt.widgets.Display.sendEvent(Display.java:4285)
	at org.eclipse.swt.widgets.Display.sendEvent(Display.java:4277)
	at org.eclipse.swt.widgets.Display.release(Display.java:3722)
	at org.eclipse.swt.graphics.Device.dispose(Device.java:335)
	at org.jkiss.dbeaver.ui.app.standalone.DBeaverApplication.start(DBeaverApplication.java:329)
	at org.eclipse.equinox.internal.app.EclipseAppHandle.run(EclipseAppHandle.java:208)
	at org.eclipse.core.runtime.internal.adaptor.EclipseAppLauncher.runApplication(EclipseAppLauncher.java:143)
	at org.eclipse.core.runtime.internal.adaptor.EclipseAppLauncher.start(EclipseAppLauncher.java:109)
	at org.eclipse.core.runtime.adaptor.EclipseStarter.run(EclipseStarter.java:439)
	at org.eclipse.core.runtime.adaptor.EclipseStarter.run(EclipseStarter.java:271)
	at java.base/jdk.internal.reflect.NativeMethodAccessorImpl.invoke0(Native Method)
	at java.base/jdk.internal.reflect.NativeMethodAccessorImpl.invoke(Unknown Source)
	at java.base/jdk.internal.reflect.DelegatingMethodAccessorImpl.invoke(Unknown Source)
	at java.base/java.lang.reflect.Method.invoke(Unknown Source)
	at org.jkiss.dbeaver.launcher.DBeaverLauncher.invokeFramework(DBeaverLauncher.java:648)
	at org.jkiss.dbeaver.launcher.DBeaverLauncher.basicRun(DBeaverLauncher.java:608)
	at org.jkiss.dbeaver.launcher.DBeaverLauncher.run(DBeaverLauncher.java:1459)

!ENTRY org.eclipse.ui.workbench 4 2 2024-09-19 14:17:15.688
!MESSAGE Problems occurred when invoking code from plug-in: "org.eclipse.ui.workbench".
!STACK 0
java.lang.NullPointerException: Cannot invoke "java.util.Map.put(Object, Object)" because "this.fAnnotationType2Color" is null
	at org.eclipse.jface.text.source.AnnotationPainter.setAnnotationTypeColor(AnnotationPainter.java:1088)
	at org.eclipse.ui.texteditor.SourceViewerDecorationSupport.showAnnotations(SourceViewerDecorationSupport.java:832)
	at org.eclipse.ui.texteditor.SourceViewerDecorationSupport.handlePreferenceStoreChanged(SourceViewerDecorationSupport.java:599)
	at org.eclipse.ui.preferences.ScopedPreferenceStore$2.run(ScopedPreferenceStore.java:325)
	at org.eclipse.core.runtime.SafeRunner.run(SafeRunner.java:47)
	at org.eclipse.ui.preferences.ScopedPreferenceStore.firePropertyChangeEvent(ScopedPreferenceStore.java:322)
	at org.eclipse.ui.preferences.ScopedPreferenceStore.lambda$0(ScopedPreferenceStore.java:171)
	at org.eclipse.core.internal.preferences.EclipsePreferences.lambda$2(EclipsePreferences.java:828)
	at org.eclipse.core.runtime.SafeRunner.run(SafeRunner.java:47)
	at org.eclipse.core.internal.preferences.EclipsePreferences.firePreferenceEvent(EclipsePreferences.java:828)
	at org.eclipse.core.internal.preferences.EclipsePreferences.remove(EclipsePreferences.java:887)
	at org.eclipse.e4.ui.internal.workbench.swt.PartRenderingEngine$StylingPreferencesHandler.resetOverriddenPreferences(PartRenderingEngine.java:1444)
	at org.eclipse.e4.ui.internal.workbench.swt.PartRenderingEngine$StylingPreferencesHandler.resetOverriddenPreferences(PartRenderingEngine.java:1438)
	at org.eclipse.e4.ui.internal.workbench.swt.PartRenderingEngine$StylingPreferencesHandler.lambda$0(PartRenderingEngine.java:1427)
	at org.eclipse.swt.widgets.EventTable.sendEvent(EventTable.java:91)
	at org.eclipse.swt.widgets.Display.sendEvent(Display.java:4285)
	at org.eclipse.swt.widgets.Display.sendEvent(Display.java:4277)
	at org.eclipse.swt.widgets.Display.release(Display.java:3722)
	at org.eclipse.swt.graphics.Device.dispose(Device.java:335)
	at org.jkiss.dbeaver.ui.app.standalone.DBeaverApplication.start(DBeaverApplication.java:329)
	at org.eclipse.equinox.internal.app.EclipseAppHandle.run(EclipseAppHandle.java:208)
	at org.eclipse.core.runtime.internal.adaptor.EclipseAppLauncher.runApplication(EclipseAppLauncher.java:143)
	at org.eclipse.core.runtime.internal.adaptor.EclipseAppLauncher.start(EclipseAppLauncher.java:109)
	at org.eclipse.core.runtime.adaptor.EclipseStarter.run(EclipseStarter.java:439)
	at org.eclipse.core.runtime.adaptor.EclipseStarter.run(EclipseStarter.java:271)
	at java.base/jdk.internal.reflect.NativeMethodAccessorImpl.invoke0(Native Method)
	at java.base/jdk.internal.reflect.NativeMethodAccessorImpl.invoke(Unknown Source)
	at java.base/jdk.internal.reflect.DelegatingMethodAccessorImpl.invoke(Unknown Source)
	at java.base/java.lang.reflect.Method.invoke(Unknown Source)
	at org.jkiss.dbeaver.launcher.DBeaverLauncher.invokeFramework(DBeaverLauncher.java:648)
	at org.jkiss.dbeaver.launcher.DBeaverLauncher.basicRun(DBeaverLauncher.java:608)
	at org.jkiss.dbeaver.launcher.DBeaverLauncher.run(DBeaverLauncher.java:1459)

!ENTRY org.eclipse.jface 4 0 2024-09-19 14:17:15.689
!MESSAGE 환경 설정 변경 리스너를 인식하지 못하는 오류가 발생했습니다. 자세한 정보는 로그를 확인하십시오.
!STACK 0
java.lang.NullPointerException: Cannot invoke "java.util.Map.put(Object, Object)" because "this.fAnnotationType2Color" is null
	at org.eclipse.jface.text.source.AnnotationPainter.setAnnotationTypeColor(AnnotationPainter.java:1088)
	at org.eclipse.ui.texteditor.SourceViewerDecorationSupport.showAnnotations(SourceViewerDecorationSupport.java:832)
	at org.eclipse.ui.texteditor.SourceViewerDecorationSupport.handlePreferenceStoreChanged(SourceViewerDecorationSupport.java:599)
	at org.eclipse.ui.preferences.ScopedPreferenceStore$2.run(ScopedPreferenceStore.java:325)
	at org.eclipse.core.runtime.SafeRunner.run(SafeRunner.java:47)
	at org.eclipse.ui.preferences.ScopedPreferenceStore.firePropertyChangeEvent(ScopedPreferenceStore.java:322)
	at org.eclipse.ui.preferences.ScopedPreferenceStore.lambda$0(ScopedPreferenceStore.java:171)
	at org.eclipse.core.internal.preferences.EclipsePreferences.lambda$2(EclipsePreferences.java:828)
	at org.eclipse.core.runtime.SafeRunner.run(SafeRunner.java:47)
	at org.eclipse.core.internal.preferences.EclipsePreferences.firePreferenceEvent(EclipsePreferences.java:828)
	at org.eclipse.core.internal.preferences.EclipsePreferences.remove(EclipsePreferences.java:887)
	at org.eclipse.e4.ui.internal.workbench.swt.PartRenderingEngine$StylingPreferencesHandler.resetOverriddenPreferences(PartRenderingEngine.java:1444)
	at org.eclipse.e4.ui.internal.workbench.swt.PartRenderingEngine$StylingPreferencesHandler.resetOverriddenPreferences(PartRenderingEngine.java:1438)
	at org.eclipse.e4.ui.internal.workbench.swt.PartRenderingEngine$StylingPreferencesHandler.lambda$0(PartRenderingEngine.java:1427)
	at org.eclipse.swt.widgets.EventTable.sendEvent(EventTable.java:91)
	at org.eclipse.swt.widgets.Display.sendEvent(Display.java:4285)
	at org.eclipse.swt.widgets.Display.sendEvent(Display.java:4277)
	at org.eclipse.swt.widgets.Display.release(Display.java:3722)
	at org.eclipse.swt.graphics.Device.dispose(Device.java:335)
	at org.jkiss.dbeaver.ui.app.standalone.DBeaverApplication.start(DBeaverApplication.java:329)
	at org.eclipse.equinox.internal.app.EclipseAppHandle.run(EclipseAppHandle.java:208)
	at org.eclipse.core.runtime.internal.adaptor.EclipseAppLauncher.runApplication(EclipseAppLauncher.java:143)
	at org.eclipse.core.runtime.internal.adaptor.EclipseAppLauncher.start(EclipseAppLauncher.java:109)
	at org.eclipse.core.runtime.adaptor.EclipseStarter.run(EclipseStarter.java:439)
	at org.eclipse.core.runtime.adaptor.EclipseStarter.run(EclipseStarter.java:271)
	at java.base/jdk.internal.reflect.NativeMethodAccessorImpl.invoke0(Native Method)
	at java.base/jdk.internal.reflect.NativeMethodAccessorImpl.invoke(Unknown Source)
	at java.base/jdk.internal.reflect.DelegatingMethodAccessorImpl.invoke(Unknown Source)
	at java.base/java.lang.reflect.Method.invoke(Unknown Source)
	at org.jkiss.dbeaver.launcher.DBeaverLauncher.invokeFramework(DBeaverLauncher.java:648)
	at org.jkiss.dbeaver.launcher.DBeaverLauncher.basicRun(DBeaverLauncher.java:608)
	at org.jkiss.dbeaver.launcher.DBeaverLauncher.run(DBeaverLauncher.java:1459)

!ENTRY org.eclipse.ui.workbench 4 2 2024-09-19 14:17:15.689
!MESSAGE Problems occurred when invoking code from plug-in: "org.eclipse.ui.workbench".
!STACK 0
java.lang.NullPointerException: Cannot invoke "java.util.Map.put(Object, Object)" because "this.fAnnotationType2Color" is null
	at org.eclipse.jface.text.source.AnnotationPainter.setAnnotationTypeColor(AnnotationPainter.java:1088)
	at org.eclipse.ui.texteditor.SourceViewerDecorationSupport.showAnnotations(SourceViewerDecorationSupport.java:832)
	at org.eclipse.ui.texteditor.SourceViewerDecorationSupport.handlePreferenceStoreChanged(SourceViewerDecorationSupport.java:599)
	at org.eclipse.ui.preferences.ScopedPreferenceStore$2.run(ScopedPreferenceStore.java:325)
	at org.eclipse.core.runtime.SafeRunner.run(SafeRunner.java:47)
	at org.eclipse.ui.preferences.ScopedPreferenceStore.firePropertyChangeEvent(ScopedPreferenceStore.java:322)
	at org.eclipse.ui.preferences.ScopedPreferenceStore.lambda$0(ScopedPreferenceStore.java:171)
	at org.eclipse.core.internal.preferences.EclipsePreferences.lambda$2(EclipsePreferences.java:828)
	at org.eclipse.core.runtime.SafeRunner.run(SafeRunner.java:47)
	at org.eclipse.core.internal.preferences.EclipsePreferences.firePreferenceEvent(EclipsePreferences.java:828)
	at org.eclipse.core.internal.preferences.EclipsePreferences.remove(EclipsePreferences.java:887)
	at org.eclipse.e4.ui.internal.workbench.swt.PartRenderingEngine$StylingPreferencesHandler.resetOverriddenPreferences(PartRenderingEngine.java:1444)
	at org.eclipse.e4.ui.internal.workbench.swt.PartRenderingEngine$StylingPreferencesHandler.resetOverriddenPreferences(PartRenderingEngine.java:1438)
	at org.eclipse.e4.ui.internal.workbench.swt.PartRenderingEngine$StylingPreferencesHandler.lambda$0(PartRenderingEngine.java:1427)
	at org.eclipse.swt.widgets.EventTable.sendEvent(EventTable.java:91)
	at org.eclipse.swt.widgets.Display.sendEvent(Display.java:4285)
	at org.eclipse.swt.widgets.Display.sendEvent(Display.java:4277)
	at org.eclipse.swt.widgets.Display.release(Display.java:3722)
	at org.eclipse.swt.graphics.Device.dispose(Device.java:335)
	at org.jkiss.dbeaver.ui.app.standalone.DBeaverApplication.start(DBeaverApplication.java:329)
	at org.eclipse.equinox.internal.app.EclipseAppHandle.run(EclipseAppHandle.java:208)
	at org.eclipse.core.runtime.internal.adaptor.EclipseAppLauncher.runApplication(EclipseAppLauncher.java:143)
	at org.eclipse.core.runtime.internal.adaptor.EclipseAppLauncher.start(EclipseAppLauncher.java:109)
	at org.eclipse.core.runtime.adaptor.EclipseStarter.run(EclipseStarter.java:439)
	at org.eclipse.core.runtime.adaptor.EclipseStarter.run(EclipseStarter.java:271)
	at java.base/jdk.internal.reflect.NativeMethodAccessorImpl.invoke0(Native Method)
	at java.base/jdk.internal.reflect.NativeMethodAccessorImpl.invoke(Unknown Source)
	at java.base/jdk.internal.reflect.DelegatingMethodAccessorImpl.invoke(Unknown Source)
	at java.base/java.lang.reflect.Method.invoke(Unknown Source)
	at org.jkiss.dbeaver.launcher.DBeaverLauncher.invokeFramework(DBeaverLauncher.java:648)
	at org.jkiss.dbeaver.launcher.DBeaverLauncher.basicRun(DBeaverLauncher.java:608)
	at org.jkiss.dbeaver.launcher.DBeaverLauncher.run(DBeaverLauncher.java:1459)

!ENTRY org.eclipse.jface 4 0 2024-09-19 14:17:15.690
!MESSAGE 환경 설정 변경 리스너를 인식하지 못하는 오류가 발생했습니다. 자세한 정보는 로그를 확인하십시오.
!STACK 0
java.lang.NullPointerException: Cannot invoke "java.util.Map.put(Object, Object)" because "this.fAnnotationType2Color" is null
	at org.eclipse.jface.text.source.AnnotationPainter.setAnnotationTypeColor(AnnotationPainter.java:1088)
	at org.eclipse.ui.texteditor.SourceViewerDecorationSupport.showAnnotations(SourceViewerDecorationSupport.java:832)
	at org.eclipse.ui.texteditor.SourceViewerDecorationSupport.handlePreferenceStoreChanged(SourceViewerDecorationSupport.java:599)
	at org.eclipse.ui.preferences.ScopedPreferenceStore$2.run(ScopedPreferenceStore.java:325)
	at org.eclipse.core.runtime.SafeRunner.run(SafeRunner.java:47)
	at org.eclipse.ui.preferences.ScopedPreferenceStore.firePropertyChangeEvent(ScopedPreferenceStore.java:322)
	at org.eclipse.ui.preferences.ScopedPreferenceStore.lambda$0(ScopedPreferenceStore.java:171)
	at org.eclipse.core.internal.preferences.EclipsePreferences.lambda$2(EclipsePreferences.java:828)
	at org.eclipse.core.runtime.SafeRunner.run(SafeRunner.java:47)
	at org.eclipse.core.internal.preferences.EclipsePreferences.firePreferenceEvent(EclipsePreferences.java:828)
	at org.eclipse.core.internal.preferences.EclipsePreferences.remove(EclipsePreferences.java:887)
	at org.eclipse.e4.ui.internal.workbench.swt.PartRenderingEngine$StylingPreferencesHandler.resetOverriddenPreferences(PartRenderingEngine.java:1444)
	at org.eclipse.e4.ui.internal.workbench.swt.PartRenderingEngine$StylingPreferencesHandler.resetOverriddenPreferences(PartRenderingEngine.java:1438)
	at org.eclipse.e4.ui.internal.workbench.swt.PartRenderingEngine$StylingPreferencesHandler.lambda$0(PartRenderingEngine.java:1427)
	at org.eclipse.swt.widgets.EventTable.sendEvent(EventTable.java:91)
	at org.eclipse.swt.widgets.Display.sendEvent(Display.java:4285)
	at org.eclipse.swt.widgets.Display.sendEvent(Display.java:4277)
	at org.eclipse.swt.widgets.Display.release(Display.java:3722)
	at org.eclipse.swt.graphics.Device.dispose(Device.java:335)
	at org.jkiss.dbeaver.ui.app.standalone.DBeaverApplication.start(DBeaverApplication.java:329)
	at org.eclipse.equinox.internal.app.EclipseAppHandle.run(EclipseAppHandle.java:208)
	at org.eclipse.core.runtime.internal.adaptor.EclipseAppLauncher.runApplication(EclipseAppLauncher.java:143)
	at org.eclipse.core.runtime.internal.adaptor.EclipseAppLauncher.start(EclipseAppLauncher.java:109)
	at org.eclipse.core.runtime.adaptor.EclipseStarter.run(EclipseStarter.java:439)
	at org.eclipse.core.runtime.adaptor.EclipseStarter.run(EclipseStarter.java:271)
	at java.base/jdk.internal.reflect.NativeMethodAccessorImpl.invoke0(Native Method)
	at java.base/jdk.internal.reflect.NativeMethodAccessorImpl.invoke(Unknown Source)
	at java.base/jdk.internal.reflect.DelegatingMethodAccessorImpl.invoke(Unknown Source)
	at java.base/java.lang.reflect.Method.invoke(Unknown Source)
	at org.jkiss.dbeaver.launcher.DBeaverLauncher.invokeFramework(DBeaverLauncher.java:648)
	at org.jkiss.dbeaver.launcher.DBeaverLauncher.basicRun(DBeaverLauncher.java:608)
	at org.jkiss.dbeaver.launcher.DBeaverLauncher.run(DBeaverLauncher.java:1459)

!ENTRY org.eclipse.ui.workbench 4 2 2024-09-19 14:17:15.690
!MESSAGE Problems occurred when invoking code from plug-in: "org.eclipse.ui.workbench".
!STACK 0
java.lang.NullPointerException: Cannot invoke "java.util.Map.put(Object, Object)" because "this.fAnnotationType2Color" is null
	at org.eclipse.jface.text.source.AnnotationPainter.setAnnotationTypeColor(AnnotationPainter.java:1088)
	at org.eclipse.ui.texteditor.SourceViewerDecorationSupport.handlePreferenceStoreChanged(SourceViewerDecorationSupport.java:588)
	at org.eclipse.ui.preferences.ScopedPreferenceStore$2.run(ScopedPreferenceStore.java:325)
	at org.eclipse.core.runtime.SafeRunner.run(SafeRunner.java:47)
	at org.eclipse.ui.preferences.ScopedPreferenceStore.firePropertyChangeEvent(ScopedPreferenceStore.java:322)
	at org.eclipse.ui.preferences.ScopedPreferenceStore.lambda$0(ScopedPreferenceStore.java:171)
	at org.eclipse.core.internal.preferences.EclipsePreferences.lambda$2(EclipsePreferences.java:828)
	at org.eclipse.core.runtime.SafeRunner.run(SafeRunner.java:47)
	at org.eclipse.core.internal.preferences.EclipsePreferences.firePreferenceEvent(EclipsePreferences.java:828)
	at org.eclipse.core.internal.preferences.EclipsePreferences.remove(EclipsePreferences.java:887)
	at org.eclipse.e4.ui.internal.workbench.swt.PartRenderingEngine$StylingPreferencesHandler.resetOverriddenPreferences(PartRenderingEngine.java:1444)
	at org.eclipse.e4.ui.internal.workbench.swt.PartRenderingEngine$StylingPreferencesHandler.resetOverriddenPreferences(PartRenderingEngine.java:1438)
	at org.eclipse.e4.ui.internal.workbench.swt.PartRenderingEngine$StylingPreferencesHandler.lambda$0(PartRenderingEngine.java:1427)
	at org.eclipse.swt.widgets.EventTable.sendEvent(EventTable.java:91)
	at org.eclipse.swt.widgets.Display.sendEvent(Display.java:4285)
	at org.eclipse.swt.widgets.Display.sendEvent(Display.java:4277)
	at org.eclipse.swt.widgets.Display.release(Display.java:3722)
	at org.eclipse.swt.graphics.Device.dispose(Device.java:335)
	at org.jkiss.dbeaver.ui.app.standalone.DBeaverApplication.start(DBeaverApplication.java:329)
	at org.eclipse.equinox.internal.app.EclipseAppHandle.run(EclipseAppHandle.java:208)
	at org.eclipse.core.runtime.internal.adaptor.EclipseAppLauncher.runApplication(EclipseAppLauncher.java:143)
	at org.eclipse.core.runtime.internal.adaptor.EclipseAppLauncher.start(EclipseAppLauncher.java:109)
	at org.eclipse.core.runtime.adaptor.EclipseStarter.run(EclipseStarter.java:439)
	at org.eclipse.core.runtime.adaptor.EclipseStarter.run(EclipseStarter.java:271)
	at java.base/jdk.internal.reflect.NativeMethodAccessorImpl.invoke0(Native Method)
	at java.base/jdk.internal.reflect.NativeMethodAccessorImpl.invoke(Unknown Source)
	at java.base/jdk.internal.reflect.DelegatingMethodAccessorImpl.invoke(Unknown Source)
	at java.base/java.lang.reflect.Method.invoke(Unknown Source)
	at org.jkiss.dbeaver.launcher.DBeaverLauncher.invokeFramework(DBeaverLauncher.java:648)
	at org.jkiss.dbeaver.launcher.DBeaverLauncher.basicRun(DBeaverLauncher.java:608)
	at org.jkiss.dbeaver.launcher.DBeaverLauncher.run(DBeaverLauncher.java:1459)

!ENTRY org.eclipse.jface 4 0 2024-09-19 14:17:15.691
!MESSAGE 환경 설정 변경 리스너를 인식하지 못하는 오류가 발생했습니다. 자세한 정보는 로그를 확인하십시오.
!STACK 0
java.lang.NullPointerException: Cannot invoke "java.util.Map.put(Object, Object)" because "this.fAnnotationType2Color" is null
	at org.eclipse.jface.text.source.AnnotationPainter.setAnnotationTypeColor(AnnotationPainter.java:1088)
	at org.eclipse.ui.texteditor.SourceViewerDecorationSupport.handlePreferenceStoreChanged(SourceViewerDecorationSupport.java:588)
	at org.eclipse.ui.preferences.ScopedPreferenceStore$2.run(ScopedPreferenceStore.java:325)
	at org.eclipse.core.runtime.SafeRunner.run(SafeRunner.java:47)
	at org.eclipse.ui.preferences.ScopedPreferenceStore.firePropertyChangeEvent(ScopedPreferenceStore.java:322)
	at org.eclipse.ui.preferences.ScopedPreferenceStore.lambda$0(ScopedPreferenceStore.java:171)
	at org.eclipse.core.internal.preferences.EclipsePreferences.lambda$2(EclipsePreferences.java:828)
	at org.eclipse.core.runtime.SafeRunner.run(SafeRunner.java:47)
	at org.eclipse.core.internal.preferences.EclipsePreferences.firePreferenceEvent(EclipsePreferences.java:828)
	at org.eclipse.core.internal.preferences.EclipsePreferences.remove(EclipsePreferences.java:887)
	at org.eclipse.e4.ui.internal.workbench.swt.PartRenderingEngine$StylingPreferencesHandler.resetOverriddenPreferences(PartRenderingEngine.java:1444)
	at org.eclipse.e4.ui.internal.workbench.swt.PartRenderingEngine$StylingPreferencesHandler.resetOverriddenPreferences(PartRenderingEngine.java:1438)
	at org.eclipse.e4.ui.internal.workbench.swt.PartRenderingEngine$StylingPreferencesHandler.lambda$0(PartRenderingEngine.java:1427)
	at org.eclipse.swt.widgets.EventTable.sendEvent(EventTable.java:91)
	at org.eclipse.swt.widgets.Display.sendEvent(Display.java:4285)
	at org.eclipse.swt.widgets.Display.sendEvent(Display.java:4277)
	at org.eclipse.swt.widgets.Display.release(Display.java:3722)
	at org.eclipse.swt.graphics.Device.dispose(Device.java:335)
	at org.jkiss.dbeaver.ui.app.standalone.DBeaverApplication.start(DBeaverApplication.java:329)
	at org.eclipse.equinox.internal.app.EclipseAppHandle.run(EclipseAppHandle.java:208)
	at org.eclipse.core.runtime.internal.adaptor.EclipseAppLauncher.runApplication(EclipseAppLauncher.java:143)
	at org.eclipse.core.runtime.internal.adaptor.EclipseAppLauncher.start(EclipseAppLauncher.java:109)
	at org.eclipse.core.runtime.adaptor.EclipseStarter.run(EclipseStarter.java:439)
	at org.eclipse.core.runtime.adaptor.EclipseStarter.run(EclipseStarter.java:271)
	at java.base/jdk.internal.reflect.NativeMethodAccessorImpl.invoke0(Native Method)
	at java.base/jdk.internal.reflect.NativeMethodAccessorImpl.invoke(Unknown Source)
	at java.base/jdk.internal.reflect.DelegatingMethodAccessorImpl.invoke(Unknown Source)
	at java.base/java.lang.reflect.Method.invoke(Unknown Source)
	at org.jkiss.dbeaver.launcher.DBeaverLauncher.invokeFramework(DBeaverLauncher.java:648)
	at org.jkiss.dbeaver.launcher.DBeaverLauncher.basicRun(DBeaverLauncher.java:608)
	at org.jkiss.dbeaver.launcher.DBeaverLauncher.run(DBeaverLauncher.java:1459)

!ENTRY org.eclipse.ui.workbench 4 2 2024-09-19 14:17:15.691
!MESSAGE Problems occurred when invoking code from plug-in: "org.eclipse.ui.workbench".
!STACK 0
java.lang.NullPointerException: Cannot invoke "java.util.Map.put(Object, Object)" because "this.fAnnotationType2Color" is null
	at org.eclipse.jface.text.source.AnnotationPainter.setAnnotationTypeColor(AnnotationPainter.java:1088)
	at org.eclipse.ui.texteditor.SourceViewerDecorationSupport.handlePreferenceStoreChanged(SourceViewerDecorationSupport.java:588)
	at org.eclipse.ui.preferences.ScopedPreferenceStore$2.run(ScopedPreferenceStore.java:325)
	at org.eclipse.core.runtime.SafeRunner.run(SafeRunner.java:47)
	at org.eclipse.ui.preferences.ScopedPreferenceStore.firePropertyChangeEvent(ScopedPreferenceStore.java:322)
	at org.eclipse.ui.preferences.ScopedPreferenceStore.lambda$0(ScopedPreferenceStore.java:171)
	at org.eclipse.core.internal.preferences.EclipsePreferences.lambda$2(EclipsePreferences.java:828)
	at org.eclipse.core.runtime.SafeRunner.run(SafeRunner.java:47)
	at org.eclipse.core.internal.preferences.EclipsePreferences.firePreferenceEvent(EclipsePreferences.java:828)
	at org.eclipse.core.internal.preferences.EclipsePreferences.remove(EclipsePreferences.java:887)
	at org.eclipse.e4.ui.internal.workbench.swt.PartRenderingEngine$StylingPreferencesHandler.resetOverriddenPreferences(PartRenderingEngine.java:1444)
	at org.eclipse.e4.ui.internal.workbench.swt.PartRenderingEngine$StylingPreferencesHandler.resetOverriddenPreferences(PartRenderingEngine.java:1438)
	at org.eclipse.e4.ui.internal.workbench.swt.PartRenderingEngine$StylingPreferencesHandler.lambda$0(PartRenderingEngine.java:1427)
	at org.eclipse.swt.widgets.EventTable.sendEvent(EventTable.java:91)
	at org.eclipse.swt.widgets.Display.sendEvent(Display.java:4285)
	at org.eclipse.swt.widgets.Display.sendEvent(Display.java:4277)
	at org.eclipse.swt.widgets.Display.release(Display.java:3722)
	at org.eclipse.swt.graphics.Device.dispose(Device.java:335)
	at org.jkiss.dbeaver.ui.app.standalone.DBeaverApplication.start(DBeaverApplication.java:329)
	at org.eclipse.equinox.internal.app.EclipseAppHandle.run(EclipseAppHandle.java:208)
	at org.eclipse.core.runtime.internal.adaptor.EclipseAppLauncher.runApplication(EclipseAppLauncher.java:143)
	at org.eclipse.core.runtime.internal.adaptor.EclipseAppLauncher.start(EclipseAppLauncher.java:109)
	at org.eclipse.core.runtime.adaptor.EclipseStarter.run(EclipseStarter.java:439)
	at org.eclipse.core.runtime.adaptor.EclipseStarter.run(EclipseStarter.java:271)
	at java.base/jdk.internal.reflect.NativeMethodAccessorImpl.invoke0(Native Method)
	at java.base/jdk.internal.reflect.NativeMethodAccessorImpl.invoke(Unknown Source)
	at java.base/jdk.internal.reflect.DelegatingMethodAccessorImpl.invoke(Unknown Source)
	at java.base/java.lang.reflect.Method.invoke(Unknown Source)
	at org.jkiss.dbeaver.launcher.DBeaverLauncher.invokeFramework(DBeaverLauncher.java:648)
	at org.jkiss.dbeaver.launcher.DBeaverLauncher.basicRun(DBeaverLauncher.java:608)
	at org.jkiss.dbeaver.launcher.DBeaverLauncher.run(DBeaverLauncher.java:1459)

!ENTRY org.eclipse.jface 4 0 2024-09-19 14:17:15.692
!MESSAGE 환경 설정 변경 리스너를 인식하지 못하는 오류가 발생했습니다. 자세한 정보는 로그를 확인하십시오.
!STACK 0
java.lang.NullPointerException: Cannot invoke "java.util.Map.put(Object, Object)" because "this.fAnnotationType2Color" is null
	at org.eclipse.jface.text.source.AnnotationPainter.setAnnotationTypeColor(AnnotationPainter.java:1088)
	at org.eclipse.ui.texteditor.SourceViewerDecorationSupport.handlePreferenceStoreChanged(SourceViewerDecorationSupport.java:588)
	at org.eclipse.ui.preferences.ScopedPreferenceStore$2.run(ScopedPreferenceStore.java:325)
	at org.eclipse.core.runtime.SafeRunner.run(SafeRunner.java:47)
	at org.eclipse.ui.preferences.ScopedPreferenceStore.firePropertyChangeEvent(ScopedPreferenceStore.java:322)
	at org.eclipse.ui.preferences.ScopedPreferenceStore.lambda$0(ScopedPreferenceStore.java:171)
	at org.eclipse.core.internal.preferences.EclipsePreferences.lambda$2(EclipsePreferences.java:828)
	at org.eclipse.core.runtime.SafeRunner.run(SafeRunner.java:47)
	at org.eclipse.core.internal.preferences.EclipsePreferences.firePreferenceEvent(EclipsePreferences.java:828)
	at org.eclipse.core.internal.preferences.EclipsePreferences.remove(EclipsePreferences.java:887)
	at org.eclipse.e4.ui.internal.workbench.swt.PartRenderingEngine$StylingPreferencesHandler.resetOverriddenPreferences(PartRenderingEngine.java:1444)
	at org.eclipse.e4.ui.internal.workbench.swt.PartRenderingEngine$StylingPreferencesHandler.resetOverriddenPreferences(PartRenderingEngine.java:1438)
	at org.eclipse.e4.ui.internal.workbench.swt.PartRenderingEngine$StylingPreferencesHandler.lambda$0(PartRenderingEngine.java:1427)
	at org.eclipse.swt.widgets.EventTable.sendEvent(EventTable.java:91)
	at org.eclipse.swt.widgets.Display.sendEvent(Display.java:4285)
	at org.eclipse.swt.widgets.Display.sendEvent(Display.java:4277)
	at org.eclipse.swt.widgets.Display.release(Display.java:3722)
	at org.eclipse.swt.graphics.Device.dispose(Device.java:335)
	at org.jkiss.dbeaver.ui.app.standalone.DBeaverApplication.start(DBeaverApplication.java:329)
	at org.eclipse.equinox.internal.app.EclipseAppHandle.run(EclipseAppHandle.java:208)
	at org.eclipse.core.runtime.internal.adaptor.EclipseAppLauncher.runApplication(EclipseAppLauncher.java:143)
	at org.eclipse.core.runtime.internal.adaptor.EclipseAppLauncher.start(EclipseAppLauncher.java:109)
	at org.eclipse.core.runtime.adaptor.EclipseStarter.run(EclipseStarter.java:439)
	at org.eclipse.core.runtime.adaptor.EclipseStarter.run(EclipseStarter.java:271)
	at java.base/jdk.internal.reflect.NativeMethodAccessorImpl.invoke0(Native Method)
	at java.base/jdk.internal.reflect.NativeMethodAccessorImpl.invoke(Unknown Source)
	at java.base/jdk.internal.reflect.DelegatingMethodAccessorImpl.invoke(Unknown Source)
	at java.base/java.lang.reflect.Method.invoke(Unknown Source)
	at org.jkiss.dbeaver.launcher.DBeaverLauncher.invokeFramework(DBeaverLauncher.java:648)
	at org.jkiss.dbeaver.launcher.DBeaverLauncher.basicRun(DBeaverLauncher.java:608)
	at org.jkiss.dbeaver.launcher.DBeaverLauncher.run(DBeaverLauncher.java:1459)

!ENTRY org.eclipse.ui.workbench 4 2 2024-09-19 14:17:15.693
!MESSAGE Problems occurred when invoking code from plug-in: "org.eclipse.ui.workbench".
!STACK 0
java.lang.NullPointerException: Cannot invoke "java.util.Map.put(Object, Object)" because "this.fAnnotationType2Color" is null
	at org.eclipse.jface.text.source.AnnotationPainter.setAnnotationTypeColor(AnnotationPainter.java:1088)
	at org.eclipse.ui.texteditor.SourceViewerDecorationSupport.showAnnotations(SourceViewerDecorationSupport.java:832)
	at org.eclipse.ui.texteditor.SourceViewerDecorationSupport.handlePreferenceStoreChanged(SourceViewerDecorationSupport.java:599)
	at org.eclipse.ui.preferences.ScopedPreferenceStore$2.run(ScopedPreferenceStore.java:325)
	at org.eclipse.core.runtime.SafeRunner.run(SafeRunner.java:47)
	at org.eclipse.ui.preferences.ScopedPreferenceStore.firePropertyChangeEvent(ScopedPreferenceStore.java:322)
	at org.eclipse.ui.preferences.ScopedPreferenceStore.lambda$0(ScopedPreferenceStore.java:171)
	at org.eclipse.core.internal.preferences.EclipsePreferences.lambda$2(EclipsePreferences.java:828)
	at org.eclipse.core.runtime.SafeRunner.run(SafeRunner.java:47)
	at org.eclipse.core.internal.preferences.EclipsePreferences.firePreferenceEvent(EclipsePreferences.java:828)
	at org.eclipse.core.internal.preferences.EclipsePreferences.remove(EclipsePreferences.java:887)
	at org.eclipse.e4.ui.internal.workbench.swt.PartRenderingEngine$StylingPreferencesHandler.resetOverriddenPreferences(PartRenderingEngine.java:1444)
	at org.eclipse.e4.ui.internal.workbench.swt.PartRenderingEngine$StylingPreferencesHandler.resetOverriddenPreferences(PartRenderingEngine.java:1438)
	at org.eclipse.e4.ui.internal.workbench.swt.PartRenderingEngine$StylingPreferencesHandler.lambda$0(PartRenderingEngine.java:1427)
	at org.eclipse.swt.widgets.EventTable.sendEvent(EventTable.java:91)
	at org.eclipse.swt.widgets.Display.sendEvent(Display.java:4285)
	at org.eclipse.swt.widgets.Display.sendEvent(Display.java:4277)
	at org.eclipse.swt.widgets.Display.release(Display.java:3722)
	at org.eclipse.swt.graphics.Device.dispose(Device.java:335)
	at org.jkiss.dbeaver.ui.app.standalone.DBeaverApplication.start(DBeaverApplication.java:329)
	at org.eclipse.equinox.internal.app.EclipseAppHandle.run(EclipseAppHandle.java:208)
	at org.eclipse.core.runtime.internal.adaptor.EclipseAppLauncher.runApplication(EclipseAppLauncher.java:143)
	at org.eclipse.core.runtime.internal.adaptor.EclipseAppLauncher.start(EclipseAppLauncher.java:109)
	at org.eclipse.core.runtime.adaptor.EclipseStarter.run(EclipseStarter.java:439)
	at org.eclipse.core.runtime.adaptor.EclipseStarter.run(EclipseStarter.java:271)
	at java.base/jdk.internal.reflect.NativeMethodAccessorImpl.invoke0(Native Method)
	at java.base/jdk.internal.reflect.NativeMethodAccessorImpl.invoke(Unknown Source)
	at java.base/jdk.internal.reflect.DelegatingMethodAccessorImpl.invoke(Unknown Source)
	at java.base/java.lang.reflect.Method.invoke(Unknown Source)
	at org.jkiss.dbeaver.launcher.DBeaverLauncher.invokeFramework(DBeaverLauncher.java:648)
	at org.jkiss.dbeaver.launcher.DBeaverLauncher.basicRun(DBeaverLauncher.java:608)
	at org.jkiss.dbeaver.launcher.DBeaverLauncher.run(DBeaverLauncher.java:1459)

!ENTRY org.eclipse.jface 4 0 2024-09-19 14:17:15.693
!MESSAGE 환경 설정 변경 리스너를 인식하지 못하는 오류가 발생했습니다. 자세한 정보는 로그를 확인하십시오.
!STACK 0
java.lang.NullPointerException: Cannot invoke "java.util.Map.put(Object, Object)" because "this.fAnnotationType2Color" is null
	at org.eclipse.jface.text.source.AnnotationPainter.setAnnotationTypeColor(AnnotationPainter.java:1088)
	at org.eclipse.ui.texteditor.SourceViewerDecorationSupport.showAnnotations(SourceViewerDecorationSupport.java:832)
	at org.eclipse.ui.texteditor.SourceViewerDecorationSupport.handlePreferenceStoreChanged(SourceViewerDecorationSupport.java:599)
	at org.eclipse.ui.preferences.ScopedPreferenceStore$2.run(ScopedPreferenceStore.java:325)
	at org.eclipse.core.runtime.SafeRunner.run(SafeRunner.java:47)
	at org.eclipse.ui.preferences.ScopedPreferenceStore.firePropertyChangeEvent(ScopedPreferenceStore.java:322)
	at org.eclipse.ui.preferences.ScopedPreferenceStore.lambda$0(ScopedPreferenceStore.java:171)
	at org.eclipse.core.internal.preferences.EclipsePreferences.lambda$2(EclipsePreferences.java:828)
	at org.eclipse.core.runtime.SafeRunner.run(SafeRunner.java:47)
	at org.eclipse.core.internal.preferences.EclipsePreferences.firePreferenceEvent(EclipsePreferences.java:828)
	at org.eclipse.core.internal.preferences.EclipsePreferences.remove(EclipsePreferences.java:887)
	at org.eclipse.e4.ui.internal.workbench.swt.PartRenderingEngine$StylingPreferencesHandler.resetOverriddenPreferences(PartRenderingEngine.java:1444)
	at org.eclipse.e4.ui.internal.workbench.swt.PartRenderingEngine$StylingPreferencesHandler.resetOverriddenPreferences(PartRenderingEngine.java:1438)
	at org.eclipse.e4.ui.internal.workbench.swt.PartRenderingEngine$StylingPreferencesHandler.lambda$0(PartRenderingEngine.java:1427)
	at org.eclipse.swt.widgets.EventTable.sendEvent(EventTable.java:91)
	at org.eclipse.swt.widgets.Display.sendEvent(Display.java:4285)
	at org.eclipse.swt.widgets.Display.sendEvent(Display.java:4277)
	at org.eclipse.swt.widgets.Display.release(Display.java:3722)
	at org.eclipse.swt.graphics.Device.dispose(Device.java:335)
	at org.jkiss.dbeaver.ui.app.standalone.DBeaverApplication.start(DBeaverApplication.java:329)
	at org.eclipse.equinox.internal.app.EclipseAppHandle.run(EclipseAppHandle.java:208)
	at org.eclipse.core.runtime.internal.adaptor.EclipseAppLauncher.runApplication(EclipseAppLauncher.java:143)
	at org.eclipse.core.runtime.internal.adaptor.EclipseAppLauncher.start(EclipseAppLauncher.java:109)
	at org.eclipse.core.runtime.adaptor.EclipseStarter.run(EclipseStarter.java:439)
	at org.eclipse.core.runtime.adaptor.EclipseStarter.run(EclipseStarter.java:271)
	at java.base/jdk.internal.reflect.NativeMethodAccessorImpl.invoke0(Native Method)
	at java.base/jdk.internal.reflect.NativeMethodAccessorImpl.invoke(Unknown Source)
	at java.base/jdk.internal.reflect.DelegatingMethodAccessorImpl.invoke(Unknown Source)
	at java.base/java.lang.reflect.Method.invoke(Unknown Source)
	at org.jkiss.dbeaver.launcher.DBeaverLauncher.invokeFramework(DBeaverLauncher.java:648)
	at org.jkiss.dbeaver.launcher.DBeaverLauncher.basicRun(DBeaverLauncher.java:608)
	at org.jkiss.dbeaver.launcher.DBeaverLauncher.run(DBeaverLauncher.java:1459)

!ENTRY org.eclipse.ui.workbench 4 2 2024-09-19 14:17:15.694
!MESSAGE Problems occurred when invoking code from plug-in: "org.eclipse.ui.workbench".
!STACK 0
java.lang.NullPointerException: Cannot invoke "java.util.Map.put(Object, Object)" because "this.fAnnotationType2Color" is null
	at org.eclipse.jface.text.source.AnnotationPainter.setAnnotationTypeColor(AnnotationPainter.java:1088)
	at org.eclipse.ui.texteditor.SourceViewerDecorationSupport.showAnnotations(SourceViewerDecorationSupport.java:832)
	at org.eclipse.ui.texteditor.SourceViewerDecorationSupport.handlePreferenceStoreChanged(SourceViewerDecorationSupport.java:599)
	at org.eclipse.ui.preferences.ScopedPreferenceStore$2.run(ScopedPreferenceStore.java:325)
	at org.eclipse.core.runtime.SafeRunner.run(SafeRunner.java:47)
	at org.eclipse.ui.preferences.ScopedPreferenceStore.firePropertyChangeEvent(ScopedPreferenceStore.java:322)
	at org.eclipse.ui.preferences.ScopedPreferenceStore.lambda$0(ScopedPreferenceStore.java:171)
	at org.eclipse.core.internal.preferences.EclipsePreferences.lambda$2(EclipsePreferences.java:828)
	at org.eclipse.core.runtime.SafeRunner.run(SafeRunner.java:47)
	at org.eclipse.core.internal.preferences.EclipsePreferences.firePreferenceEvent(EclipsePreferences.java:828)
	at org.eclipse.core.internal.preferences.EclipsePreferences.remove(EclipsePreferences.java:887)
	at org.eclipse.e4.ui.internal.workbench.swt.PartRenderingEngine$StylingPreferencesHandler.resetOverriddenPreferences(PartRenderingEngine.java:1444)
	at org.eclipse.e4.ui.internal.workbench.swt.PartRenderingEngine$StylingPreferencesHandler.resetOverriddenPreferences(PartRenderingEngine.java:1438)
	at org.eclipse.e4.ui.internal.workbench.swt.PartRenderingEngine$StylingPreferencesHandler.lambda$0(PartRenderingEngine.java:1427)
	at org.eclipse.swt.widgets.EventTable.sendEvent(EventTable.java:91)
	at org.eclipse.swt.widgets.Display.sendEvent(Display.java:4285)
	at org.eclipse.swt.widgets.Display.sendEvent(Display.java:4277)
	at org.eclipse.swt.widgets.Display.release(Display.java:3722)
	at org.eclipse.swt.graphics.Device.dispose(Device.java:335)
	at org.jkiss.dbeaver.ui.app.standalone.DBeaverApplication.start(DBeaverApplication.java:329)
	at org.eclipse.equinox.internal.app.EclipseAppHandle.run(EclipseAppHandle.java:208)
	at org.eclipse.core.runtime.internal.adaptor.EclipseAppLauncher.runApplication(EclipseAppLauncher.java:143)
	at org.eclipse.core.runtime.internal.adaptor.EclipseAppLauncher.start(EclipseAppLauncher.java:109)
	at org.eclipse.core.runtime.adaptor.EclipseStarter.run(EclipseStarter.java:439)
	at org.eclipse.core.runtime.adaptor.EclipseStarter.run(EclipseStarter.java:271)
	at java.base/jdk.internal.reflect.NativeMethodAccessorImpl.invoke0(Native Method)
	at java.base/jdk.internal.reflect.NativeMethodAccessorImpl.invoke(Unknown Source)
	at java.base/jdk.internal.reflect.DelegatingMethodAccessorImpl.invoke(Unknown Source)
	at java.base/java.lang.reflect.Method.invoke(Unknown Source)
	at org.jkiss.dbeaver.launcher.DBeaverLauncher.invokeFramework(DBeaverLauncher.java:648)
	at org.jkiss.dbeaver.launcher.DBeaverLauncher.basicRun(DBeaverLauncher.java:608)
	at org.jkiss.dbeaver.launcher.DBeaverLauncher.run(DBeaverLauncher.java:1459)

!ENTRY org.eclipse.jface 4 0 2024-09-19 14:17:15.694
!MESSAGE 환경 설정 변경 리스너를 인식하지 못하는 오류가 발생했습니다. 자세한 정보는 로그를 확인하십시오.
!STACK 0
java.lang.NullPointerException: Cannot invoke "java.util.Map.put(Object, Object)" because "this.fAnnotationType2Color" is null
	at org.eclipse.jface.text.source.AnnotationPainter.setAnnotationTypeColor(AnnotationPainter.java:1088)
	at org.eclipse.ui.texteditor.SourceViewerDecorationSupport.showAnnotations(SourceViewerDecorationSupport.java:832)
	at org.eclipse.ui.texteditor.SourceViewerDecorationSupport.handlePreferenceStoreChanged(SourceViewerDecorationSupport.java:599)
	at org.eclipse.ui.preferences.ScopedPreferenceStore$2.run(ScopedPreferenceStore.java:325)
	at org.eclipse.core.runtime.SafeRunner.run(SafeRunner.java:47)
	at org.eclipse.ui.preferences.ScopedPreferenceStore.firePropertyChangeEvent(ScopedPreferenceStore.java:322)
	at org.eclipse.ui.preferences.ScopedPreferenceStore.lambda$0(ScopedPreferenceStore.java:171)
	at org.eclipse.core.internal.preferences.EclipsePreferences.lambda$2(EclipsePreferences.java:828)
	at org.eclipse.core.runtime.SafeRunner.run(SafeRunner.java:47)
	at org.eclipse.core.internal.preferences.EclipsePreferences.firePreferenceEvent(EclipsePreferences.java:828)
	at org.eclipse.core.internal.preferences.EclipsePreferences.remove(EclipsePreferences.java:887)
	at org.eclipse.e4.ui.internal.workbench.swt.PartRenderingEngine$StylingPreferencesHandler.resetOverriddenPreferences(PartRenderingEngine.java:1444)
	at org.eclipse.e4.ui.internal.workbench.swt.PartRenderingEngine$StylingPreferencesHandler.resetOverriddenPreferences(PartRenderingEngine.java:1438)
	at org.eclipse.e4.ui.internal.workbench.swt.PartRenderingEngine$StylingPreferencesHandler.lambda$0(PartRenderingEngine.java:1427)
	at org.eclipse.swt.widgets.EventTable.sendEvent(EventTable.java:91)
	at org.eclipse.swt.widgets.Display.sendEvent(Display.java:4285)
	at org.eclipse.swt.widgets.Display.sendEvent(Display.java:4277)
	at org.eclipse.swt.widgets.Display.release(Display.java:3722)
	at org.eclipse.swt.graphics.Device.dispose(Device.java:335)
	at org.jkiss.dbeaver.ui.app.standalone.DBeaverApplication.start(DBeaverApplication.java:329)
	at org.eclipse.equinox.internal.app.EclipseAppHandle.run(EclipseAppHandle.java:208)
	at org.eclipse.core.runtime.internal.adaptor.EclipseAppLauncher.runApplication(EclipseAppLauncher.java:143)
	at org.eclipse.core.runtime.internal.adaptor.EclipseAppLauncher.start(EclipseAppLauncher.java:109)
	at org.eclipse.core.runtime.adaptor.EclipseStarter.run(EclipseStarter.java:439)
	at org.eclipse.core.runtime.adaptor.EclipseStarter.run(EclipseStarter.java:271)
	at java.base/jdk.internal.reflect.NativeMethodAccessorImpl.invoke0(Native Method)
	at java.base/jdk.internal.reflect.NativeMethodAccessorImpl.invoke(Unknown Source)
	at java.base/jdk.internal.reflect.DelegatingMethodAccessorImpl.invoke(Unknown Source)
	at java.base/java.lang.reflect.Method.invoke(Unknown Source)
	at org.jkiss.dbeaver.launcher.DBeaverLauncher.invokeFramework(DBeaverLauncher.java:648)
	at org.jkiss.dbeaver.launcher.DBeaverLauncher.basicRun(DBeaverLauncher.java:608)
	at org.jkiss.dbeaver.launcher.DBeaverLauncher.run(DBeaverLauncher.java:1459)

!ENTRY org.eclipse.ui.workbench 4 2 2024-09-19 14:17:15.694
!MESSAGE Problems occurred when invoking code from plug-in: "org.eclipse.ui.workbench".
!STACK 0
java.lang.NullPointerException: Cannot invoke "java.util.Map.put(Object, Object)" because "this.fAnnotationType2Color" is null
	at org.eclipse.jface.text.source.AnnotationPainter.setAnnotationTypeColor(AnnotationPainter.java:1088)
	at org.eclipse.ui.texteditor.SourceViewerDecorationSupport.handlePreferenceStoreChanged(SourceViewerDecorationSupport.java:588)
	at org.eclipse.ui.preferences.ScopedPreferenceStore$2.run(ScopedPreferenceStore.java:325)
	at org.eclipse.core.runtime.SafeRunner.run(SafeRunner.java:47)
	at org.eclipse.ui.preferences.ScopedPreferenceStore.firePropertyChangeEvent(ScopedPreferenceStore.java:322)
	at org.eclipse.ui.preferences.ScopedPreferenceStore.lambda$0(ScopedPreferenceStore.java:171)
	at org.eclipse.core.internal.preferences.EclipsePreferences.lambda$2(EclipsePreferences.java:828)
	at org.eclipse.core.runtime.SafeRunner.run(SafeRunner.java:47)
	at org.eclipse.core.internal.preferences.EclipsePreferences.firePreferenceEvent(EclipsePreferences.java:828)
	at org.eclipse.core.internal.preferences.EclipsePreferences.remove(EclipsePreferences.java:887)
	at org.eclipse.e4.ui.internal.workbench.swt.PartRenderingEngine$StylingPreferencesHandler.resetOverriddenPreferences(PartRenderingEngine.java:1444)
	at org.eclipse.e4.ui.internal.workbench.swt.PartRenderingEngine$StylingPreferencesHandler.resetOverriddenPreferences(PartRenderingEngine.java:1438)
	at org.eclipse.e4.ui.internal.workbench.swt.PartRenderingEngine$StylingPreferencesHandler.lambda$0(PartRenderingEngine.java:1427)
	at org.eclipse.swt.widgets.EventTable.sendEvent(EventTable.java:91)
	at org.eclipse.swt.widgets.Display.sendEvent(Display.java:4285)
	at org.eclipse.swt.widgets.Display.sendEvent(Display.java:4277)
	at org.eclipse.swt.widgets.Display.release(Display.java:3722)
	at org.eclipse.swt.graphics.Device.dispose(Device.java:335)
	at org.jkiss.dbeaver.ui.app.standalone.DBeaverApplication.start(DBeaverApplication.java:329)
	at org.eclipse.equinox.internal.app.EclipseAppHandle.run(EclipseAppHandle.java:208)
	at org.eclipse.core.runtime.internal.adaptor.EclipseAppLauncher.runApplication(EclipseAppLauncher.java:143)
	at org.eclipse.core.runtime.internal.adaptor.EclipseAppLauncher.start(EclipseAppLauncher.java:109)
	at org.eclipse.core.runtime.adaptor.EclipseStarter.run(EclipseStarter.java:439)
	at org.eclipse.core.runtime.adaptor.EclipseStarter.run(EclipseStarter.java:271)
	at java.base/jdk.internal.reflect.NativeMethodAccessorImpl.invoke0(Native Method)
	at java.base/jdk.internal.reflect.NativeMethodAccessorImpl.invoke(Unknown Source)
	at java.base/jdk.internal.reflect.DelegatingMethodAccessorImpl.invoke(Unknown Source)
	at java.base/java.lang.reflect.Method.invoke(Unknown Source)
	at org.jkiss.dbeaver.launcher.DBeaverLauncher.invokeFramework(DBeaverLauncher.java:648)
	at org.jkiss.dbeaver.launcher.DBeaverLauncher.basicRun(DBeaverLauncher.java:608)
	at org.jkiss.dbeaver.launcher.DBeaverLauncher.run(DBeaverLauncher.java:1459)

!ENTRY org.eclipse.jface 4 0 2024-09-19 14:17:15.695
!MESSAGE 환경 설정 변경 리스너를 인식하지 못하는 오류가 발생했습니다. 자세한 정보는 로그를 확인하십시오.
!STACK 0
java.lang.NullPointerException: Cannot invoke "java.util.Map.put(Object, Object)" because "this.fAnnotationType2Color" is null
	at org.eclipse.jface.text.source.AnnotationPainter.setAnnotationTypeColor(AnnotationPainter.java:1088)
	at org.eclipse.ui.texteditor.SourceViewerDecorationSupport.handlePreferenceStoreChanged(SourceViewerDecorationSupport.java:588)
	at org.eclipse.ui.preferences.ScopedPreferenceStore$2.run(ScopedPreferenceStore.java:325)
	at org.eclipse.core.runtime.SafeRunner.run(SafeRunner.java:47)
	at org.eclipse.ui.preferences.ScopedPreferenceStore.firePropertyChangeEvent(ScopedPreferenceStore.java:322)
	at org.eclipse.ui.preferences.ScopedPreferenceStore.lambda$0(ScopedPreferenceStore.java:171)
	at org.eclipse.core.internal.preferences.EclipsePreferences.lambda$2(EclipsePreferences.java:828)
	at org.eclipse.core.runtime.SafeRunner.run(SafeRunner.java:47)
	at org.eclipse.core.internal.preferences.EclipsePreferences.firePreferenceEvent(EclipsePreferences.java:828)
	at org.eclipse.core.internal.preferences.EclipsePreferences.remove(EclipsePreferences.java:887)
	at org.eclipse.e4.ui.internal.workbench.swt.PartRenderingEngine$StylingPreferencesHandler.resetOverriddenPreferences(PartRenderingEngine.java:1444)
	at org.eclipse.e4.ui.internal.workbench.swt.PartRenderingEngine$StylingPreferencesHandler.resetOverriddenPreferences(PartRenderingEngine.java:1438)
	at org.eclipse.e4.ui.internal.workbench.swt.PartRenderingEngine$StylingPreferencesHandler.lambda$0(PartRenderingEngine.java:1427)
	at org.eclipse.swt.widgets.EventTable.sendEvent(EventTable.java:91)
	at org.eclipse.swt.widgets.Display.sendEvent(Display.java:4285)
	at org.eclipse.swt.widgets.Display.sendEvent(Display.java:4277)
	at org.eclipse.swt.widgets.Display.release(Display.java:3722)
	at org.eclipse.swt.graphics.Device.dispose(Device.java:335)
	at org.jkiss.dbeaver.ui.app.standalone.DBeaverApplication.start(DBeaverApplication.java:329)
	at org.eclipse.equinox.internal.app.EclipseAppHandle.run(EclipseAppHandle.java:208)
	at org.eclipse.core.runtime.internal.adaptor.EclipseAppLauncher.runApplication(EclipseAppLauncher.java:143)
	at org.eclipse.core.runtime.internal.adaptor.EclipseAppLauncher.start(EclipseAppLauncher.java:109)
	at org.eclipse.core.runtime.adaptor.EclipseStarter.run(EclipseStarter.java:439)
	at org.eclipse.core.runtime.adaptor.EclipseStarter.run(EclipseStarter.java:271)
	at java.base/jdk.internal.reflect.NativeMethodAccessorImpl.invoke0(Native Method)
	at java.base/jdk.internal.reflect.NativeMethodAccessorImpl.invoke(Unknown Source)
	at java.base/jdk.internal.reflect.DelegatingMethodAccessorImpl.invoke(Unknown Source)
	at java.base/java.lang.reflect.Method.invoke(Unknown Source)
	at org.jkiss.dbeaver.launcher.DBeaverLauncher.invokeFramework(DBeaverLauncher.java:648)
	at org.jkiss.dbeaver.launcher.DBeaverLauncher.basicRun(DBeaverLauncher.java:608)
	at org.jkiss.dbeaver.launcher.DBeaverLauncher.run(DBeaverLauncher.java:1459)

!ENTRY org.eclipse.ui.workbench 4 2 2024-09-19 14:17:15.695
!MESSAGE Problems occurred when invoking code from plug-in: "org.eclipse.ui.workbench".
!STACK 0
java.lang.NullPointerException: Cannot invoke "java.util.Map.put(Object, Object)" because "this.fAnnotationType2Color" is null
	at org.eclipse.jface.text.source.AnnotationPainter.setAnnotationTypeColor(AnnotationPainter.java:1088)
	at org.eclipse.ui.texteditor.SourceViewerDecorationSupport.handlePreferenceStoreChanged(SourceViewerDecorationSupport.java:588)
	at org.eclipse.ui.preferences.ScopedPreferenceStore$2.run(ScopedPreferenceStore.java:325)
	at org.eclipse.core.runtime.SafeRunner.run(SafeRunner.java:47)
	at org.eclipse.ui.preferences.ScopedPreferenceStore.firePropertyChangeEvent(ScopedPreferenceStore.java:322)
	at org.eclipse.ui.preferences.ScopedPreferenceStore.lambda$0(ScopedPreferenceStore.java:171)
	at org.eclipse.core.internal.preferences.EclipsePreferences.lambda$2(EclipsePreferences.java:828)
	at org.eclipse.core.runtime.SafeRunner.run(SafeRunner.java:47)
	at org.eclipse.core.internal.preferences.EclipsePreferences.firePreferenceEvent(EclipsePreferences.java:828)
	at org.eclipse.core.internal.preferences.EclipsePreferences.remove(EclipsePreferences.java:887)
	at org.eclipse.e4.ui.internal.workbench.swt.PartRenderingEngine$StylingPreferencesHandler.resetOverriddenPreferences(PartRenderingEngine.java:1444)
	at org.eclipse.e4.ui.internal.workbench.swt.PartRenderingEngine$StylingPreferencesHandler.resetOverriddenPreferences(PartRenderingEngine.java:1438)
	at org.eclipse.e4.ui.internal.workbench.swt.PartRenderingEngine$StylingPreferencesHandler.lambda$0(PartRenderingEngine.java:1427)
	at org.eclipse.swt.widgets.EventTable.sendEvent(EventTable.java:91)
	at org.eclipse.swt.widgets.Display.sendEvent(Display.java:4285)
	at org.eclipse.swt.widgets.Display.sendEvent(Display.java:4277)
	at org.eclipse.swt.widgets.Display.release(Display.java:3722)
	at org.eclipse.swt.graphics.Device.dispose(Device.java:335)
	at org.jkiss.dbeaver.ui.app.standalone.DBeaverApplication.start(DBeaverApplication.java:329)
	at org.eclipse.equinox.internal.app.EclipseAppHandle.run(EclipseAppHandle.java:208)
	at org.eclipse.core.runtime.internal.adaptor.EclipseAppLauncher.runApplication(EclipseAppLauncher.java:143)
	at org.eclipse.core.runtime.internal.adaptor.EclipseAppLauncher.start(EclipseAppLauncher.java:109)
	at org.eclipse.core.runtime.adaptor.EclipseStarter.run(EclipseStarter.java:439)
	at org.eclipse.core.runtime.adaptor.EclipseStarter.run(EclipseStarter.java:271)
	at java.base/jdk.internal.reflect.NativeMethodAccessorImpl.invoke0(Native Method)
	at java.base/jdk.internal.reflect.NativeMethodAccessorImpl.invoke(Unknown Source)
	at java.base/jdk.internal.reflect.DelegatingMethodAccessorImpl.invoke(Unknown Source)
	at java.base/java.lang.reflect.Method.invoke(Unknown Source)
	at org.jkiss.dbeaver.launcher.DBeaverLauncher.invokeFramework(DBeaverLauncher.java:648)
	at org.jkiss.dbeaver.launcher.DBeaverLauncher.basicRun(DBeaverLauncher.java:608)
	at org.jkiss.dbeaver.launcher.DBeaverLauncher.run(DBeaverLauncher.java:1459)

!ENTRY org.eclipse.jface 4 0 2024-09-19 14:17:15.696
!MESSAGE 환경 설정 변경 리스너를 인식하지 못하는 오류가 발생했습니다. 자세한 정보는 로그를 확인하십시오.
!STACK 0
java.lang.NullPointerException: Cannot invoke "java.util.Map.put(Object, Object)" because "this.fAnnotationType2Color" is null
	at org.eclipse.jface.text.source.AnnotationPainter.setAnnotationTypeColor(AnnotationPainter.java:1088)
	at org.eclipse.ui.texteditor.SourceViewerDecorationSupport.handlePreferenceStoreChanged(SourceViewerDecorationSupport.java:588)
	at org.eclipse.ui.preferences.ScopedPreferenceStore$2.run(ScopedPreferenceStore.java:325)
	at org.eclipse.core.runtime.SafeRunner.run(SafeRunner.java:47)
	at org.eclipse.ui.preferences.ScopedPreferenceStore.firePropertyChangeEvent(ScopedPreferenceStore.java:322)
	at org.eclipse.ui.preferences.ScopedPreferenceStore.lambda$0(ScopedPreferenceStore.java:171)
	at org.eclipse.core.internal.preferences.EclipsePreferences.lambda$2(EclipsePreferences.java:828)
	at org.eclipse.core.runtime.SafeRunner.run(SafeRunner.java:47)
	at org.eclipse.core.internal.preferences.EclipsePreferences.firePreferenceEvent(EclipsePreferences.java:828)
	at org.eclipse.core.internal.preferences.EclipsePreferences.remove(EclipsePreferences.java:887)
	at org.eclipse.e4.ui.internal.workbench.swt.PartRenderingEngine$StylingPreferencesHandler.resetOverriddenPreferences(PartRenderingEngine.java:1444)
	at org.eclipse.e4.ui.internal.workbench.swt.PartRenderingEngine$StylingPreferencesHandler.resetOverriddenPreferences(PartRenderingEngine.java:1438)
	at org.eclipse.e4.ui.internal.workbench.swt.PartRenderingEngine$StylingPreferencesHandler.lambda$0(PartRenderingEngine.java:1427)
	at org.eclipse.swt.widgets.EventTable.sendEvent(EventTable.java:91)
	at org.eclipse.swt.widgets.Display.sendEvent(Display.java:4285)
	at org.eclipse.swt.widgets.Display.sendEvent(Display.java:4277)
	at org.eclipse.swt.widgets.Display.release(Display.java:3722)
	at org.eclipse.swt.graphics.Device.dispose(Device.java:335)
	at org.jkiss.dbeaver.ui.app.standalone.DBeaverApplication.start(DBeaverApplication.java:329)
	at org.eclipse.equinox.internal.app.EclipseAppHandle.run(EclipseAppHandle.java:208)
	at org.eclipse.core.runtime.internal.adaptor.EclipseAppLauncher.runApplication(EclipseAppLauncher.java:143)
	at org.eclipse.core.runtime.internal.adaptor.EclipseAppLauncher.start(EclipseAppLauncher.java:109)
	at org.eclipse.core.runtime.adaptor.EclipseStarter.run(EclipseStarter.java:439)
	at org.eclipse.core.runtime.adaptor.EclipseStarter.run(EclipseStarter.java:271)
	at java.base/jdk.internal.reflect.NativeMethodAccessorImpl.invoke0(Native Method)
	at java.base/jdk.internal.reflect.NativeMethodAccessorImpl.invoke(Unknown Source)
	at java.base/jdk.internal.reflect.DelegatingMethodAccessorImpl.invoke(Unknown Source)
	at java.base/java.lang.reflect.Method.invoke(Unknown Source)
	at org.jkiss.dbeaver.launcher.DBeaverLauncher.invokeFramework(DBeaverLauncher.java:648)
	at org.jkiss.dbeaver.launcher.DBeaverLauncher.basicRun(DBeaverLauncher.java:608)
	at org.jkiss.dbeaver.launcher.DBeaverLauncher.run(DBeaverLauncher.java:1459)

!ENTRY org.eclipse.ui.workbench 4 2 2024-09-19 14:17:15.696
!MESSAGE Problems occurred when invoking code from plug-in: "org.eclipse.ui.workbench".
!STACK 0
java.lang.NullPointerException: Cannot invoke "java.util.Map.put(Object, Object)" because "this.fAnnotationType2Color" is null
	at org.eclipse.jface.text.source.AnnotationPainter.setAnnotationTypeColor(AnnotationPainter.java:1088)
	at org.eclipse.ui.texteditor.SourceViewerDecorationSupport.handlePreferenceStoreChanged(SourceViewerDecorationSupport.java:588)
	at org.eclipse.ui.preferences.ScopedPreferenceStore$2.run(ScopedPreferenceStore.java:325)
	at org.eclipse.core.runtime.SafeRunner.run(SafeRunner.java:47)
	at org.eclipse.ui.preferences.ScopedPreferenceStore.firePropertyChangeEvent(ScopedPreferenceStore.java:322)
	at org.eclipse.ui.preferences.ScopedPreferenceStore.lambda$0(ScopedPreferenceStore.java:171)
	at org.eclipse.core.internal.preferences.EclipsePreferences.lambda$2(EclipsePreferences.java:828)
	at org.eclipse.core.runtime.SafeRunner.run(SafeRunner.java:47)
	at org.eclipse.core.internal.preferences.EclipsePreferences.firePreferenceEvent(EclipsePreferences.java:828)
	at org.eclipse.core.internal.preferences.EclipsePreferences.remove(EclipsePreferences.java:887)
	at org.eclipse.e4.ui.internal.workbench.swt.PartRenderingEngine$StylingPreferencesHandler.resetOverriddenPreferences(PartRenderingEngine.java:1444)
	at org.eclipse.e4.ui.internal.workbench.swt.PartRenderingEngine$StylingPreferencesHandler.resetOverriddenPreferences(PartRenderingEngine.java:1438)
	at org.eclipse.e4.ui.internal.workbench.swt.PartRenderingEngine$StylingPreferencesHandler.lambda$0(PartRenderingEngine.java:1427)
	at org.eclipse.swt.widgets.EventTable.sendEvent(EventTable.java:91)
	at org.eclipse.swt.widgets.Display.sendEvent(Display.java:4285)
	at org.eclipse.swt.widgets.Display.sendEvent(Display.java:4277)
	at org.eclipse.swt.widgets.Display.release(Display.java:3722)
	at org.eclipse.swt.graphics.Device.dispose(Device.java:335)
	at org.jkiss.dbeaver.ui.app.standalone.DBeaverApplication.start(DBeaverApplication.java:329)
	at org.eclipse.equinox.internal.app.EclipseAppHandle.run(EclipseAppHandle.java:208)
	at org.eclipse.core.runtime.internal.adaptor.EclipseAppLauncher.runApplication(EclipseAppLauncher.java:143)
	at org.eclipse.core.runtime.internal.adaptor.EclipseAppLauncher.start(EclipseAppLauncher.java:109)
	at org.eclipse.core.runtime.adaptor.EclipseStarter.run(EclipseStarter.java:439)
	at org.eclipse.core.runtime.adaptor.EclipseStarter.run(EclipseStarter.java:271)
	at java.base/jdk.internal.reflect.NativeMethodAccessorImpl.invoke0(Native Method)
	at java.base/jdk.internal.reflect.NativeMethodAccessorImpl.invoke(Unknown Source)
	at java.base/jdk.internal.reflect.DelegatingMethodAccessorImpl.invoke(Unknown Source)
	at java.base/java.lang.reflect.Method.invoke(Unknown Source)
	at org.jkiss.dbeaver.launcher.DBeaverLauncher.invokeFramework(DBeaverLauncher.java:648)
	at org.jkiss.dbeaver.launcher.DBeaverLauncher.basicRun(DBeaverLauncher.java:608)
	at org.jkiss.dbeaver.launcher.DBeaverLauncher.run(DBeaverLauncher.java:1459)

!ENTRY org.eclipse.jface 4 0 2024-09-19 14:17:15.696
!MESSAGE 환경 설정 변경 리스너를 인식하지 못하는 오류가 발생했습니다. 자세한 정보는 로그를 확인하십시오.
!STACK 0
java.lang.NullPointerException: Cannot invoke "java.util.Map.put(Object, Object)" because "this.fAnnotationType2Color" is null
	at org.eclipse.jface.text.source.AnnotationPainter.setAnnotationTypeColor(AnnotationPainter.java:1088)
	at org.eclipse.ui.texteditor.SourceViewerDecorationSupport.handlePreferenceStoreChanged(SourceViewerDecorationSupport.java:588)
	at org.eclipse.ui.preferences.ScopedPreferenceStore$2.run(ScopedPreferenceStore.java:325)
	at org.eclipse.core.runtime.SafeRunner.run(SafeRunner.java:47)
	at org.eclipse.ui.preferences.ScopedPreferenceStore.firePropertyChangeEvent(ScopedPreferenceStore.java:322)
	at org.eclipse.ui.preferences.ScopedPreferenceStore.lambda$0(ScopedPreferenceStore.java:171)
	at org.eclipse.core.internal.preferences.EclipsePreferences.lambda$2(EclipsePreferences.java:828)
	at org.eclipse.core.runtime.SafeRunner.run(SafeRunner.java:47)
	at org.eclipse.core.internal.preferences.EclipsePreferences.firePreferenceEvent(EclipsePreferences.java:828)
	at org.eclipse.core.internal.preferences.EclipsePreferences.remove(EclipsePreferences.java:887)
	at org.eclipse.e4.ui.internal.workbench.swt.PartRenderingEngine$StylingPreferencesHandler.resetOverriddenPreferences(PartRenderingEngine.java:1444)
	at org.eclipse.e4.ui.internal.workbench.swt.PartRenderingEngine$StylingPreferencesHandler.resetOverriddenPreferences(PartRenderingEngine.java:1438)
	at org.eclipse.e4.ui.internal.workbench.swt.PartRenderingEngine$StylingPreferencesHandler.lambda$0(PartRenderingEngine.java:1427)
	at org.eclipse.swt.widgets.EventTable.sendEvent(EventTable.java:91)
	at org.eclipse.swt.widgets.Display.sendEvent(Display.java:4285)
	at org.eclipse.swt.widgets.Display.sendEvent(Display.java:4277)
	at org.eclipse.swt.widgets.Display.release(Display.java:3722)
	at org.eclipse.swt.graphics.Device.dispose(Device.java:335)
	at org.jkiss.dbeaver.ui.app.standalone.DBeaverApplication.start(DBeaverApplication.java:329)
	at org.eclipse.equinox.internal.app.EclipseAppHandle.run(EclipseAppHandle.java:208)
	at org.eclipse.core.runtime.internal.adaptor.EclipseAppLauncher.runApplication(EclipseAppLauncher.java:143)
	at org.eclipse.core.runtime.internal.adaptor.EclipseAppLauncher.start(EclipseAppLauncher.java:109)
	at org.eclipse.core.runtime.adaptor.EclipseStarter.run(EclipseStarter.java:439)
	at org.eclipse.core.runtime.adaptor.EclipseStarter.run(EclipseStarter.java:271)
	at java.base/jdk.internal.reflect.NativeMethodAccessorImpl.invoke0(Native Method)
	at java.base/jdk.internal.reflect.NativeMethodAccessorImpl.invoke(Unknown Source)
	at java.base/jdk.internal.reflect.DelegatingMethodAccessorImpl.invoke(Unknown Source)
	at java.base/java.lang.reflect.Method.invoke(Unknown Source)
	at org.jkiss.dbeaver.launcher.DBeaverLauncher.invokeFramework(DBeaverLauncher.java:648)
	at org.jkiss.dbeaver.launcher.DBeaverLauncher.basicRun(DBeaverLauncher.java:608)
	at org.jkiss.dbeaver.launcher.DBeaverLauncher.run(DBeaverLauncher.java:1459)

!ENTRY org.eclipse.ui.workbench 4 2 2024-09-19 14:17:15.697
!MESSAGE Problems occurred when invoking code from plug-in: "org.eclipse.ui.workbench".
!STACK 0
java.lang.NullPointerException: Cannot invoke "java.util.Map.put(Object, Object)" because "this.fAnnotationType2Color" is null
	at org.eclipse.jface.text.source.AnnotationPainter.setAnnotationTypeColor(AnnotationPainter.java:1088)
	at org.eclipse.ui.texteditor.SourceViewerDecorationSupport.handlePreferenceStoreChanged(SourceViewerDecorationSupport.java:588)
	at org.eclipse.ui.preferences.ScopedPreferenceStore$2.run(ScopedPreferenceStore.java:325)
	at org.eclipse.core.runtime.SafeRunner.run(SafeRunner.java:47)
	at org.eclipse.ui.preferences.ScopedPreferenceStore.firePropertyChangeEvent(ScopedPreferenceStore.java:322)
	at org.eclipse.ui.preferences.ScopedPreferenceStore.lambda$0(ScopedPreferenceStore.java:171)
	at org.eclipse.core.internal.preferences.EclipsePreferences.lambda$2(EclipsePreferences.java:828)
	at org.eclipse.core.runtime.SafeRunner.run(SafeRunner.java:47)
	at org.eclipse.core.internal.preferences.EclipsePreferences.firePreferenceEvent(EclipsePreferences.java:828)
	at org.eclipse.core.internal.preferences.EclipsePreferences.remove(EclipsePreferences.java:887)
	at org.eclipse.e4.ui.internal.workbench.swt.PartRenderingEngine$StylingPreferencesHandler.resetOverriddenPreferences(PartRenderingEngine.java:1444)
	at org.eclipse.e4.ui.internal.workbench.swt.PartRenderingEngine$StylingPreferencesHandler.resetOverriddenPreferences(PartRenderingEngine.java:1438)
	at org.eclipse.e4.ui.internal.workbench.swt.PartRenderingEngine$StylingPreferencesHandler.lambda$0(PartRenderingEngine.java:1427)
	at org.eclipse.swt.widgets.EventTable.sendEvent(EventTable.java:91)
	at org.eclipse.swt.widgets.Display.sendEvent(Display.java:4285)
	at org.eclipse.swt.widgets.Display.sendEvent(Display.java:4277)
	at org.eclipse.swt.widgets.Display.release(Display.java:3722)
	at org.eclipse.swt.graphics.Device.dispose(Device.java:335)
	at org.jkiss.dbeaver.ui.app.standalone.DBeaverApplication.start(DBeaverApplication.java:329)
	at org.eclipse.equinox.internal.app.EclipseAppHandle.run(EclipseAppHandle.java:208)
	at org.eclipse.core.runtime.internal.adaptor.EclipseAppLauncher.runApplication(EclipseAppLauncher.java:143)
	at org.eclipse.core.runtime.internal.adaptor.EclipseAppLauncher.start(EclipseAppLauncher.java:109)
	at org.eclipse.core.runtime.adaptor.EclipseStarter.run(EclipseStarter.java:439)
	at org.eclipse.core.runtime.adaptor.EclipseStarter.run(EclipseStarter.java:271)
	at java.base/jdk.internal.reflect.NativeMethodAccessorImpl.invoke0(Native Method)
	at java.base/jdk.internal.reflect.NativeMethodAccessorImpl.invoke(Unknown Source)
	at java.base/jdk.internal.reflect.DelegatingMethodAccessorImpl.invoke(Unknown Source)
	at java.base/java.lang.reflect.Method.invoke(Unknown Source)
	at org.jkiss.dbeaver.launcher.DBeaverLauncher.invokeFramework(DBeaverLauncher.java:648)
	at org.jkiss.dbeaver.launcher.DBeaverLauncher.basicRun(DBeaverLauncher.java:608)
	at org.jkiss.dbeaver.launcher.DBeaverLauncher.run(DBeaverLauncher.java:1459)

!ENTRY org.eclipse.jface 4 0 2024-09-19 14:17:15.697
!MESSAGE 환경 설정 변경 리스너를 인식하지 못하는 오류가 발생했습니다. 자세한 정보는 로그를 확인하십시오.
!STACK 0
java.lang.NullPointerException: Cannot invoke "java.util.Map.put(Object, Object)" because "this.fAnnotationType2Color" is null
	at org.eclipse.jface.text.source.AnnotationPainter.setAnnotationTypeColor(AnnotationPainter.java:1088)
	at org.eclipse.ui.texteditor.SourceViewerDecorationSupport.handlePreferenceStoreChanged(SourceViewerDecorationSupport.java:588)
	at org.eclipse.ui.preferences.ScopedPreferenceStore$2.run(ScopedPreferenceStore.java:325)
	at org.eclipse.core.runtime.SafeRunner.run(SafeRunner.java:47)
	at org.eclipse.ui.preferences.ScopedPreferenceStore.firePropertyChangeEvent(ScopedPreferenceStore.java:322)
	at org.eclipse.ui.preferences.ScopedPreferenceStore.lambda$0(ScopedPreferenceStore.java:171)
	at org.eclipse.core.internal.preferences.EclipsePreferences.lambda$2(EclipsePreferences.java:828)
	at org.eclipse.core.runtime.SafeRunner.run(SafeRunner.java:47)
	at org.eclipse.core.internal.preferences.EclipsePreferences.firePreferenceEvent(EclipsePreferences.java:828)
	at org.eclipse.core.internal.preferences.EclipsePreferences.remove(EclipsePreferences.java:887)
	at org.eclipse.e4.ui.internal.workbench.swt.PartRenderingEngine$StylingPreferencesHandler.resetOverriddenPreferences(PartRenderingEngine.java:1444)
	at org.eclipse.e4.ui.internal.workbench.swt.PartRenderingEngine$StylingPreferencesHandler.resetOverriddenPreferences(PartRenderingEngine.java:1438)
	at org.eclipse.e4.ui.internal.workbench.swt.PartRenderingEngine$StylingPreferencesHandler.lambda$0(PartRenderingEngine.java:1427)
	at org.eclipse.swt.widgets.EventTable.sendEvent(EventTable.java:91)
	at org.eclipse.swt.widgets.Display.sendEvent(Display.java:4285)
	at org.eclipse.swt.widgets.Display.sendEvent(Display.java:4277)
	at org.eclipse.swt.widgets.Display.release(Display.java:3722)
	at org.eclipse.swt.graphics.Device.dispose(Device.java:335)
	at org.jkiss.dbeaver.ui.app.standalone.DBeaverApplication.start(DBeaverApplication.java:329)
	at org.eclipse.equinox.internal.app.EclipseAppHandle.run(EclipseAppHandle.java:208)
	at org.eclipse.core.runtime.internal.adaptor.EclipseAppLauncher.runApplication(EclipseAppLauncher.java:143)
	at org.eclipse.core.runtime.internal.adaptor.EclipseAppLauncher.start(EclipseAppLauncher.java:109)
	at org.eclipse.core.runtime.adaptor.EclipseStarter.run(EclipseStarter.java:439)
	at org.eclipse.core.runtime.adaptor.EclipseStarter.run(EclipseStarter.java:271)
	at java.base/jdk.internal.reflect.NativeMethodAccessorImpl.invoke0(Native Method)
	at java.base/jdk.internal.reflect.NativeMethodAccessorImpl.invoke(Unknown Source)
	at java.base/jdk.internal.reflect.DelegatingMethodAccessorImpl.invoke(Unknown Source)
	at java.base/java.lang.reflect.Method.invoke(Unknown Source)
	at org.jkiss.dbeaver.launcher.DBeaverLauncher.invokeFramework(DBeaverLauncher.java:648)
	at org.jkiss.dbeaver.launcher.DBeaverLauncher.basicRun(DBeaverLauncher.java:608)
	at org.jkiss.dbeaver.launcher.DBeaverLauncher.run(DBeaverLauncher.java:1459)

!ENTRY org.jkiss.dbeaver.model 2 0 2024-09-19 14:17:16.563
!MESSAGE Some data source listeners are still registered: org.jkiss.dbeaver.ui.editors.sql.SQLEditor:org.jkiss.dbeaver.ui.editors.sql.SQLEditor@5ad13be4
!SESSION 2024-09-19 16:17:44.383 -----------------------------------------------
eclipse.buildId=unknown
java.version=17.0.6
java.vendor=Eclipse Adoptium
BootLoader constants: OS=win32, ARCH=x86_64, WS=win32, NL=ko
Framework arguments:  -eclipse.keyring C:\Users\soldesk\AppData\Roaming\DBeaverData\secure\secure_storage
Command-line arguments:  -os win32 -ws win32 -arch x86_64

!ENTRY org.eclipse.ui 2 2 2024-09-19 16:18:00.718
!MESSAGE Invalid preference category path: org.eclipse.debug.ui.ConsolePreferencePage (bundle: org.eclipse.ui.console, page: org.eclipse.ui.internal.console.ansi.preferences.AnsiConsolePreferencePage)
!SESSION 2024-09-20 09:17:03.347 -----------------------------------------------
eclipse.buildId=unknown
java.version=17.0.6
java.vendor=Eclipse Adoptium
BootLoader constants: OS=win32, ARCH=x86_64, WS=win32, NL=ko
Framework arguments:  -eclipse.keyring C:\Users\soldesk\AppData\Roaming\DBeaverData\secure\secure_storage
Command-line arguments:  -os win32 -ws win32 -arch x86_64

!ENTRY org.eclipse.ui 2 2 2024-09-20 09:17:20.433
!MESSAGE Invalid preference category path: org.eclipse.debug.ui.ConsolePreferencePage (bundle: org.eclipse.ui.console, page: org.eclipse.ui.internal.console.ansi.preferences.AnsiConsolePreferencePage)

!ENTRY org.jkiss.dbeaver.model 4 0 2024-09-20 09:17:37.532
!MESSAGE Can't set datasource for input org.eclipse.ui.ide.FileStoreEditorInput@7e75edaf

!ENTRY org.jkiss.dbeaver.model 4 0 2024-09-20 09:17:37.931
!MESSAGE Can't set datasource for input org.eclipse.ui.ide.FileStoreEditorInput@7e75edaf

!ENTRY org.jkiss.dbeaver.model 4 0 2024-09-20 09:17:37.955
!MESSAGE Can't set datasource for input org.eclipse.ui.ide.FileStoreEditorInput@7e75edaf

!ENTRY org.jkiss.dbeaver.model 4 0 2024-09-20 09:17:38.134
!MESSAGE Can't set datasource for input org.eclipse.ui.ide.FileStoreEditorInput@7e75edaf

!ENTRY org.jkiss.dbeaver.model 4 0 2024-09-20 09:17:39.908
!MESSAGE Can't set datasource for input org.eclipse.ui.ide.FileStoreEditorInput@7e75edaf

!ENTRY org.jkiss.dbeaver.model 4 0 2024-09-20 09:19:48.977
!MESSAGE Can't set datasource for input org.eclipse.ui.ide.FileStoreEditorInput@7e75edaf

!ENTRY org.jkiss.dbeaver.model 4 0 2024-09-20 09:19:49.260
!MESSAGE Can't set datasource for input org.eclipse.ui.ide.FileStoreEditorInput@7e75edaf

!ENTRY org.jkiss.dbeaver.model 4 0 2024-09-20 09:19:49.323
!MESSAGE Can't set datasource for input org.eclipse.ui.ide.FileStoreEditorInput@7e75edaf

!ENTRY org.jkiss.dbeaver.model 4 0 2024-09-20 09:19:49.373
!MESSAGE Can't set datasource for input org.eclipse.ui.ide.FileStoreEditorInput@7e75edaf

!ENTRY org.jkiss.dbeaver.model 2 0 2024-09-20 09:20:06.472
!MESSAGE Datasource user 'org.jkiss.dbeaver.ui.editors.sql.SQLEditor@708378cc' already registered in datasource 'orderpass'

!ENTRY org.jkiss.dbeaver.model 2 0 2024-09-20 09:20:14.390
!MESSAGE Some data source listeners are still registered: org.jkiss.dbeaver.ui.editors.sql.SQLEditor:org.jkiss.dbeaver.ui.editors.sql.SQLEditor@708378cc
!SESSION 2024-09-20 10:20:51.255 -----------------------------------------------
eclipse.buildId=unknown
java.version=17.0.6
java.vendor=Eclipse Adoptium
BootLoader constants: OS=win32, ARCH=x86_64, WS=win32, NL=ko
Framework arguments:  -eclipse.keyring C:\Users\soldesk\AppData\Roaming\DBeaverData\secure\secure_storage
Command-line arguments:  -os win32 -ws win32 -arch x86_64

!ENTRY org.eclipse.ui 2 2 2024-09-20 10:20:56.429
!MESSAGE Invalid preference category path: org.eclipse.debug.ui.ConsolePreferencePage (bundle: org.eclipse.ui.console, page: org.eclipse.ui.internal.console.ansi.preferences.AnsiConsolePreferencePage)
!SESSION 2024-09-20 11:31:11.295 -----------------------------------------------
eclipse.buildId=unknown
java.version=17.0.6
java.vendor=Eclipse Adoptium
BootLoader constants: OS=win32, ARCH=x86_64, WS=win32, NL=ko
Framework arguments:  -eclipse.keyring C:\Users\soldesk\AppData\Roaming\DBeaverData\secure\secure_storage
Command-line arguments:  -os win32 -ws win32 -arch x86_64

!ENTRY org.eclipse.ui 2 2 2024-09-20 11:31:27.460
!MESSAGE Invalid preference category path: org.eclipse.debug.ui.ConsolePreferencePage (bundle: org.eclipse.ui.console, page: org.eclipse.ui.internal.console.ansi.preferences.AnsiConsolePreferencePage)
!SESSION 2024-09-24 09:13:27.959 -----------------------------------------------
eclipse.buildId=unknown
java.version=17.0.6
java.vendor=Eclipse Adoptium
BootLoader constants: OS=win32, ARCH=x86_64, WS=win32, NL=ko
Framework arguments:  -eclipse.keyring C:\Users\soldesk\AppData\Roaming\DBeaverData\secure\secure_storage
Command-line arguments:  -os win32 -ws win32 -arch x86_64

!ENTRY org.eclipse.ui 2 2 2024-09-24 09:13:46.930
!MESSAGE Invalid preference category path: org.eclipse.debug.ui.ConsolePreferencePage (bundle: org.eclipse.ui.console, page: org.eclipse.ui.internal.console.ansi.preferences.AnsiConsolePreferencePage)
!SESSION 2024-09-24 09:15:09.190 -----------------------------------------------
eclipse.buildId=unknown
java.version=17.0.6
java.vendor=Eclipse Adoptium
BootLoader constants: OS=win32, ARCH=x86_64, WS=win32, NL=ko
Framework arguments:  -eclipse.keyring C:\Users\soldesk\AppData\Roaming\DBeaverData\secure\secure_storage
Command-line arguments:  -os win32 -ws win32 -arch x86_64

!ENTRY org.eclipse.ui 2 2 2024-09-24 09:15:29.812
!MESSAGE Invalid preference category path: org.eclipse.debug.ui.ConsolePreferencePage (bundle: org.eclipse.ui.console, page: org.eclipse.ui.internal.console.ansi.preferences.AnsiConsolePreferencePage)

!ENTRY org.jkiss.dbeaver.model 4 0 2024-09-24 09:15:48.888
!MESSAGE Can't set datasource for input org.eclipse.ui.ide.FileStoreEditorInput@290e59bb

!ENTRY org.jkiss.dbeaver.model 4 0 2024-09-24 09:15:49.274
!MESSAGE Can't set datasource for input org.eclipse.ui.ide.FileStoreEditorInput@290e59bb

!ENTRY org.jkiss.dbeaver.model 4 0 2024-09-24 09:15:49.284
!MESSAGE Can't set datasource for input org.eclipse.ui.ide.FileStoreEditorInput@290e59bb

!ENTRY org.jkiss.dbeaver.model 4 0 2024-09-24 09:15:49.508
!MESSAGE Can't set datasource for input org.eclipse.ui.ide.FileStoreEditorInput@290e59bb

!ENTRY org.jkiss.dbeaver.model 2 0 2024-09-24 09:17:18.722
!MESSAGE SWT resource leak detected
!SUBENTRY 1 org.jkiss.dbeaver.model 2 0 2024-09-24 09:17:18.722
!MESSAGE SWT Resource was not properly disposed
!STACK 0
java.lang.Error: SWT Resource was not properly disposed
	at org.eclipse.swt.graphics.Resource.initNonDisposeTracking(Resource.java:172)
	at org.eclipse.swt.graphics.Resource.<init>(Resource.java:120)
	at org.eclipse.swt.graphics.Image.<init>(Image.java:251)
	at org.jkiss.dbeaver.ui.editors.sql.SQLEditor.refreshEditorIconAndTitle(SQLEditor.java:3071)
	at org.jkiss.dbeaver.ui.editors.sql.SQLEditor.onDataSourceChange(SQLEditor.java:2984)
	at org.jkiss.dbeaver.ui.editors.sql.SQLEditor.onDataSourceChange(SQLEditor.java:2957)
	at org.eclipse.swt.widgets.Synchronizer.syncExec(Synchronizer.java:183)
	at org.eclipse.ui.internal.UISynchronizer.syncExec(UISynchronizer.java:133)
	at org.eclipse.swt.widgets.Display.syncExec(Display.java:4855)
	at org.jkiss.dbeaver.ui.UIUtils.syncExec(UIUtils.java:2046)
	at org.jkiss.dbeaver.ui.editors.sql.SQLEditor.fireDataSourceChange(SQLEditor.java:2953)
	at org.jkiss.dbeaver.ui.editors.sql.SQLEditor.setDataSourceContainer(SQLEditor.java:478)
	at org.jkiss.dbeaver.ui.editors.sql.SQLEditor.updateDataSourceContainer(SQLEditor.java:508)
	at org.jkiss.dbeaver.ui.editors.sql.SQLEditor.doSave(SQLEditor.java:3291)
	at org.eclipse.ui.texteditor.AbstractTextEditor$TextEditorSavable.doSave(AbstractTextEditor.java:7237)
	at org.eclipse.ui.Saveable.doSave(Saveable.java:213)
	at org.eclipse.ui.internal.SaveableHelper.doSaveModel(SaveableHelper.java:317)
	at org.eclipse.ui.internal.SaveableHelper.lambda$1(SaveableHelper.java:195)
	at org.eclipse.ui.internal.SaveableHelper.lambda$3(SaveableHelper.java:261)
	at org.eclipse.jface.operation.ModalContext.runInCurrentThread(ModalContext.java:434)
	at org.eclipse.jface.operation.ModalContext.run(ModalContext.java:354)
	at org.eclipse.ui.internal.WorkbenchWindow.lambda$7(WorkbenchWindow.java:2341)
	at org.eclipse.swt.custom.BusyIndicator.showWhile(BusyIndicator.java:67)
	at org.eclipse.ui.internal.WorkbenchWindow.run(WorkbenchWindow.java:2338)
	at org.eclipse.ui.internal.SaveableHelper.runProgressMonitorOperation(SaveableHelper.java:268)
	at org.eclipse.ui.internal.SaveableHelper.saveModels(SaveableHelper.java:206)
	at org.eclipse.ui.internal.SaveableHelper.savePart(SaveableHelper.java:150)
	at org.eclipse.ui.internal.WorkbenchPage.saveSaveable(WorkbenchPage.java:3819)
	at org.eclipse.ui.internal.WorkbenchPage.saveEditor(WorkbenchPage.java:3832)
	at org.eclipse.ui.internal.handlers.SaveHandler.execute(SaveHandler.java:81)
	at org.eclipse.ui.internal.handlers.HandlerProxy.execute(HandlerProxy.java:277)
	at org.eclipse.ui.internal.handlers.E4HandlerProxy.execute(E4HandlerProxy.java:98)
	at java.base/jdk.internal.reflect.NativeMethodAccessorImpl.invoke0(Native Method)
	at java.base/jdk.internal.reflect.NativeMethodAccessorImpl.invoke(Unknown Source)
	at java.base/jdk.internal.reflect.DelegatingMethodAccessorImpl.invoke(Unknown Source)
	at java.base/java.lang.reflect.Method.invoke(Unknown Source)
	at org.eclipse.e4.core.internal.di.MethodRequestor.execute(MethodRequestor.java:56)
	at org.eclipse.e4.core.internal.di.InjectorImpl.invokeUsingClass(InjectorImpl.java:299)
	at org.eclipse.e4.core.internal.di.InjectorImpl.invoke(InjectorImpl.java:233)
	at org.eclipse.e4.core.contexts.ContextInjectionFactory.invoke(ContextInjectionFactory.java:174)
	at org.eclipse.e4.core.commands.internal.HandlerServiceHandler.execute(HandlerServiceHandler.java:165)
	at org.eclipse.core.commands.Command.executeWithChecks(Command.java:488)
	at org.eclipse.core.commands.ParameterizedCommand.executeWithChecks(ParameterizedCommand.java:485)
	at org.eclipse.e4.core.commands.internal.HandlerServiceImpl.executeHandler(HandlerServiceImpl.java:204)
	at org.eclipse.e4.ui.bindings.keys.KeyBindingDispatcher.executeCommand(KeyBindingDispatcher.java:308)
	at org.eclipse.e4.ui.bindings.keys.KeyBindingDispatcher.press(KeyBindingDispatcher.java:569)
	at org.eclipse.e4.ui.bindings.keys.KeyBindingDispatcher.processKeyEvent(KeyBindingDispatcher.java:644)
	at org.eclipse.e4.ui.bindings.keys.KeyBindingDispatcher.filterKeySequenceBindings(KeyBindingDispatcher.java:439)
	at org.eclipse.e4.ui.bindings.keys.KeyBindingDispatcher$KeyDownFilter.handleEvent(KeyBindingDispatcher.java:96)
	at org.eclipse.swt.widgets.EventTable.sendEvent(EventTable.java:91)
	at org.eclipse.swt.widgets.Display.filterEvent(Display.java:1319)
	at org.eclipse.swt.widgets.Widget.sendEvent(Widget.java:1173)
	at org.eclipse.swt.widgets.Widget.sendEvent(Widget.java:1198)
	at org.eclipse.swt.widgets.Widget.sendEvent(Widget.java:1183)
	at org.eclipse.swt.widgets.Widget.sendKeyEvent(Widget.java:1225)
	at org.eclipse.swt.widgets.Widget.sendKeyEvent(Widget.java:1221)
	at org.eclipse.swt.widgets.Widget.wmChar(Widget.java:1704)
	at org.eclipse.swt.widgets.Control.WM_CHAR(Control.java:4849)
	at org.eclipse.swt.widgets.Canvas.WM_CHAR(Canvas.java:347)
	at org.eclipse.swt.widgets.Control.windowProc(Control.java:4727)
	at org.eclipse.swt.widgets.Canvas.windowProc(Canvas.java:342)
	at org.eclipse.swt.widgets.Display.windowProc(Display.java:5091)
	at org.eclipse.swt.internal.win32.OS.DispatchMessage(Native Method)
	at org.eclipse.swt.widgets.Display.readAndDispatch(Display.java:3710)
	at org.eclipse.e4.ui.internal.workbench.swt.PartRenderingEngine$5.run(PartRenderingEngine.java:1151)
	at org.eclipse.core.databinding.observable.Realm.runWithDefault(Realm.java:339)
	at org.eclipse.e4.ui.internal.workbench.swt.PartRenderingEngine.run(PartRenderingEngine.java:1042)
	at org.eclipse.e4.ui.internal.workbench.E4Workbench.createAndRunUI(E4Workbench.java:153)
	at org.eclipse.ui.internal.Workbench.lambda$3(Workbench.java:639)
	at org.eclipse.core.databinding.observable.Realm.runWithDefault(Realm.java:339)
	at org.eclipse.ui.internal.Workbench.createAndRunWorkbench(Workbench.java:546)
	at org.eclipse.ui.PlatformUI.createAndRunWorkbench(PlatformUI.java:173)
	at org.jkiss.dbeaver.ui.app.standalone.DBeaverApplication.start(DBeaverApplication.java:293)
	at org.eclipse.equinox.internal.app.EclipseAppHandle.run(EclipseAppHandle.java:208)
	at org.eclipse.core.runtime.internal.adaptor.EclipseAppLauncher.runApplication(EclipseAppLauncher.java:143)
	at org.eclipse.core.runtime.internal.adaptor.EclipseAppLauncher.start(EclipseAppLauncher.java:109)
	at org.eclipse.core.runtime.adaptor.EclipseStarter.run(EclipseStarter.java:439)
	at org.eclipse.core.runtime.adaptor.EclipseStarter.run(EclipseStarter.java:271)
	at java.base/jdk.internal.reflect.NativeMethodAccessorImpl.invoke0(Native Method)
	at java.base/jdk.internal.reflect.NativeMethodAccessorImpl.invoke(Unknown Source)
	at java.base/jdk.internal.reflect.DelegatingMethodAccessorImpl.invoke(Unknown Source)
	at java.base/java.lang.reflect.Method.invoke(Unknown Source)
	at org.jkiss.dbeaver.launcher.DBeaverLauncher.invokeFramework(DBeaverLauncher.java:650)
	at org.jkiss.dbeaver.launcher.DBeaverLauncher.basicRun(DBeaverLauncher.java:610)
	at org.jkiss.dbeaver.launcher.DBeaverLauncher.run(DBeaverLauncher.java:1461)
!SESSION 2024-09-24 09:17:19.014 -----------------------------------------------
eclipse.buildId=unknown
java.version=17.0.6
java.vendor=Eclipse Adoptium
BootLoader constants: OS=win32, ARCH=x86_64, WS=win32, NL=ko
Framework arguments:  -eclipse.keyring C:\Users\soldesk\AppData\Roaming\DBeaverData\secure\secure_storage
Command-line arguments:  -os win32 -ws win32 -arch x86_64

!ENTRY org.eclipse.ui 2 2 2024-09-24 09:17:24.210
!MESSAGE Invalid preference category path: org.eclipse.debug.ui.ConsolePreferencePage (bundle: org.eclipse.ui.console, page: org.eclipse.ui.internal.console.ansi.preferences.AnsiConsolePreferencePage)
